Datetime (UTC),Country,Zone name,Zone id,Carbon intensity gCO₂eq/kWh (direct),Carbon intensity gCO₂eq/kWh (Life cycle),Carbon-free energy percentage (CFE%),Renewable energy percentage (RE%),hour,day,month,weekday,is_outlier
2025-01-01 00:00:00,Kosovo,Kosovo,XK,612.16,667.76,17.69,13.36,0,1,1,2,False
2025-01-01 01:00:00,Kosovo,Kosovo,XK,641.81,699.26,13.88,9.22,1,1,1,2,False
2025-01-01 02:00:00,Kosovo,Kosovo,XK,643.12,701.16,13.56,8.28,2,1,1,2,False
2025-01-01 03:00:00,Kosovo,Kosovo,XK,641.53,699.58,13.67,8.54,3,1,1,2,False
2025-01-01 04:00:00,Kosovo,Kosovo,XK,647.2,705.28,13.03,8.3,4,1,1,2,False
2025-01-01 05:00:00,Kosovo,Kosovo,XK,641.0,698.71,13.81,9.2,5,1,1,2,False
2025-01-01 06:00:00,Kosovo,Kosovo,XK,661.83,719.93,11.39,7.84,6,1,1,2,False
2025-01-01 07:00:00,Kosovo,Kosovo,XK,655.29,712.37,12.91,8.79,7,1,1,2,False
2025-01-01 08:00:00,Kosovo,Kosovo,XK,630.64,686.11,16.69,11.92,8,1,1,2,False
2025-01-01 09:00:00,Kosovo,Kosovo,XK,603.35,657.73,20.31,15.34,9,1,1,2,False
2025-01-01 10:00:00,Kosovo,Kosovo,XK,589.75,643.39,21.98,17.38,10,1,1,2,False
2025-01-01 11:00:00,Kosovo,Kosovo,XK,595.48,649.61,21.13,16.56,11,1,1,2,False
2025-01-01 12:00:00,Kosovo,Kosovo,XK,607.45,662.15,19.4,14.86,12,1,1,2,False
2025-01-01 13:00:00,Kosovo,Kosovo,XK,629.78,685.62,15.9,12.44,13,1,1,2,False
2025-01-01 14:00:00,Kosovo,Kosovo,XK,601.49,655.52,19.33,16.4,14,1,1,2,False
2025-01-01 15:00:00,Kosovo,Kosovo,XK,567.8,618.85,23.84,22.29,15,1,1,2,False
2025-01-01 16:00:00,Kosovo,Kosovo,XK,552.34,602.44,25.82,24.16,16,1,1,2,False
2025-01-01 17:00:00,Kosovo,Kosovo,XK,561.53,612.24,24.63,22.85,17,1,1,2,False
2025-01-01 18:00:00,Kosovo,Kosovo,XK,579.47,631.45,22.26,20.16,18,1,1,2,False
2025-01-01 19:00:00,Kosovo,Kosovo,XK,585.58,638.39,21.31,18.76,19,1,1,2,False
2025-01-01 20:00:00,Kosovo,Kosovo,XK,596.32,649.83,19.98,17.28,20,1,1,2,False
2025-01-01 21:00:00,Kosovo,Kosovo,XK,584.66,637.93,21.45,17.9,21,1,1,2,False
2025-01-01 22:00:00,Kosovo,Kosovo,XK,597.1,651.52,19.76,15.57,22,1,1,2,False
2025-01-01 23:00:00,Kosovo,Kosovo,XK,624.05,680.45,16.29,11.13,23,1,1,2,False
2025-01-02 00:00:00,Kosovo,Kosovo,XK,638.94,696.28,14.32,9.25,0,2,1,3,False
2025-01-02 01:00:00,Kosovo,Kosovo,XK,644.67,702.21,13.55,8.88,1,2,1,3,False
2025-01-02 02:00:00,Kosovo,Kosovo,XK,643.34,700.78,13.69,9.26,2,2,1,3,False
2025-01-02 03:00:00,Kosovo,Kosovo,XK,640.14,697.63,13.95,9.55,3,2,1,3,False
2025-01-02 04:00:00,Kosovo,Kosovo,XK,643.74,701.54,13.43,9.29,4,2,1,3,False
2025-01-02 05:00:00,Kosovo,Kosovo,XK,657.97,715.85,11.75,8.91,5,2,1,3,False
2025-01-02 06:00:00,Kosovo,Kosovo,XK,690.97,749.85,7.7,6.24,6,2,1,3,False
2025-01-02 07:00:00,Kosovo,Kosovo,XK,603.42,661.33,16.78,15.25,7,2,1,3,False
2025-01-02 08:00:00,Kosovo,Kosovo,XK,533.0,589.64,24.73,23.1,8,2,1,3,False
2025-01-02 09:00:00,Kosovo,Kosovo,XK,514.45,569.44,27.91,25.79,9,2,1,3,False
2025-01-02 10:00:00,Kosovo,Kosovo,XK,519.8,575.17,27.37,24.92,10,2,1,3,False
2025-01-02 11:00:00,Kosovo,Kosovo,XK,516.19,571.42,27.76,25.49,11,2,1,3,False
2025-01-02 12:00:00,Kosovo,Kosovo,XK,523.69,579.43,26.51,24.47,12,2,1,3,False
2025-01-02 13:00:00,Kosovo,Kosovo,XK,562.04,618.04,22.01,20.51,13,2,1,3,False
2025-01-02 14:00:00,Kosovo,Kosovo,XK,576.01,627.48,22.83,21.65,14,2,1,3,False
2025-01-02 15:00:00,Kosovo,Kosovo,XK,541.31,590.09,27.36,26.69,15,2,1,3,False
2025-01-02 16:00:00,Kosovo,Kosovo,XK,537.74,585.95,28.01,27.18,16,2,1,3,False
2025-01-02 17:00:00,Kosovo,Kosovo,XK,536.25,584.25,28.24,27.46,17,2,1,3,False
2025-01-02 18:00:00,Kosovo,Kosovo,XK,546.35,595.23,26.92,25.81,18,2,1,3,False
2025-01-02 19:00:00,Kosovo,Kosovo,XK,570.67,621.6,23.54,22.19,19,2,1,3,False
2025-01-02 20:00:00,Kosovo,Kosovo,XK,591.06,643.99,20.46,19.2,20,2,1,3,False
2025-01-02 21:00:00,Kosovo,Kosovo,XK,583.52,636.12,21.58,19.58,21,2,1,3,False
2025-01-02 22:00:00,Kosovo,Kosovo,XK,587.64,640.7,21.06,18.47,22,2,1,3,False
2025-01-02 23:00:00,Kosovo,Kosovo,XK,621.73,677.75,16.58,12.37,23,2,1,3,False
2025-01-03 00:00:00,Kosovo,Kosovo,XK,625.3,681.54,16.06,11.95,0,3,1,4,False
2025-01-03 01:00:00,Kosovo,Kosovo,XK,640.15,696.92,14.21,10.59,1,3,1,4,False
2025-01-03 02:00:00,Kosovo,Kosovo,XK,649.91,707.09,12.98,9.79,2,3,1,4,False
2025-01-03 03:00:00,Kosovo,Kosovo,XK,657.88,715.41,11.97,9.06,3,3,1,4,False
2025-01-03 04:00:00,Kosovo,Kosovo,XK,663.1,720.77,11.34,8.78,4,3,1,4,False
2025-01-03 05:00:00,Kosovo,Kosovo,XK,653.67,710.65,12.52,10.56,5,3,1,4,False
2025-01-03 06:00:00,Kosovo,Kosovo,XK,640.62,694.51,15.04,14.55,6,3,1,4,False
2025-01-03 07:00:00,Kosovo,Kosovo,XK,591.96,647.22,19.01,18.78,7,3,1,4,False
2025-01-03 08:00:00,Kosovo,Kosovo,XK,543.85,597.75,24.85,24.41,8,3,1,4,False
2025-01-03 09:00:00,Kosovo,Kosovo,XK,522.79,575.15,28.04,27.07,9,3,1,4,False
2025-01-03 10:00:00,Kosovo,Kosovo,XK,516.76,568.52,29.03,27.92,10,3,1,4,False
2025-01-03 11:00:00,Kosovo,Kosovo,XK,530.09,582.26,27.31,26.52,11,3,1,4,False
2025-01-03 12:00:00,Kosovo,Kosovo,XK,556.21,609.44,23.98,23.29,12,3,1,4,False
2025-01-03 13:00:00,Kosovo,Kosovo,XK,574.58,627.13,22.3,21.76,13,3,1,4,False
2025-01-03 14:00:00,Kosovo,Kosovo,XK,537.42,586.64,27.47,27.04,14,3,1,4,False
2025-01-03 15:00:00,Kosovo,Kosovo,XK,480.79,528.74,33.37,33.2,15,3,1,4,False
2025-01-03 16:00:00,Kosovo,Kosovo,XK,477.78,523.95,34.71,34.4,16,3,1,4,False
2025-01-03 17:00:00,Kosovo,Kosovo,XK,489.12,534.6,34.02,33.6,17,3,1,4,False
2025-01-03 18:00:00,Kosovo,Kosovo,XK,489.65,534.7,34.31,33.58,18,3,1,4,False
2025-01-03 19:00:00,Kosovo,Kosovo,XK,496.3,541.69,33.61,32.68,19,3,1,4,False
2025-01-03 20:00:00,Kosovo,Kosovo,XK,516.36,563.92,30.62,29.15,20,3,1,4,False
2025-01-03 21:00:00,Kosovo,Kosovo,XK,516.25,564.36,30.42,28.45,21,3,1,4,False
2025-01-03 22:00:00,Kosovo,Kosovo,XK,530.27,581.15,27.41,25.7,22,3,1,4,False
2025-01-03 23:00:00,Kosovo,Kosovo,XK,555.23,606.82,25.2,21.24,23,3,1,4,False
2025-01-04 00:00:00,Kosovo,Kosovo,XK,582.33,635.75,21.57,17.56,0,4,1,5,False
2025-01-04 01:00:00,Kosovo,Kosovo,XK,606.07,660.71,18.49,15.11,1,4,1,5,False
2025-01-04 02:00:00,Kosovo,Kosovo,XK,624.26,680.08,16.05,12.9,2,4,1,5,False
2025-01-04 03:00:00,Kosovo,Kosovo,XK,629.39,685.84,15.28,11.84,3,4,1,5,False
2025-01-04 04:00:00,Kosovo,Kosovo,XK,635.03,691.48,14.69,11.48,4,4,1,5,False
2025-01-04 05:00:00,Kosovo,Kosovo,XK,614.25,669.02,17.55,14.86,5,4,1,5,False
2025-01-04 06:00:00,Kosovo,Kosovo,XK,588.14,640.02,21.46,19.55,6,4,1,5,False
2025-01-04 07:00:00,Kosovo,Kosovo,XK,562.34,612.5,24.88,23.29,7,4,1,5,False
2025-01-04 08:00:00,Kosovo,Kosovo,XK,571.13,624.24,22.53,21.0,8,4,1,5,False
2025-01-04 09:00:00,Kosovo,Kosovo,XK,568.51,623.48,21.96,20.26,9,4,1,5,False
2025-01-04 10:00:00,Kosovo,Kosovo,XK,558.43,614.3,22.63,20.62,10,4,1,5,False
2025-01-04 11:00:00,Kosovo,Kosovo,XK,573.42,630.48,20.58,18.15,11,4,1,5,False
2025-01-04 12:00:00,Kosovo,Kosovo,XK,587.58,644.7,19.17,16.7,12,4,1,5,False
2025-01-04 13:00:00,Kosovo,Kosovo,XK,572.91,626.25,22.29,20.46,13,4,1,5,False
2025-01-04 14:00:00,Kosovo,Kosovo,XK,482.62,528.3,35.0,34.19,14,4,1,5,False
2025-01-04 15:00:00,Kosovo,Kosovo,XK,465.42,514.96,34.31,33.93,15,4,1,5,False
2025-01-04 16:00:00,Kosovo,Kosovo,XK,464.88,514.03,34.38,34.0,16,4,1,5,False
2025-01-04 17:00:00,Kosovo,Kosovo,XK,467.79,516.85,34.07,33.7,17,4,1,5,False
2025-01-04 18:00:00,Kosovo,Kosovo,XK,472.4,521.69,33.64,33.17,18,4,1,5,False
2025-01-04 19:00:00,Kosovo,Kosovo,XK,480.97,528.53,33.89,33.09,19,4,1,5,False
2025-01-04 20:00:00,Kosovo,Kosovo,XK,518.11,566.03,30.24,28.7,20,4,1,5,False
2025-01-04 21:00:00,Kosovo,Kosovo,XK,531.51,581.42,28.09,25.69,21,4,1,5,False
2025-01-04 22:00:00,Kosovo,Kosovo,XK,554.39,605.93,25.35,21.56,22,4,1,5,False
2025-01-04 23:00:00,Kosovo,Kosovo,XK,601.35,656.61,19.03,14.18,23,4,1,5,False
2025-01-05 00:00:00,Kosovo,Kosovo,XK,611.12,667.47,17.54,12.34,0,5,1,6,False
2025-01-05 01:00:00,Kosovo,Kosovo,XK,614.11,669.9,17.3,13.24,1,5,1,6,False
2025-01-05 02:00:00,Kosovo,Kosovo,XK,629.65,686.09,15.33,11.85,2,5,1,6,False
2025-01-05 03:00:00,Kosovo,Kosovo,XK,636.68,693.37,14.43,11.43,3,5,1,6,False
2025-01-05 04:00:00,Kosovo,Kosovo,XK,630.28,686.96,15.12,11.92,4,5,1,6,False
2025-01-05 05:00:00,Kosovo,Kosovo,XK,624.49,680.78,15.91,12.84,5,5,1,6,False
2025-01-05 06:00:00,Kosovo,Kosovo,XK,635.46,691.87,14.7,12.07,6,5,1,6,False
2025-01-05 07:00:00,Kosovo,Kosovo,XK,640.54,696.29,14.29,12.9,7,5,1,6,False
2025-01-05 08:00:00,Kosovo,Kosovo,XK,617.19,673.13,16.86,14.6,8,5,1,6,False
2025-01-05 09:00:00,Kosovo,Kosovo,XK,591.43,647.21,19.67,17.31,9,5,1,6,False
2025-01-05 10:00:00,Kosovo,Kosovo,XK,576.22,632.06,21.26,18.92,10,5,1,6,False
2025-01-05 11:00:00,Kosovo,Kosovo,XK,569.64,625.66,21.94,19.6,11,5,1,6,False
2025-01-05 12:00:00,Kosovo,Kosovo,XK,576.85,633.05,20.81,19.07,12,5,1,6,False
2025-01-05 13:00:00,Kosovo,Kosovo,XK,591.24,645.78,19.74,19.0,13,5,1,6,False
2025-01-05 14:00:00,Kosovo,Kosovo,XK,549.57,599.11,26.35,25.62,14,5,1,6,False
2025-01-05 15:00:00,Kosovo,Kosovo,XK,480.92,526.19,35.12,34.62,15,5,1,6,False
2025-01-05 16:00:00,Kosovo,Kosovo,XK,461.16,504.79,37.84,37.44,16,5,1,6,False
2025-01-05 17:00:00,Kosovo,Kosovo,XK,458.47,501.68,38.32,37.92,17,5,1,6,False
2025-01-05 18:00:00,Kosovo,Kosovo,XK,486.64,532.07,34.52,33.66,18,5,1,6,False
2025-01-05 19:00:00,Kosovo,Kosovo,XK,514.43,562.73,30.39,29.1,19,5,1,6,False
2025-01-05 20:00:00,Kosovo,Kosovo,XK,537.31,586.92,27.66,25.53,20,5,1,6,False
2025-01-05 21:00:00,Kosovo,Kosovo,XK,542.05,592.91,26.8,23.55,21,5,1,6,False
2025-01-05 22:00:00,Kosovo,Kosovo,XK,567.43,620.08,23.47,19.91,22,5,1,6,False
2025-01-05 23:00:00,Kosovo,Kosovo,XK,595.83,650.0,19.91,16.28,23,5,1,6,False
2025-01-06 00:00:00,Kosovo,Kosovo,XK,621.41,677.32,16.43,13.07,0,6,1,0,False
2025-01-06 01:00:00,Kosovo,Kosovo,XK,644.36,701.39,13.48,10.86,1,6,1,0,False
2025-01-06 02:00:00,Kosovo,Kosovo,XK,656.66,714.15,11.96,9.85,2,6,1,0,False
2025-01-06 03:00:00,Kosovo,Kosovo,XK,649.3,706.61,12.84,10.41,3,6,1,0,False
2025-01-06 04:00:00,Kosovo,Kosovo,XK,642.79,699.76,13.64,11.31,4,6,1,0,False
2025-01-06 05:00:00,Kosovo,Kosovo,XK,603.57,656.16,19.52,18.52,5,6,1,0,False
2025-01-06 06:00:00,Kosovo,Kosovo,XK,590.18,640.62,21.79,21.52,6,6,1,0,False
2025-01-06 07:00:00,Kosovo,Kosovo,XK,561.6,612.28,24.44,24.25,7,6,1,0,False
2025-01-06 08:00:00,Kosovo,Kosovo,XK,564.09,618.22,22.74,21.94,8,6,1,0,False
2025-01-06 09:00:00,Kosovo,Kosovo,XK,570.13,624.89,22.17,20.47,9,6,1,0,False
2025-01-06 10:00:00,Kosovo,Kosovo,XK,562.94,618.32,22.74,21.01,10,6,1,0,False
2025-01-06 11:00:00,Kosovo,Kosovo,XK,548.34,603.5,24.29,23.07,11,6,1,0,False
2025-01-06 12:00:00,Kosovo,Kosovo,XK,552.27,606.46,24.34,23.14,12,6,1,0,False
2025-01-06 13:00:00,Kosovo,Kosovo,XK,553.42,605.18,24.93,24.52,13,6,1,0,False
2025-01-06 14:00:00,Kosovo,Kosovo,XK,516.7,563.82,30.84,30.63,14,6,1,0,False
2025-01-06 15:00:00,Kosovo,Kosovo,XK,490.14,536.09,33.92,33.83,15,6,1,0,False
2025-01-06 16:00:00,Kosovo,Kosovo,XK,490.78,536.55,33.88,33.77,16,6,1,0,False
2025-01-06 17:00:00,Kosovo,Kosovo,XK,503.92,550.01,32.42,32.25,17,6,1,0,False
2025-01-06 18:00:00,Kosovo,Kosovo,XK,510.48,556.74,31.67,31.47,18,6,1,0,False
2025-01-06 19:00:00,Kosovo,Kosovo,XK,524.49,571.08,30.13,29.84,19,6,1,0,False
2025-01-06 20:00:00,Kosovo,Kosovo,XK,550.01,598.99,26.5,25.65,20,6,1,0,False
2025-01-06 21:00:00,Kosovo,Kosovo,XK,557.22,607.45,25.33,23.46,21,6,1,0,False
2025-01-06 22:00:00,Kosovo,Kosovo,XK,561.98,613.09,24.61,22.04,22,6,1,0,False
2025-01-06 23:00:00,Kosovo,Kosovo,XK,576.4,628.64,22.55,20.27,23,6,1,0,False
2025-01-07 00:00:00,Kosovo,Kosovo,XK,607.84,661.88,18.45,16.42,0,7,1,1,False
2025-01-07 01:00:00,Kosovo,Kosovo,XK,631.48,686.88,15.45,13.48,1,7,1,1,False
2025-01-07 02:00:00,Kosovo,Kosovo,XK,634.95,690.72,14.96,12.97,2,7,1,1,False
2025-01-07 03:00:00,Kosovo,Kosovo,XK,642.95,699.18,13.93,12.01,3,7,1,1,False
2025-01-07 04:00:00,Kosovo,Kosovo,XK,617.89,672.29,17.32,15.61,4,7,1,1,False
2025-01-07 05:00:00,Kosovo,Kosovo,XK,602.15,653.22,20.26,19.92,5,7,1,1,False
2025-01-07 06:00:00,Kosovo,Kosovo,XK,598.6,649.0,20.92,20.61,6,7,1,1,False
2025-01-07 07:00:00,Kosovo,Kosovo,XK,595.32,647.31,20.25,20.19,7,7,1,1,False
2025-01-07 08:00:00,Kosovo,Kosovo,XK,581.79,633.11,22.09,21.86,8,7,1,1,False
2025-01-07 09:00:00,Kosovo,Kosovo,XK,586.49,640.19,20.6,19.97,9,7,1,1,False
2025-01-07 10:00:00,Kosovo,Kosovo,XK,576.21,630.02,21.53,20.96,10,7,1,1,False
2025-01-07 11:00:00,Kosovo,Kosovo,XK,579.84,633.28,21.3,21.05,11,7,1,1,False
2025-01-07 12:00:00,Kosovo,Kosovo,XK,574.92,625.65,23.23,23.02,12,7,1,1,False
2025-01-07 13:00:00,Kosovo,Kosovo,XK,566.36,616.41,24.42,24.04,13,7,1,1,False
2025-01-07 14:00:00,Kosovo,Kosovo,XK,551.65,599.95,26.73,26.39,14,7,1,1,False
2025-01-07 15:00:00,Kosovo,Kosovo,XK,512.3,557.34,31.98,31.96,15,7,1,1,False
2025-01-07 16:00:00,Kosovo,Kosovo,XK,524.07,569.47,30.61,30.59,16,7,1,1,False
2025-01-07 17:00:00,Kosovo,Kosovo,XK,538.21,584.52,28.8,28.79,17,7,1,1,False
2025-01-07 18:00:00,Kosovo,Kosovo,XK,555.78,603.58,26.4,26.28,18,7,1,1,False
2025-01-07 19:00:00,Kosovo,Kosovo,XK,586.23,636.65,22.04,21.94,19,7,1,1,False
2025-01-07 20:00:00,Kosovo,Kosovo,XK,599.08,650.86,20.13,19.85,20,7,1,1,False
2025-01-07 21:00:00,Kosovo,Kosovo,XK,586.01,637.46,21.71,20.93,21,7,1,1,False
2025-01-07 22:00:00,Kosovo,Kosovo,XK,588.53,640.2,21.44,20.13,22,7,1,1,False
2025-01-07 23:00:00,Kosovo,Kosovo,XK,607.27,659.51,19.2,18.35,23,7,1,1,False
2025-01-08 00:00:00,Kosovo,Kosovo,XK,645.4,700.02,14.22,13.44,0,8,1,2,False
2025-01-08 01:00:00,Kosovo,Kosovo,XK,676.18,732.16,10.43,10.0,1,8,1,2,False
2025-01-08 02:00:00,Kosovo,Kosovo,XK,684.45,740.78,9.41,9.09,2,8,1,2,False
2025-01-08 03:00:00,Kosovo,Kosovo,XK,669.19,724.88,11.27,10.7,3,8,1,2,False
2025-01-08 04:00:00,Kosovo,Kosovo,XK,650.66,704.3,14.07,13.81,4,8,1,2,False
2025-01-08 05:00:00,Kosovo,Kosovo,XK,604.83,655.28,20.23,20.15,5,8,1,2,False
2025-01-08 06:00:00,Kosovo,Kosovo,XK,566.66,615.56,24.73,24.73,6,8,1,2,False
2025-01-08 07:00:00,Kosovo,Kosovo,XK,557.01,605.15,26.11,26.11,7,8,1,2,False
2025-01-08 08:00:00,Kosovo,Kosovo,XK,568.67,620.43,23.19,23.07,8,8,1,2,False
2025-01-08 09:00:00,Kosovo,Kosovo,XK,604.09,661.66,16.87,16.09,9,8,1,2,False
2025-01-08 10:00:00,Kosovo,Kosovo,XK,612.05,669.96,16.06,14.83,10,8,1,2,False
2025-01-08 11:00:00,Kosovo,Kosovo,XK,632.29,691.23,13.47,12.38,11,8,1,2,False
2025-01-08 12:00:00,Kosovo,Kosovo,XK,645.16,702.38,13.04,12.33,12,8,1,2,False
2025-01-08 13:00:00,Kosovo,Kosovo,XK,639.25,694.4,14.5,14.35,13,8,1,2,False
2025-01-08 14:00:00,Kosovo,Kosovo,XK,581.1,630.65,23.19,22.84,14,8,1,2,False
2025-01-08 15:00:00,Kosovo,Kosovo,XK,545.29,592.47,27.79,27.29,15,8,1,2,False
2025-01-08 16:00:00,Kosovo,Kosovo,XK,552.58,600.16,26.81,26.4,16,8,1,2,False
2025-01-08 17:00:00,Kosovo,Kosovo,XK,553.17,600.88,26.74,26.36,17,8,1,2,False
2025-01-08 18:00:00,Kosovo,Kosovo,XK,553.16,601.43,26.5,25.91,18,8,1,2,False
2025-01-08 19:00:00,Kosovo,Kosovo,XK,580.34,630.26,22.95,22.5,19,8,1,2,False
2025-01-08 20:00:00,Kosovo,Kosovo,XK,603.16,655.95,19.38,18.21,20,8,1,2,False
2025-01-08 21:00:00,Kosovo,Kosovo,XK,605.55,658.76,19.0,17.52,21,8,1,2,False
2025-01-08 22:00:00,Kosovo,Kosovo,XK,482.11,528.43,34.83,32.83,22,8,1,2,False
2025-01-08 23:00:00,Kosovo,Kosovo,XK,640.73,695.5,14.67,13.62,23,8,1,2,False
2025-01-09 00:00:00,Kosovo,Kosovo,XK,671.35,727.85,10.73,9.91,0,9,1,3,False
2025-01-09 01:00:00,Kosovo,Kosovo,XK,679.7,736.55,9.68,9.02,1,9,1,3,False
2025-01-09 02:00:00,Kosovo,Kosovo,XK,677.18,733.82,10.0,9.42,2,9,1,3,False
2025-01-09 03:00:00,Kosovo,Kosovo,XK,680.9,737.53,9.62,9.11,3,9,1,3,False
2025-01-09 04:00:00,Kosovo,Kosovo,XK,651.74,706.88,13.3,12.57,4,9,1,3,False
2025-01-09 05:00:00,Kosovo,Kosovo,XK,583.06,633.51,22.5,21.74,5,9,1,3,False
2025-01-09 06:00:00,Kosovo,Kosovo,XK,554.32,602.07,26.65,26.28,6,9,1,3,False
2025-01-09 07:00:00,Kosovo,Kosovo,XK,543.69,592.3,27.3,27.28,7,9,1,3,False
2025-01-09 08:00:00,Kosovo,Kosovo,XK,566.73,621.93,21.71,21.33,8,9,1,3,False
2025-01-09 09:00:00,Kosovo,Kosovo,XK,566.56,624.85,20.31,19.76,9,9,1,3,False
2025-01-09 10:00:00,Kosovo,Kosovo,XK,567.02,623.76,21.18,20.48,10,9,1,3,False
2025-01-09 11:00:00,Kosovo,Kosovo,XK,579.95,636.73,19.89,19.02,11,9,1,3,False
2025-01-09 12:00:00,Kosovo,Kosovo,XK,601.59,658.9,17.29,16.6,12,9,1,3,False
2025-01-09 13:00:00,Kosovo,Kosovo,XK,616.72,672.83,16.22,15.88,13,9,1,3,False
2025-01-09 14:00:00,Kosovo,Kosovo,XK,603.96,654.73,20.26,20.15,14,9,1,3,False
2025-01-09 15:00:00,Kosovo,Kosovo,XK,532.76,578.72,29.56,29.38,15,9,1,3,False
2025-01-09 16:00:00,Kosovo,Kosovo,XK,533.02,579.33,29.34,29.1,16,9,1,3,False
2025-01-09 17:00:00,Kosovo,Kosovo,XK,536.28,583.17,28.81,28.53,17,9,1,3,False
2025-01-09 18:00:00,Kosovo,Kosovo,XK,557.69,606.5,25.76,25.29,18,9,1,3,False
2025-01-09 19:00:00,Kosovo,Kosovo,XK,567.72,617.23,24.43,23.87,19,9,1,3,False
2025-01-09 20:00:00,Kosovo,Kosovo,XK,591.83,643.72,20.91,20.02,20,9,1,3,False
2025-01-09 21:00:00,Kosovo,Kosovo,XK,595.49,648.06,20.32,19.05,21,9,1,3,False
2025-01-09 22:00:00,Kosovo,Kosovo,XK,609.75,663.06,18.56,17.25,22,9,1,3,False
2025-01-09 23:00:00,Kosovo,Kosovo,XK,623.74,678.16,16.66,15.16,23,9,1,3,False
2025-01-10 00:00:00,Kosovo,Kosovo,XK,639.91,695.04,14.65,13.36,0,10,1,4,False
2025-01-10 01:00:00,Kosovo,Kosovo,XK,658.54,714.48,12.34,11.35,1,10,1,4,False
2025-01-10 02:00:00,Kosovo,Kosovo,XK,670.94,727.51,10.77,9.9,2,10,1,4,False
2025-01-10 03:00:00,Kosovo,Kosovo,XK,675.56,732.3,10.22,9.37,3,10,1,4,False
2025-01-10 04:00:00,Kosovo,Kosovo,XK,649.4,705.1,13.41,12.19,4,10,1,4,False
2025-01-10 05:00:00,Kosovo,Kosovo,XK,659.99,714.7,12.69,12.23,5,10,1,4,False
2025-01-10 06:00:00,Kosovo,Kosovo,XK,616.68,668.32,18.46,18.26,6,10,1,4,False
2025-01-10 07:00:00,Kosovo,Kosovo,XK,600.81,654.28,18.95,18.92,7,10,1,4,False
2025-01-10 08:00:00,Kosovo,Kosovo,XK,591.07,645.43,19.62,19.41,8,10,1,4,False
2025-01-10 09:00:00,Kosovo,Kosovo,XK,570.36,626.44,20.98,20.41,9,10,1,4,False
2025-01-10 10:00:00,Kosovo,Kosovo,XK,572.24,628.72,20.77,20.13,10,10,1,4,False
2025-01-10 11:00:00,Kosovo,Kosovo,XK,573.33,630.0,20.48,19.88,11,10,1,4,False
2025-01-10 12:00:00,Kosovo,Kosovo,XK,583.92,639.85,19.75,19.27,12,10,1,4,False
2025-01-10 13:00:00,Kosovo,Kosovo,XK,611.31,664.69,18.17,17.99,13,10,1,4,False
2025-01-10 14:00:00,Kosovo,Kosovo,XK,571.12,620.15,24.38,24.19,14,10,1,4,False
2025-01-10 15:00:00,Kosovo,Kosovo,XK,516.17,561.38,31.5,31.43,15,10,1,4,False
2025-01-10 16:00:00,Kosovo,Kosovo,XK,514.16,558.94,31.91,31.84,16,10,1,4,False
2025-01-10 17:00:00,Kosovo,Kosovo,XK,525.52,570.61,30.62,30.54,17,10,1,4,False
2025-01-10 18:00:00,Kosovo,Kosovo,XK,547.43,594.63,27.54,27.29,18,10,1,4,False
2025-01-10 19:00:00,Kosovo,Kosovo,XK,574.65,624.33,23.61,23.25,19,10,1,4,False
2025-01-10 20:00:00,Kosovo,Kosovo,XK,594.14,645.38,20.97,20.39,20,10,1,4,False
2025-01-10 21:00:00,Kosovo,Kosovo,XK,606.06,658.97,19.08,17.9,21,10,1,4,False
2025-01-10 22:00:00,Kosovo,Kosovo,XK,615.02,669.24,17.7,15.72,22,10,1,4,False
2025-01-10 23:00:00,Kosovo,Kosovo,XK,638.62,694.14,14.76,12.67,23,10,1,4,False
2025-01-11 00:00:00,Kosovo,Kosovo,XK,667.57,724.11,11.26,9.9,0,11,1,5,False
2025-01-11 01:00:00,Kosovo,Kosovo,XK,683.71,741.14,9.15,8.01,1,11,1,5,False
2025-01-11 02:00:00,Kosovo,Kosovo,XK,691.2,749.0,8.16,7.17,2,11,1,5,False
2025-01-11 03:00:00,Kosovo,Kosovo,XK,692.83,750.8,7.88,6.94,3,11,1,5,False
2025-01-11 04:00:00,Kosovo,Kosovo,XK,686.84,744.47,8.63,7.68,4,11,1,5,False
2025-01-11 05:00:00,Kosovo,Kosovo,XK,648.81,704.1,13.59,12.62,5,11,1,5,False
2025-01-11 06:00:00,Kosovo,Kosovo,XK,620.66,673.66,17.52,16.67,6,11,1,5,False
2025-01-11 07:00:00,Kosovo,Kosovo,XK,587.44,638.2,21.95,21.28,7,11,1,5,False
2025-01-11 08:00:00,Kosovo,Kosovo,XK,568.97,619.25,24.02,23.57,8,11,1,5,False
2025-01-11 09:00:00,Kosovo,Kosovo,XK,553.48,602.97,26.12,25.26,9,11,1,5,False
2025-01-11 10:00:00,Kosovo,Kosovo,XK,543.81,592.83,27.37,26.42,10,11,1,5,False
2025-01-11 11:00:00,Kosovo,Kosovo,XK,540.9,589.93,27.68,26.58,11,11,1,5,False
2025-01-11 12:00:00,Kosovo,Kosovo,XK,531.5,580.3,28.78,27.37,12,11,1,5,False
2025-01-11 13:00:00,Kosovo,Kosovo,XK,527.76,576.28,29.24,27.75,13,11,1,5,False
2025-01-11 14:00:00,Kosovo,Kosovo,XK,520.15,567.48,30.49,29.36,14,11,1,5,False
2025-01-11 15:00:00,Kosovo,Kosovo,XK,511.93,557.46,32.0,31.48,15,11,1,5,False
2025-01-11 16:00:00,Kosovo,Kosovo,XK,499.1,543.07,33.92,33.55,16,11,1,5,False
2025-01-11 17:00:00,Kosovo,Kosovo,XK,504.56,549.25,33.0,32.48,17,11,1,5,False
2025-01-11 18:00:00,Kosovo,Kosovo,XK,514.35,560.14,31.59,30.94,18,11,1,5,False
2025-01-11 19:00:00,Kosovo,Kosovo,XK,529.07,576.07,29.56,28.83,19,11,1,5,False
2025-01-11 20:00:00,Kosovo,Kosovo,XK,528.33,576.54,29.15,27.77,20,11,1,5,False
2025-01-11 21:00:00,Kosovo,Kosovo,XK,524.39,572.98,29.41,27.64,21,11,1,5,False
2025-01-11 22:00:00,Kosovo,Kosovo,XK,542.46,591.69,27.21,25.91,22,11,1,5,False
2025-01-11 23:00:00,Kosovo,Kosovo,XK,578.87,630.63,22.41,20.72,23,11,1,5,False
2025-01-12 00:00:00,Kosovo,Kosovo,XK,614.79,668.1,18.01,16.71,0,12,1,6,False
2025-01-12 01:00:00,Kosovo,Kosovo,XK,636.25,690.23,15.47,14.57,1,12,1,6,False
2025-01-12 02:00:00,Kosovo,Kosovo,XK,645.93,700.29,14.3,13.54,2,12,1,6,False
2025-01-12 03:00:00,Kosovo,Kosovo,XK,626.47,679.92,16.73,15.77,3,12,1,6,False
2025-01-12 04:00:00,Kosovo,Kosovo,XK,620.27,673.37,17.54,16.54,4,12,1,6,False
2025-01-12 05:00:00,Kosovo,Kosovo,XK,622.55,675.41,17.39,16.72,5,12,1,6,False
2025-01-12 06:00:00,Kosovo,Kosovo,XK,612.18,663.91,18.95,18.5,6,12,1,6,False
2025-01-12 07:00:00,Kosovo,Kosovo,XK,585.72,636.38,22.14,21.55,7,12,1,6,False
2025-01-12 08:00:00,Kosovo,Kosovo,XK,571.83,622.34,23.67,22.81,8,12,1,6,False
2025-01-12 09:00:00,Kosovo,Kosovo,XK,540.24,588.18,28.09,27.52,9,12,1,6,False
2025-01-12 10:00:00,Kosovo,Kosovo,XK,537.29,585.27,28.39,27.78,10,12,1,6,False
2025-01-12 11:00:00,Kosovo,Kosovo,XK,558.28,608.06,25.42,24.61,11,12,1,6,False
2025-01-12 12:00:00,Kosovo,Kosovo,XK,590.71,643.33,20.83,19.51,12,12,1,6,False
2025-01-12 13:00:00,Kosovo,Kosovo,XK,577.39,628.84,22.69,21.57,13,12,1,6,False
2025-01-12 14:00:00,Kosovo,Kosovo,XK,512.72,558.94,31.63,30.97,14,12,1,6,False
2025-01-12 15:00:00,Kosovo,Kosovo,XK,520.17,567.0,30.37,30.14,15,12,1,6,False
2025-01-12 16:00:00,Kosovo,Kosovo,XK,520.61,567.59,30.16,29.98,16,12,1,6,False
2025-01-12 17:00:00,Kosovo,Kosovo,XK,526.87,574.43,29.18,29.02,17,12,1,6,False
2025-01-12 18:00:00,Kosovo,Kosovo,XK,527.5,573.9,29.85,29.65,18,12,1,6,False
2025-01-12 19:00:00,Kosovo,Kosovo,XK,525.6,572.51,29.72,29.56,19,12,1,6,False
2025-01-12 20:00:00,Kosovo,Kosovo,XK,550.94,600.71,25.77,25.49,20,12,1,6,False
2025-01-12 21:00:00,Kosovo,Kosovo,XK,529.44,579.93,27.38,27.1,21,12,1,6,False
2025-01-12 22:00:00,Kosovo,Kosovo,XK,543.16,596.71,24.38,23.95,22,12,1,6,False
2025-01-12 23:00:00,Kosovo,Kosovo,XK,540.49,593.61,24.84,24.44,23,12,1,6,False
2025-01-13 00:00:00,Kosovo,Kosovo,XK,552.26,606.12,23.3,22.96,0,13,1,0,False
2025-01-13 01:00:00,Kosovo,Kosovo,XK,576.32,630.07,21.0,20.84,1,13,1,0,False
2025-01-13 02:00:00,Kosovo,Kosovo,XK,591.85,646.2,19.14,19.13,2,13,1,0,False
2025-01-13 03:00:00,Kosovo,Kosovo,XK,593.83,647.43,19.38,19.38,3,13,1,0,False
2025-01-13 04:00:00,Kosovo,Kosovo,XK,563.39,613.44,24.29,24.29,4,13,1,0,False
2025-01-13 05:00:00,Kosovo,Kosovo,XK,536.57,584.53,28.12,28.08,5,13,1,0,False
2025-01-13 06:00:00,Kosovo,Kosovo,XK,508.82,554.96,31.79,31.66,6,13,1,0,False
2025-01-13 07:00:00,Kosovo,Kosovo,XK,449.19,491.92,39.48,39.45,7,13,1,0,False
2025-01-13 08:00:00,Kosovo,Kosovo,XK,451.83,494.35,39.51,39.35,8,13,1,0,False
2025-01-13 09:00:00,Kosovo,Kosovo,XK,463.69,507.57,37.57,37.4,9,13,1,0,False
2025-01-13 10:00:00,Kosovo,Kosovo,XK,467.46,511.61,37.2,36.96,10,13,1,0,False
2025-01-13 11:00:00,Kosovo,Kosovo,XK,468.61,512.57,37.27,37.01,11,13,1,0,False
2025-01-13 12:00:00,Kosovo,Kosovo,XK,468.57,513.25,36.88,36.74,12,13,1,0,False
2025-01-13 13:00:00,Kosovo,Kosovo,XK,470.7,515.86,36.29,36.17,13,13,1,0,False
2025-01-13 14:00:00,Kosovo,Kosovo,XK,458.49,502.07,38.15,38.07,14,13,1,0,False
2025-01-13 15:00:00,Kosovo,Kosovo,XK,456.85,500.39,38.2,38.16,15,13,1,0,False
2025-01-13 16:00:00,Kosovo,Kosovo,XK,456.91,499.9,38.34,38.28,16,13,1,0,False
2025-01-13 17:00:00,Kosovo,Kosovo,XK,447.89,491.29,38.9,38.87,17,13,1,0,False
2025-01-13 18:00:00,Kosovo,Kosovo,XK,445.15,488.67,39.15,39.13,18,13,1,0,False
2025-01-13 19:00:00,Kosovo,Kosovo,XK,448.68,495.59,36.88,36.86,19,13,1,0,False
2025-01-13 20:00:00,Kosovo,Kosovo,XK,453.07,500.32,36.29,36.27,20,13,1,0,False
2025-01-13 21:00:00,Kosovo,Kosovo,XK,474.36,523.33,33.41,33.21,21,13,1,0,False
2025-01-13 22:00:00,Kosovo,Kosovo,XK,515.72,567.14,28.25,27.78,22,13,1,0,False
2025-01-13 23:00:00,Kosovo,Kosovo,XK,542.4,597.72,23.6,22.83,23,13,1,0,False
2025-01-14 00:00:00,Kosovo,Kosovo,XK,579.87,633.64,20.9,20.18,0,14,1,1,False
2025-01-14 01:00:00,Kosovo,Kosovo,XK,600.19,653.84,18.9,18.53,1,14,1,1,False
2025-01-14 02:00:00,Kosovo,Kosovo,XK,601.58,654.73,19.01,18.77,2,14,1,1,False
2025-01-14 03:00:00,Kosovo,Kosovo,XK,603.99,656.16,19.29,19.2,3,14,1,1,False
2025-01-14 04:00:00,Kosovo,Kosovo,XK,604.56,655.58,19.85,19.85,4,14,1,1,False
2025-01-14 05:00:00,Kosovo,Kosovo,XK,525.81,576.51,27.54,27.54,5,14,1,1,False
2025-01-14 06:00:00,Kosovo,Kosovo,XK,470.94,516.05,35.99,35.98,6,14,1,1,False
2025-01-14 07:00:00,Kosovo,Kosovo,XK,457.86,501.72,38.01,38.0,7,14,1,1,False
2025-01-14 08:00:00,Kosovo,Kosovo,XK,492.75,538.29,33.85,33.82,8,14,1,1,False
2025-01-14 09:00:00,Kosovo,Kosovo,XK,508.27,553.36,32.67,32.42,9,14,1,1,False
2025-01-14 10:00:00,Kosovo,Kosovo,XK,509.08,554.66,32.43,31.99,10,14,1,1,False
2025-01-14 11:00:00,Kosovo,Kosovo,XK,511.63,557.67,31.96,31.28,11,14,1,1,False
2025-01-14 12:00:00,Kosovo,Kosovo,XK,505.89,551.37,32.84,32.34,12,14,1,1,False
2025-01-14 13:00:00,Kosovo,Kosovo,XK,478.26,522.34,36.21,36.06,13,14,1,1,False
2025-01-14 14:00:00,Kosovo,Kosovo,XK,455.89,498.92,38.9,38.83,14,14,1,1,False
2025-01-14 15:00:00,Kosovo,Kosovo,XK,433.38,475.27,41.68,41.65,15,14,1,1,False
2025-01-14 16:00:00,Kosovo,Kosovo,XK,424.23,465.39,42.85,42.83,16,14,1,1,False
2025-01-14 17:00:00,Kosovo,Kosovo,XK,421.88,463.26,42.87,42.85,17,14,1,1,False
2025-01-14 18:00:00,Kosovo,Kosovo,XK,422.9,464.26,42.77,42.75,18,14,1,1,False
2025-01-14 19:00:00,Kosovo,Kosovo,XK,429.72,471.38,41.89,41.87,19,14,1,1,False
2025-01-14 20:00:00,Kosovo,Kosovo,XK,449.85,496.44,37.08,37.06,20,14,1,1,False
2025-01-14 21:00:00,Kosovo,Kosovo,XK,465.1,512.47,35.15,35.12,21,14,1,1,False
2025-01-14 22:00:00,Kosovo,Kosovo,XK,516.93,566.21,29.16,29.01,22,14,1,1,False
2025-01-14 23:00:00,Kosovo,Kosovo,XK,579.26,632.58,21.12,20.4,23,14,1,1,False
2025-01-15 00:00:00,Kosovo,Kosovo,XK,625.54,679.21,16.52,15.91,0,15,1,2,False
2025-01-15 01:00:00,Kosovo,Kosovo,XK,656.57,712.0,12.62,12.19,1,15,1,2,False
2025-01-15 02:00:00,Kosovo,Kosovo,XK,669.84,725.64,11.11,10.79,2,15,1,2,False
2025-01-15 03:00:00,Kosovo,Kosovo,XK,670.99,726.8,11.0,10.64,3,15,1,2,False
2025-01-15 04:00:00,Kosovo,Kosovo,XK,602.89,656.27,18.65,18.65,4,15,1,2,False
2025-01-15 05:00:00,Kosovo,Kosovo,XK,490.64,536.33,33.96,33.94,5,15,1,2,False
2025-01-15 06:00:00,Kosovo,Kosovo,XK,458.64,502.23,38.18,38.16,6,15,1,2,False
2025-01-15 07:00:00,Kosovo,Kosovo,XK,432.25,474.2,41.65,41.63,7,15,1,2,False
2025-01-15 08:00:00,Kosovo,Kosovo,XK,421.37,463.83,42.58,42.56,8,15,1,2,False
2025-01-15 09:00:00,Kosovo,Kosovo,XK,429.49,473.89,40.82,40.8,9,15,1,2,False
2025-01-15 10:00:00,Kosovo,Kosovo,XK,429.55,473.68,41.01,40.99,10,15,1,2,False
2025-01-15 11:00:00,Kosovo,Kosovo,XK,432.37,476.27,40.88,40.87,11,15,1,2,False
2025-01-15 12:00:00,Kosovo,Kosovo,XK,429.14,471.32,42.08,42.07,12,15,1,2,False
2025-01-15 13:00:00,Kosovo,Kosovo,XK,440.8,483.33,40.75,40.71,13,15,1,2,False
2025-01-15 14:00:00,Kosovo,Kosovo,XK,444.47,487.5,40.0,39.87,14,15,1,2,False
2025-01-15 15:00:00,Kosovo,Kosovo,XK,437.11,479.28,41.0,40.91,15,15,1,2,False
2025-01-15 16:00:00,Kosovo,Kosovo,XK,429.57,471.03,42.02,41.92,16,15,1,2,False
2025-01-15 17:00:00,Kosovo,Kosovo,XK,438.36,480.28,40.85,40.72,17,15,1,2,False
2025-01-15 18:00:00,Kosovo,Kosovo,XK,442.41,484.62,40.33,40.21,18,15,1,2,False
2025-01-15 19:00:00,Kosovo,Kosovo,XK,445.31,487.55,40.0,39.93,19,15,1,2,False
2025-01-15 20:00:00,Kosovo,Kosovo,XK,466.36,509.83,37.39,37.23,20,15,1,2,False
2025-01-15 21:00:00,Kosovo,Kosovo,XK,493.26,538.47,33.86,33.41,21,15,1,2,False
2025-01-15 22:00:00,Kosovo,Kosovo,XK,516.86,563.62,30.78,30.2,22,15,1,2,False
2025-01-15 23:00:00,Kosovo,Kosovo,XK,571.33,623.44,22.7,21.56,23,15,1,2,False
2025-01-16 00:00:00,Kosovo,Kosovo,XK,618.34,672.02,17.5,16.13,0,16,1,3,False
2025-01-16 01:00:00,Kosovo,Kosovo,XK,642.51,697.49,14.46,13.21,1,16,1,3,False
2025-01-16 02:00:00,Kosovo,Kosovo,XK,659.99,715.8,12.25,11.29,2,16,1,3,False
2025-01-16 03:00:00,Kosovo,Kosovo,XK,657.64,712.86,12.68,12.07,3,16,1,3,False
2025-01-16 04:00:00,Kosovo,Kosovo,XK,604.55,657.99,18.53,18.4,4,16,1,3,False
2025-01-16 05:00:00,Kosovo,Kosovo,XK,534.95,583.77,27.87,27.82,5,16,1,3,False
2025-01-16 06:00:00,Kosovo,Kosovo,XK,473.47,518.32,35.99,35.88,6,16,1,3,False
2025-01-16 07:00:00,Kosovo,Kosovo,XK,447.06,490.4,39.45,39.43,7,16,1,3,False
2025-01-16 08:00:00,Kosovo,Kosovo,XK,462.32,505.81,38.02,37.99,8,16,1,3,False
2025-01-16 09:00:00,Kosovo,Kosovo,XK,459.38,505.72,36.93,36.87,9,16,1,3,False
2025-01-16 10:00:00,Kosovo,Kosovo,XK,476.35,523.89,34.71,34.49,10,16,1,3,False
2025-01-16 11:00:00,Kosovo,Kosovo,XK,485.41,533.23,33.66,33.45,11,16,1,3,False
2025-01-16 12:00:00,Kosovo,Kosovo,XK,484.93,532.68,33.74,33.59,12,16,1,3,False
2025-01-16 13:00:00,Kosovo,Kosovo,XK,475.49,523.59,34.37,34.32,13,16,1,3,False
2025-01-16 14:00:00,Kosovo,Kosovo,XK,448.87,492.64,39.16,39.13,14,16,1,3,False
2025-01-16 15:00:00,Kosovo,Kosovo,XK,442.24,485.41,40.03,40.0,15,16,1,3,False
2025-01-16 16:00:00,Kosovo,Kosovo,XK,431.87,474.39,41.27,41.24,16,16,1,3,False
2025-01-16 17:00:00,Kosovo,Kosovo,XK,436.67,479.07,40.82,40.79,17,16,1,3,False
2025-01-16 18:00:00,Kosovo,Kosovo,XK,439.86,482.83,40.21,40.18,18,16,1,3,False
2025-01-16 19:00:00,Kosovo,Kosovo,XK,443.05,488.72,38.29,38.28,19,16,1,3,False
2025-01-16 20:00:00,Kosovo,Kosovo,XK,475.99,525.7,32.78,32.76,20,16,1,3,False
2025-01-16 21:00:00,Kosovo,Kosovo,XK,508.58,561.62,27.98,27.56,21,16,1,3,False
2025-01-16 22:00:00,Kosovo,Kosovo,XK,529.27,581.53,26.66,25.73,22,16,1,3,False
2025-01-16 23:00:00,Kosovo,Kosovo,XK,542.18,597.38,23.78,22.72,23,16,1,3,False
2025-01-17 00:00:00,Kosovo,Kosovo,XK,591.03,646.96,18.77,17.61,0,17,1,4,False
2025-01-17 01:00:00,Kosovo,Kosovo,XK,596.79,654.56,17.07,16.22,1,17,1,4,False
2025-01-17 02:00:00,Kosovo,Kosovo,XK,591.45,649.82,17.12,16.54,2,17,1,4,False
2025-01-17 03:00:00,Kosovo,Kosovo,XK,595.05,652.5,17.26,16.78,3,17,1,4,False
2025-01-17 04:00:00,Kosovo,Kosovo,XK,590.42,643.9,19.74,19.74,4,17,1,4,False
2025-01-17 05:00:00,Kosovo,Kosovo,XK,504.61,552.53,31.24,31.24,5,17,1,4,False
2025-01-17 06:00:00,Kosovo,Kosovo,XK,486.12,530.51,35.09,35.08,6,17,1,4,False
2025-01-17 07:00:00,Kosovo,Kosovo,XK,432.18,476.72,40.25,40.25,7,17,1,4,False
2025-01-17 08:00:00,Kosovo,Kosovo,XK,432.68,478.7,39.7,39.65,8,17,1,4,False
2025-01-17 09:00:00,Kosovo,Kosovo,XK,452.65,500.5,37.14,36.78,9,17,1,4,False
2025-01-17 10:00:00,Kosovo,Kosovo,XK,458.11,506.41,36.53,35.95,10,17,1,4,False
2025-01-17 11:00:00,Kosovo,Kosovo,XK,471.01,520.85,34.44,33.82,11,17,1,4,False
2025-01-17 12:00:00,Kosovo,Kosovo,XK,492.64,543.5,31.54,31.02,12,17,1,4,False
2025-01-17 13:00:00,Kosovo,Kosovo,XK,507.49,556.93,30.55,30.28,13,17,1,4,False
2025-01-17 14:00:00,Kosovo,Kosovo,XK,472.32,517.62,35.92,35.89,14,17,1,4,False
2025-01-17 15:00:00,Kosovo,Kosovo,XK,432.91,474.5,41.69,41.66,15,17,1,4,False
2025-01-17 16:00:00,Kosovo,Kosovo,XK,413.07,453.77,43.98,43.94,16,17,1,4,False
2025-01-17 17:00:00,Kosovo,Kosovo,XK,439.91,480.68,41.38,41.34,17,17,1,4,False
2025-01-17 18:00:00,Kosovo,Kosovo,XK,459.85,501.76,38.82,38.77,18,17,1,4,False
2025-01-17 19:00:00,Kosovo,Kosovo,XK,489.15,532.59,35.15,35.1,19,17,1,4,False
2025-01-17 20:00:00,Kosovo,Kosovo,XK,506.96,552.16,32.48,32.11,20,17,1,4,False
2025-01-17 21:00:00,Kosovo,Kosovo,XK,508.78,556.01,31.32,30.56,21,17,1,4,False
2025-01-17 22:00:00,Kosovo,Kosovo,XK,538.13,588.37,26.96,25.88,22,17,1,4,False
2025-01-17 23:00:00,Kosovo,Kosovo,XK,582.47,637.08,20.55,18.78,23,17,1,4,False
2025-01-18 00:00:00,Kosovo,Kosovo,XK,621.19,677.99,15.65,13.81,0,18,1,5,False
2025-01-18 01:00:00,Kosovo,Kosovo,XK,638.09,696.67,12.96,11.41,1,18,1,5,False
2025-01-18 02:00:00,Kosovo,Kosovo,XK,658.97,718.06,10.62,9.36,2,18,1,5,False
2025-01-18 03:00:00,Kosovo,Kosovo,XK,674.64,732.69,9.62,8.61,3,18,1,5,False
2025-01-18 04:00:00,Kosovo,Kosovo,XK,671.26,727.2,10.96,10.33,4,18,1,5,False
2025-01-18 05:00:00,Kosovo,Kosovo,XK,631.54,684.94,16.18,15.63,5,18,1,5,False
2025-01-18 06:00:00,Kosovo,Kosovo,XK,613.24,665.84,18.23,18.17,6,18,1,5,False
2025-01-18 07:00:00,Kosovo,Kosovo,XK,527.89,582.34,25.96,25.61,7,18,1,5,False
2025-01-18 08:00:00,Kosovo,Kosovo,XK,486.65,537.88,32.45,31.88,8,18,1,5,False
2025-01-18 09:00:00,Kosovo,Kosovo,XK,474.11,524.15,34.69,33.88,9,18,1,5,False
2025-01-18 10:00:00,Kosovo,Kosovo,XK,467.77,517.67,35.52,34.53,10,18,1,5,False
2025-01-18 11:00:00,Kosovo,Kosovo,XK,470.86,521.61,34.73,33.63,11,18,1,5,False
2025-01-18 12:00:00,Kosovo,Kosovo,XK,481.81,532.89,33.34,32.28,12,18,1,5,False
2025-01-18 13:00:00,Kosovo,Kosovo,XK,514.98,566.71,29.25,28.42,13,18,1,5,False
2025-01-18 14:00:00,Kosovo,Kosovo,XK,530.71,579.39,28.73,28.29,14,18,1,5,False
2025-01-18 15:00:00,Kosovo,Kosovo,XK,506.79,553.57,31.86,31.63,15,18,1,5,False
2025-01-18 16:00:00,Kosovo,Kosovo,XK,506.11,552.63,31.94,31.72,16,18,1,5,False
2025-01-18 17:00:00,Kosovo,Kosovo,XK,527.33,573.71,29.86,29.66,17,18,1,5,False
2025-01-18 18:00:00,Kosovo,Kosovo,XK,535.8,582.82,28.79,28.55,18,18,1,5,False
2025-01-18 19:00:00,Kosovo,Kosovo,XK,537.46,584.99,28.43,27.98,19,18,1,5,False
2025-01-18 20:00:00,Kosovo,Kosovo,XK,561.56,611.3,25.0,24.21,20,18,1,5,False
2025-01-18 21:00:00,Kosovo,Kosovo,XK,569.48,621.33,23.34,21.75,21,18,1,5,False
2025-01-18 22:00:00,Kosovo,Kosovo,XK,583.63,637.19,21.21,19.05,22,18,1,5,False
2025-01-18 23:00:00,Kosovo,Kosovo,XK,615.64,672.87,16.43,13.41,23,18,1,5,False
2025-01-19 00:00:00,Kosovo,Kosovo,XK,642.35,701.08,13.05,10.01,0,19,1,6,False
2025-01-19 01:00:00,Kosovo,Kosovo,XK,661.86,722.02,10.35,7.45,1,19,1,6,False
2025-01-19 02:00:00,Kosovo,Kosovo,XK,676.67,737.5,8.48,6.01,2,19,1,6,False
2025-01-19 03:00:00,Kosovo,Kosovo,XK,685.17,745.76,7.62,5.56,3,19,1,6,False
2025-01-19 04:00:00,Kosovo,Kosovo,XK,699.42,758.82,6.74,5.1,4,19,1,6,False
2025-01-19 05:00:00,Kosovo,Kosovo,XK,679.47,737.02,9.58,8.18,5,19,1,6,False
2025-01-19 06:00:00,Kosovo,Kosovo,XK,650.3,707.58,12.45,11.43,6,19,1,6,False
2025-01-19 07:00:00,Kosovo,Kosovo,XK,555.02,611.42,22.73,21.59,7,19,1,6,False
2025-01-19 08:00:00,Kosovo,Kosovo,XK,517.97,570.93,28.85,27.48,8,19,1,6,False
2025-01-19 09:00:00,Kosovo,Kosovo,XK,503.53,555.52,31.05,29.37,9,19,1,6,False
2025-01-19 10:00:00,Kosovo,Kosovo,XK,497.29,548.8,31.99,30.16,10,19,1,6,False
2025-01-19 11:00:00,Kosovo,Kosovo,XK,498.85,550.53,31.7,29.86,11,19,1,6,False
2025-01-19 12:00:00,Kosovo,Kosovo,XK,513.23,565.54,29.8,27.98,12,19,1,6,False
2025-01-19 13:00:00,Kosovo,Kosovo,XK,540.08,594.28,25.63,24.31,13,19,1,6,False
2025-01-19 14:00:00,Kosovo,Kosovo,XK,560.5,610.65,25.07,24.43,14,19,1,6,False
2025-01-19 15:00:00,Kosovo,Kosovo,XK,501.52,547.15,32.97,32.81,15,19,1,6,False
2025-01-19 16:00:00,Kosovo,Kosovo,XK,480.55,524.77,35.67,35.56,16,19,1,6,False
2025-01-19 17:00:00,Kosovo,Kosovo,XK,468.35,513.1,36.39,36.28,17,19,1,6,False
2025-01-19 18:00:00,Kosovo,Kosovo,XK,486.64,530.67,35.1,34.98,18,19,1,6,False
2025-01-19 19:00:00,Kosovo,Kosovo,XK,500.42,546.78,32.52,32.23,19,19,1,6,False
2025-01-19 20:00:00,Kosovo,Kosovo,XK,541.15,592.1,26.3,25.33,20,19,1,6,False
2025-01-19 21:00:00,Kosovo,Kosovo,XK,546.47,596.75,26.36,24.72,21,19,1,6,False
2025-01-19 22:00:00,Kosovo,Kosovo,XK,565.39,617.22,23.83,21.59,22,19,1,6,False
2025-01-19 23:00:00,Kosovo,Kosovo,XK,594.04,647.41,20.06,18.41,23,19,1,6,False
2025-01-20 00:00:00,Kosovo,Kosovo,XK,639.83,696.38,13.91,12.31,0,20,1,0,False
2025-01-20 01:00:00,Kosovo,Kosovo,XK,663.91,722.8,10.26,8.8,1,20,1,0,False
2025-01-20 02:00:00,Kosovo,Kosovo,XK,674.65,734.23,8.65,7.78,2,20,1,0,False
2025-01-20 03:00:00,Kosovo,Kosovo,XK,676.84,734.19,9.56,9.1,3,20,1,0,False
2025-01-20 04:00:00,Kosovo,Kosovo,XK,622.57,674.84,17.51,17.26,4,20,1,0,False
2025-01-20 05:00:00,Kosovo,Kosovo,XK,520.69,567.64,30.26,30.2,5,20,1,0,False
2025-01-20 06:00:00,Kosovo,Kosovo,XK,450.99,494.98,38.68,38.66,6,20,1,0,False
2025-01-20 07:00:00,Kosovo,Kosovo,XK,440.06,488.7,37.58,37.58,7,20,1,0,False
2025-01-20 08:00:00,Kosovo,Kosovo,XK,436.61,484.72,38.44,38.43,8,20,1,0,False
2025-01-20 09:00:00,Kosovo,Kosovo,XK,448.62,497.55,36.92,36.88,9,20,1,0,False
2025-01-20 10:00:00,Kosovo,Kosovo,XK,467.91,517.13,34.96,34.82,10,20,1,0,False
2025-01-20 11:00:00,Kosovo,Kosovo,XK,472.48,523.15,33.59,33.54,11,20,1,0,False
2025-01-20 12:00:00,Kosovo,Kosovo,XK,471.75,522.71,33.21,33.2,12,20,1,0,False
2025-01-20 13:00:00,Kosovo,Kosovo,XK,459.67,509.27,35.14,35.12,13,20,1,0,False
2025-01-20 14:00:00,Kosovo,Kosovo,XK,439.14,482.58,40.21,40.18,14,20,1,0,False
2025-01-20 15:00:00,Kosovo,Kosovo,XK,430.69,473.57,41.25,41.22,15,20,1,0,False
2025-01-20 16:00:00,Kosovo,Kosovo,XK,431.45,474.28,41.11,41.07,16,20,1,0,False
2025-01-20 17:00:00,Kosovo,Kosovo,XK,431.86,474.58,41.11,41.08,17,20,1,0,False
2025-01-20 18:00:00,Kosovo,Kosovo,XK,448.47,497.04,36.62,36.59,18,20,1,0,False
2025-01-20 19:00:00,Kosovo,Kosovo,XK,463.13,508.42,36.52,36.5,19,20,1,0,False
2025-01-20 20:00:00,Kosovo,Kosovo,XK,511.15,559.01,30.47,30.24,20,20,1,0,False
2025-01-20 21:00:00,Kosovo,Kosovo,XK,526.51,579.44,26.09,25.8,21,20,1,0,False
2025-01-20 22:00:00,Kosovo,Kosovo,XK,528.86,582.75,25.55,25.2,22,20,1,0,False
2025-01-20 23:00:00,Kosovo,Kosovo,XK,573.85,632.26,18.66,18.17,23,20,1,0,False
2025-01-21 00:00:00,Kosovo,Kosovo,XK,625.34,687.94,11.55,10.67,0,21,1,1,False
2025-01-21 01:00:00,Kosovo,Kosovo,XK,644.95,708.04,9.38,8.65,1,21,1,1,False
2025-01-21 02:00:00,Kosovo,Kosovo,XK,664.95,726.82,8.11,7.59,2,21,1,1,False
2025-01-21 03:00:00,Kosovo,Kosovo,XK,668.78,730.54,7.65,7.55,3,21,1,1,False
2025-01-21 04:00:00,Kosovo,Kosovo,XK,600.7,653.74,19.06,19.06,4,21,1,1,False
2025-01-21 05:00:00,Kosovo,Kosovo,XK,511.65,559.81,30.49,30.44,5,21,1,1,False
2025-01-21 06:00:00,Kosovo,Kosovo,XK,458.45,502.76,37.69,37.64,6,21,1,1,False
2025-01-21 07:00:00,Kosovo,Kosovo,XK,445.68,489.43,39.28,39.24,7,21,1,1,False
2025-01-21 08:00:00,Kosovo,Kosovo,XK,451.98,497.37,37.86,37.84,8,21,1,1,False
2025-01-21 09:00:00,Kosovo,Kosovo,XK,455.32,503.62,36.02,36.0,9,21,1,1,False
2025-01-21 10:00:00,Kosovo,Kosovo,XK,479.95,531.17,32.1,32.04,10,21,1,1,False
2025-01-21 11:00:00,Kosovo,Kosovo,XK,489.37,539.34,31.88,31.82,11,21,1,1,False
2025-01-21 12:00:00,Kosovo,Kosovo,XK,487.93,535.14,33.52,33.46,12,21,1,1,False
2025-01-21 13:00:00,Kosovo,Kosovo,XK,479.93,526.64,34.51,34.46,13,21,1,1,False
2025-01-21 14:00:00,Kosovo,Kosovo,XK,456.15,500.03,38.27,38.18,14,21,1,1,False
2025-01-21 15:00:00,Kosovo,Kosovo,XK,444.94,488.18,39.65,39.57,15,21,1,1,False
2025-01-21 16:00:00,Kosovo,Kosovo,XK,437.16,480.45,40.31,40.27,16,21,1,1,False
2025-01-21 17:00:00,Kosovo,Kosovo,XK,437.73,480.89,40.27,40.23,17,21,1,1,False
2025-01-21 18:00:00,Kosovo,Kosovo,XK,450.54,493.92,38.89,38.86,18,21,1,1,False
2025-01-21 19:00:00,Kosovo,Kosovo,XK,442.87,486.29,39.58,39.55,19,21,1,1,False
2025-01-21 20:00:00,Kosovo,Kosovo,XK,494.84,543.11,31.87,31.8,20,21,1,1,False
2025-01-21 21:00:00,Kosovo,Kosovo,XK,532.83,587.31,24.8,24.46,21,21,1,1,False
2025-01-21 22:00:00,Kosovo,Kosovo,XK,561.06,617.18,21.36,20.56,22,21,1,1,False
2025-01-21 23:00:00,Kosovo,Kosovo,XK,585.28,643.03,18.1,17.31,23,21,1,1,False
2025-01-22 00:00:00,Kosovo,Kosovo,XK,633.3,693.84,12.0,11.08,0,22,1,2,False
2025-01-22 01:00:00,Kosovo,Kosovo,XK,662.78,725.22,8.01,7.36,1,22,1,2,False
2025-01-22 02:00:00,Kosovo,Kosovo,XK,669.46,732.17,7.12,6.72,2,22,1,2,False
2025-01-22 03:00:00,Kosovo,Kosovo,XK,669.45,729.29,8.67,8.52,3,22,1,2,False
2025-01-22 04:00:00,Kosovo,Kosovo,XK,595.78,650.8,18.55,18.54,4,22,1,2,False
2025-01-22 05:00:00,Kosovo,Kosovo,XK,527.51,577.13,28.25,28.2,5,22,1,2,False
2025-01-22 06:00:00,Kosovo,Kosovo,XK,451.64,495.95,38.43,38.42,6,22,1,2,False
2025-01-22 07:00:00,Kosovo,Kosovo,XK,425.98,471.29,40.52,40.52,7,22,1,2,False
2025-01-22 08:00:00,Kosovo,Kosovo,XK,423.92,470.02,40.57,40.57,8,22,1,2,False
2025-01-22 09:00:00,Kosovo,Kosovo,XK,444.3,492.61,37.64,37.64,9,22,1,2,False
2025-01-22 10:00:00,Kosovo,Kosovo,XK,466.8,516.71,34.7,34.69,10,22,1,2,False
2025-01-22 11:00:00,Kosovo,Kosovo,XK,466.0,515.97,34.77,34.76,11,22,1,2,False
2025-01-22 12:00:00,Kosovo,Kosovo,XK,472.64,521.81,34.45,34.45,12,22,1,2,False
2025-01-22 13:00:00,Kosovo,Kosovo,XK,475.33,523.93,34.32,34.32,13,22,1,2,False
2025-01-22 14:00:00,Kosovo,Kosovo,XK,441.36,485.47,39.85,39.84,14,22,1,2,False
2025-01-22 15:00:00,Kosovo,Kosovo,XK,434.8,477.55,41.04,41.02,15,22,1,2,False
2025-01-22 16:00:00,Kosovo,Kosovo,XK,435.41,478.28,40.86,40.84,16,22,1,2,False
2025-01-22 17:00:00,Kosovo,Kosovo,XK,436.67,479.31,40.81,40.77,17,22,1,2,False
2025-01-22 18:00:00,Kosovo,Kosovo,XK,448.44,491.75,39.31,39.28,18,22,1,2,False
2025-01-22 19:00:00,Kosovo,Kosovo,XK,452.53,496.27,38.65,38.6,19,22,1,2,False
2025-01-22 20:00:00,Kosovo,Kosovo,XK,499.08,546.8,31.95,31.86,20,22,1,2,False
2025-01-22 21:00:00,Kosovo,Kosovo,XK,531.17,582.36,26.92,26.76,21,22,1,2,False
2025-01-22 22:00:00,Kosovo,Kosovo,XK,560.64,615.55,21.97,21.59,22,22,1,2,False
2025-01-22 23:00:00,Kosovo,Kosovo,XK,606.49,664.19,16.05,15.42,23,22,1,2,False
2025-01-23 00:00:00,Kosovo,Kosovo,XK,687.2,745.86,7.96,7.13,0,23,1,3,False
2025-01-23 01:00:00,Kosovo,Kosovo,XK,727.25,786.63,3.71,3.14,1,23,1,3,False
2025-01-23 02:00:00,Kosovo,Kosovo,XK,737.93,797.76,2.37,2.01,2,23,1,3,False
2025-01-23 03:00:00,Kosovo,Kosovo,XK,723.6,782.76,4.13,3.71,3,23,1,3,False
2025-01-23 04:00:00,Kosovo,Kosovo,XK,638.21,691.58,15.41,15.33,4,23,1,3,False
2025-01-23 05:00:00,Kosovo,Kosovo,XK,524.48,572.8,29.54,29.49,5,23,1,3,False
2025-01-23 06:00:00,Kosovo,Kosovo,XK,482.63,528.3,34.88,34.87,6,23,1,3,False
2025-01-23 07:00:00,Kosovo,Kosovo,XK,469.5,515.3,36.23,36.23,7,23,1,3,False
2025-01-23 08:00:00,Kosovo,Kosovo,XK,480.47,528.42,34.24,34.11,8,23,1,3,False
2025-01-23 09:00:00,Kosovo,Kosovo,XK,525.21,576.94,28.14,27.64,9,23,1,3,False
2025-01-23 10:00:00,Kosovo,Kosovo,XK,558.35,611.77,24.04,23.34,10,23,1,3,False
2025-01-23 11:00:00,Kosovo,Kosovo,XK,544.01,597.06,25.62,25.13,11,23,1,3,False
2025-01-23 12:00:00,Kosovo,Kosovo,XK,551.25,604.45,24.65,24.42,12,23,1,3,False
2025-01-23 13:00:00,Kosovo,Kosovo,XK,530.24,580.67,28.12,28.09,13,23,1,3,False
2025-01-23 14:00:00,Kosovo,Kosovo,XK,488.39,536.28,33.8,33.79,14,23,1,3,False
2025-01-23 15:00:00,Kosovo,Kosovo,XK,460.54,505.64,37.98,37.98,15,23,1,3,False
2025-01-23 16:00:00,Kosovo,Kosovo,XK,462.61,507.95,37.57,37.55,16,23,1,3,False
2025-01-23 17:00:00,Kosovo,Kosovo,XK,473.83,519.57,36.21,36.2,17,23,1,3,False
2025-01-23 18:00:00,Kosovo,Kosovo,XK,475.14,520.66,36.08,36.06,18,23,1,3,False
2025-01-23 19:00:00,Kosovo,Kosovo,XK,489.12,535.79,33.7,33.63,19,23,1,3,False
2025-01-23 20:00:00,Kosovo,Kosovo,XK,518.91,570.74,27.78,27.74,20,23,1,3,False
2025-01-23 21:00:00,Kosovo,Kosovo,XK,563.58,616.41,22.86,22.7,21,23,1,3,False
2025-01-23 22:00:00,Kosovo,Kosovo,XK,602.11,656.62,18.32,17.7,22,23,1,3,False
2025-01-23 23:00:00,Kosovo,Kosovo,XK,647.39,705.18,12.21,11.46,23,23,1,3,False
2025-01-24 00:00:00,Kosovo,Kosovo,XK,708.58,767.48,5.88,4.9,0,24,1,4,False
2025-01-24 01:00:00,Kosovo,Kosovo,XK,709.87,769.16,5.54,4.58,1,24,1,4,False
2025-01-24 02:00:00,Kosovo,Kosovo,XK,721.4,781.15,4.13,3.36,2,24,1,4,False
2025-01-24 03:00:00,Kosovo,Kosovo,XK,735.24,795.25,2.58,2.08,3,24,1,4,False
2025-01-24 04:00:00,Kosovo,Kosovo,XK,717.2,775.15,5.24,5.24,4,24,1,4,False
2025-01-24 05:00:00,Kosovo,Kosovo,XK,585.51,637.06,21.79,21.77,5,24,1,4,False
2025-01-24 06:00:00,Kosovo,Kosovo,XK,544.84,594.74,26.74,26.69,6,24,1,4,False
2025-01-24 07:00:00,Kosovo,Kosovo,XK,539.09,588.77,27.11,27.1,7,24,1,4,False
2025-01-24 08:00:00,Kosovo,Kosovo,XK,555.0,610.74,22.4,22.36,8,24,1,4,False
2025-01-24 09:00:00,Kosovo,Kosovo,XK,563.63,621.48,20.63,20.35,9,24,1,4,False
2025-01-24 10:00:00,Kosovo,Kosovo,XK,553.45,610.98,21.95,21.48,10,24,1,4,False
2025-01-24 11:00:00,Kosovo,Kosovo,XK,564.9,623.34,20.31,20.03,11,24,1,4,False
2025-01-24 12:00:00,Kosovo,Kosovo,XK,565.27,623.46,20.35,20.18,12,24,1,4,False
2025-01-24 13:00:00,Kosovo,Kosovo,XK,565.39,622.5,20.76,20.64,13,24,1,4,False
2025-01-24 14:00:00,Kosovo,Kosovo,XK,533.52,584.02,27.41,27.39,14,24,1,4,False
2025-01-24 15:00:00,Kosovo,Kosovo,XK,494.79,542.12,33.33,33.28,15,24,1,4,False
2025-01-24 16:00:00,Kosovo,Kosovo,XK,488.71,535.66,34.08,34.0,16,24,1,4,False
2025-01-24 17:00:00,Kosovo,Kosovo,XK,507.91,555.36,31.77,31.67,17,24,1,4,False
2025-01-24 18:00:00,Kosovo,Kosovo,XK,517.69,565.92,30.47,30.36,18,24,1,4,False
2025-01-24 19:00:00,Kosovo,Kosovo,XK,534.16,583.87,28.11,28.0,19,24,1,4,False
2025-01-24 20:00:00,Kosovo,Kosovo,XK,587.15,638.15,21.6,21.42,20,24,1,4,False
2025-01-24 21:00:00,Kosovo,Kosovo,XK,639.7,693.94,14.7,13.68,21,24,1,4,False
2025-01-24 22:00:00,Kosovo,Kosovo,XK,660.5,717.07,11.84,9.67,22,24,1,4,False
2025-01-24 23:00:00,Kosovo,Kosovo,XK,685.09,743.83,8.63,5.86,23,24,1,4,False
2025-01-25 00:00:00,Kosovo,Kosovo,XK,671.14,729.68,10.24,6.9,0,25,1,5,False
2025-01-25 01:00:00,Kosovo,Kosovo,XK,672.87,731.37,10.03,7.02,1,25,1,5,False
2025-01-25 02:00:00,Kosovo,Kosovo,XK,682.26,741.04,8.89,6.36,2,25,1,5,False
2025-01-25 03:00:00,Kosovo,Kosovo,XK,684.37,743.25,8.59,6.21,3,25,1,5,False
2025-01-25 04:00:00,Kosovo,Kosovo,XK,684.19,743.07,8.62,6.18,4,25,1,5,False
2025-01-25 05:00:00,Kosovo,Kosovo,XK,698.26,757.07,7.04,5.7,5,25,1,5,False
2025-01-25 06:00:00,Kosovo,Kosovo,XK,716.15,775.09,5.08,4.4,6,25,1,5,False
2025-01-25 07:00:00,Kosovo,Kosovo,XK,619.55,677.1,15.7,14.0,7,25,1,5,False
2025-01-25 08:00:00,Kosovo,Kosovo,XK,561.06,617.2,22.63,20.98,8,25,1,5,False
2025-01-25 09:00:00,Kosovo,Kosovo,XK,552.61,607.62,24.36,22.56,9,25,1,5,False
2025-01-25 10:00:00,Kosovo,Kosovo,XK,537.82,592.46,26.1,24.43,10,25,1,5,False
2025-01-25 11:00:00,Kosovo,Kosovo,XK,545.88,600.53,25.27,23.54,11,25,1,5,False
2025-01-25 12:00:00,Kosovo,Kosovo,XK,591.84,647.9,19.72,17.83,12,25,1,5,False
2025-01-25 13:00:00,Kosovo,Kosovo,XK,654.18,711.75,12.24,10.54,13,25,1,5,False
2025-01-25 14:00:00,Kosovo,Kosovo,XK,642.72,699.98,13.07,12.51,14,25,1,5,False
2025-01-25 15:00:00,Kosovo,Kosovo,XK,536.79,586.77,27.83,27.57,15,25,1,5,False
2025-01-25 16:00:00,Kosovo,Kosovo,XK,510.85,559.28,31.05,30.73,16,25,1,5,False
2025-01-25 17:00:00,Kosovo,Kosovo,XK,517.03,564.91,30.58,30.32,17,25,1,5,False
2025-01-25 18:00:00,Kosovo,Kosovo,XK,524.77,573.27,29.52,29.14,18,25,1,5,False
2025-01-25 19:00:00,Kosovo,Kosovo,XK,543.48,592.11,27.45,27.15,19,25,1,5,False
2025-01-25 20:00:00,Kosovo,Kosovo,XK,596.23,648.04,20.44,19.75,20,25,1,5,False
2025-01-25 21:00:00,Kosovo,Kosovo,XK,601.94,654.89,19.35,18.41,21,25,1,5,False
2025-01-25 22:00:00,Kosovo,Kosovo,XK,620.79,674.84,17.0,15.88,22,25,1,5,False
2025-01-25 23:00:00,Kosovo,Kosovo,XK,678.75,737.84,8.89,6.88,23,25,1,5,False
2025-01-26 00:00:00,Kosovo,Kosovo,XK,692.22,750.8,7.87,6.1,0,26,1,6,False
2025-01-26 01:00:00,Kosovo,Kosovo,XK,702.38,761.14,6.65,5.48,1,26,1,6,False
2025-01-26 02:00:00,Kosovo,Kosovo,XK,703.53,762.11,6.57,5.64,2,26,1,6,False
2025-01-26 03:00:00,Kosovo,Kosovo,XK,706.62,765.51,6.11,5.13,3,26,1,6,False
2025-01-26 04:00:00,Kosovo,Kosovo,XK,705.82,764.8,6.13,5.17,4,26,1,6,False
2025-01-26 05:00:00,Kosovo,Kosovo,XK,711.94,771.03,5.4,4.65,5,26,1,6,False
2025-01-26 06:00:00,Kosovo,Kosovo,XK,722.59,781.69,4.27,3.88,6,26,1,6,False
2025-01-26 07:00:00,Kosovo,Kosovo,XK,679.03,737.34,9.17,8.04,7,26,1,6,False
2025-01-26 08:00:00,Kosovo,Kosovo,XK,610.98,668.86,16.49,14.54,8,26,1,6,False
2025-01-26 09:00:00,Kosovo,Kosovo,XK,613.57,670.39,17.09,14.53,9,26,1,6,False
2025-01-26 10:00:00,Kosovo,Kosovo,XK,612.7,669.31,17.39,14.51,10,26,1,6,False
2025-01-26 11:00:00,Kosovo,Kosovo,XK,602.93,659.73,18.43,15.24,11,26,1,6,False
2025-01-26 12:00:00,Kosovo,Kosovo,XK,634.99,692.45,14.66,11.8,12,26,1,6,False
2025-01-26 13:00:00,Kosovo,Kosovo,XK,676.15,734.16,9.84,8.2,13,26,1,6,False
2025-01-26 14:00:00,Kosovo,Kosovo,XK,644.49,699.5,14.24,13.5,14,26,1,6,False
2025-01-26 15:00:00,Kosovo,Kosovo,XK,569.43,618.35,24.56,24.42,15,26,1,6,False
2025-01-26 16:00:00,Kosovo,Kosovo,XK,560.03,608.33,25.78,25.61,16,26,1,6,False
2025-01-26 17:00:00,Kosovo,Kosovo,XK,571.47,621.26,23.95,23.54,17,26,1,6,False
2025-01-26 18:00:00,Kosovo,Kosovo,XK,579.62,629.97,22.87,22.41,18,26,1,6,False
2025-01-26 19:00:00,Kosovo,Kosovo,XK,599.9,651.93,20.07,19.34,19,26,1,6,False
2025-01-26 20:00:00,Kosovo,Kosovo,XK,625.68,680.12,16.44,15.11,20,26,1,6,False
2025-01-26 21:00:00,Kosovo,Kosovo,XK,620.4,674.93,17.04,15.12,21,26,1,6,False
2025-01-26 22:00:00,Kosovo,Kosovo,XK,647.38,703.77,13.52,11.14,22,26,1,6,False
2025-01-26 23:00:00,Kosovo,Kosovo,XK,651.83,708.65,12.87,10.16,23,26,1,6,False
2025-01-27 00:00:00,Kosovo,Kosovo,XK,669.25,727.08,10.6,8.07,0,27,1,0,False
2025-01-27 01:00:00,Kosovo,Kosovo,XK,680.4,738.95,9.1,6.75,1,27,1,0,False
2025-01-27 02:00:00,Kosovo,Kosovo,XK,674.3,732.7,9.76,7.46,2,27,1,0,False
2025-01-27 03:00:00,Kosovo,Kosovo,XK,675.09,733.53,9.65,7.47,3,27,1,0,False
2025-01-27 04:00:00,Kosovo,Kosovo,XK,682.58,741.14,8.78,7.01,4,27,1,0,False
2025-01-27 05:00:00,Kosovo,Kosovo,XK,620.05,672.01,18.05,17.66,5,27,1,0,False
2025-01-27 06:00:00,Kosovo,Kosovo,XK,539.31,586.26,28.62,28.34,6,27,1,0,False
2025-01-27 07:00:00,Kosovo,Kosovo,XK,554.92,603.22,26.41,26.28,7,27,1,0,False
2025-01-27 08:00:00,Kosovo,Kosovo,XK,561.06,616.63,22.12,21.91,8,27,1,0,False
2025-01-27 09:00:00,Kosovo,Kosovo,XK,565.62,621.38,21.91,21.34,9,27,1,0,False
2025-01-27 10:00:00,Kosovo,Kosovo,XK,565.01,622.43,21.32,20.51,10,27,1,0,False
2025-01-27 11:00:00,Kosovo,Kosovo,XK,564.08,621.44,21.48,20.8,11,27,1,0,False
2025-01-27 12:00:00,Kosovo,Kosovo,XK,592.79,650.34,18.32,17.67,12,27,1,0,False
2025-01-27 13:00:00,Kosovo,Kosovo,XK,595.92,653.32,17.81,17.58,13,27,1,0,False
2025-01-27 14:00:00,Kosovo,Kosovo,XK,575.7,624.88,23.93,23.69,14,27,1,0,False
2025-01-27 15:00:00,Kosovo,Kosovo,XK,508.19,554.09,32.29,32.13,15,27,1,0,False
2025-01-27 16:00:00,Kosovo,Kosovo,XK,493.82,538.48,34.21,34.01,16,27,1,0,False
2025-01-27 17:00:00,Kosovo,Kosovo,XK,501.45,546.76,33.18,33.0,17,27,1,0,False
2025-01-27 18:00:00,Kosovo,Kosovo,XK,497.88,542.97,33.67,33.33,18,27,1,0,False
2025-01-27 19:00:00,Kosovo,Kosovo,XK,525.8,571.66,30.33,30.09,19,27,1,0,False
2025-01-27 20:00:00,Kosovo,Kosovo,XK,597.79,649.44,20.35,19.83,20,27,1,0,False
2025-01-27 21:00:00,Kosovo,Kosovo,XK,596.67,649.29,20.18,18.96,21,27,1,0,False
2025-01-27 22:00:00,Kosovo,Kosovo,XK,614.44,668.55,17.72,16.31,22,27,1,0,False
2025-01-27 23:00:00,Kosovo,Kosovo,XK,649.42,705.91,13.12,11.41,23,27,1,0,False
2025-01-28 00:00:00,Kosovo,Kosovo,XK,655.86,713.02,12.18,10.33,0,28,1,1,False
2025-01-28 01:00:00,Kosovo,Kosovo,XK,672.96,730.71,10.12,8.63,1,28,1,1,False
2025-01-28 02:00:00,Kosovo,Kosovo,XK,675.34,733.28,9.78,8.37,2,28,1,1,False
2025-01-28 03:00:00,Kosovo,Kosovo,XK,670.01,727.57,10.52,8.99,3,28,1,1,False
2025-01-28 04:00:00,Kosovo,Kosovo,XK,668.89,726.11,10.76,9.57,4,28,1,1,False
2025-01-28 05:00:00,Kosovo,Kosovo,XK,590.63,641.84,21.45,21.0,5,28,1,1,False
2025-01-28 06:00:00,Kosovo,Kosovo,XK,556.54,604.58,26.3,26.04,6,28,1,1,False
2025-01-28 07:00:00,Kosovo,Kosovo,XK,576.79,626.27,23.57,23.57,7,28,1,1,False
2025-01-28 08:00:00,Kosovo,Kosovo,XK,566.47,621.26,21.87,21.86,8,28,1,1,False
2025-01-28 09:00:00,Kosovo,Kosovo,XK,572.08,629.39,20.2,19.92,9,28,1,1,False
2025-01-28 10:00:00,Kosovo,Kosovo,XK,595.04,652.4,18.03,17.57,10,28,1,1,False
2025-01-28 11:00:00,Kosovo,Kosovo,XK,611.05,669.72,15.71,15.21,11,28,1,1,False
2025-01-28 12:00:00,Kosovo,Kosovo,XK,591.76,650.2,17.64,17.27,12,28,1,1,False
2025-01-28 13:00:00,Kosovo,Kosovo,XK,588.81,645.62,18.64,18.59,13,28,1,1,False
2025-01-28 14:00:00,Kosovo,Kosovo,XK,568.75,620.21,23.32,23.32,14,28,1,1,False
2025-01-28 15:00:00,Kosovo,Kosovo,XK,520.3,565.62,31.18,31.17,15,28,1,1,False
2025-01-28 16:00:00,Kosovo,Kosovo,XK,514.25,559.0,32.01,31.99,16,28,1,1,False
2025-01-28 17:00:00,Kosovo,Kosovo,XK,523.74,568.71,30.9,30.9,17,28,1,1,False
2025-01-28 18:00:00,Kosovo,Kosovo,XK,540.61,586.91,28.62,28.54,18,28,1,1,False
2025-01-28 19:00:00,Kosovo,Kosovo,XK,554.0,601.53,26.6,26.6,19,28,1,1,False
2025-01-28 20:00:00,Kosovo,Kosovo,XK,607.3,658.86,19.38,19.2,20,28,1,1,False
2025-01-28 21:00:00,Kosovo,Kosovo,XK,597.38,648.72,20.57,20.07,21,28,1,1,False
2025-01-28 22:00:00,Kosovo,Kosovo,XK,624.64,678.36,16.85,15.68,22,28,1,1,False
2025-01-28 23:00:00,Kosovo,Kosovo,XK,701.74,760.32,6.84,5.41,23,28,1,1,False
2025-01-29 00:00:00,Kosovo,Kosovo,XK,707.58,766.61,6.03,4.55,0,29,1,2,False
2025-01-29 01:00:00,Kosovo,Kosovo,XK,716.78,775.96,4.93,3.98,1,29,1,2,False
2025-01-29 02:00:00,Kosovo,Kosovo,XK,723.07,782.43,4.15,3.44,2,29,1,2,False
2025-01-29 03:00:00,Kosovo,Kosovo,XK,726.0,785.58,3.74,3.04,3,29,1,2,False
2025-01-29 04:00:00,Kosovo,Kosovo,XK,750.03,809.87,1.1,1.0,4,29,1,2,False
2025-01-29 05:00:00,Kosovo,Kosovo,XK,604.43,654.72,20.38,20.28,5,29,1,2,False
2025-01-29 06:00:00,Kosovo,Kosovo,XK,604.65,658.56,18.3,18.29,6,29,1,2,False
2025-01-29 07:00:00,Kosovo,Kosovo,XK,594.69,649.86,18.71,18.52,7,29,1,2,False
2025-01-29 08:00:00,Kosovo,Kosovo,XK,586.7,643.47,18.97,18.37,8,29,1,2,False
2025-01-29 09:00:00,Kosovo,Kosovo,XK,571.1,626.79,21.48,20.27,9,29,1,2,False
2025-01-29 10:00:00,Kosovo,Kosovo,XK,575.97,631.8,21.12,19.59,10,29,1,2,False
2025-01-29 11:00:00,Kosovo,Kosovo,XK,557.63,613.26,22.9,21.67,11,29,1,2,False
2025-01-29 12:00:00,Kosovo,Kosovo,XK,577.66,633.27,20.75,19.64,12,29,1,2,False
2025-01-29 13:00:00,Kosovo,Kosovo,XK,600.04,654.73,18.71,18.06,13,29,1,2,False
2025-01-29 14:00:00,Kosovo,Kosovo,XK,577.47,629.56,21.93,21.93,14,29,1,2,False
2025-01-29 15:00:00,Kosovo,Kosovo,XK,499.92,547.76,31.58,31.57,15,29,1,2,False
2025-01-29 16:00:00,Kosovo,Kosovo,XK,500.39,547.82,31.67,31.63,16,29,1,2,False
2025-01-29 17:00:00,Kosovo,Kosovo,XK,522.74,570.74,29.2,29.16,17,29,1,2,False
2025-01-29 18:00:00,Kosovo,Kosovo,XK,530.67,580.8,27.17,27.11,18,29,1,2,False
2025-01-29 19:00:00,Kosovo,Kosovo,XK,550.38,602.81,23.96,23.89,19,29,1,2,False
2025-01-29 20:00:00,Kosovo,Kosovo,XK,582.18,636.65,19.87,19.78,20,29,1,2,False
2025-01-29 21:00:00,Kosovo,Kosovo,XK,589.05,643.69,19.31,19.1,21,29,1,2,False
2025-01-29 22:00:00,Kosovo,Kosovo,XK,618.35,674.13,15.98,15.53,22,29,1,2,False
2025-01-29 23:00:00,Kosovo,Kosovo,XK,671.19,728.6,10.18,9.25,23,29,1,2,False
2025-01-30 00:00:00,Kosovo,Kosovo,XK,721.36,780.6,4.31,3.63,0,30,1,3,False
2025-01-30 01:00:00,Kosovo,Kosovo,XK,731.74,792.26,2.57,1.89,1,30,1,3,False
2025-01-30 02:00:00,Kosovo,Kosovo,XK,733.36,794.24,2.15,1.59,2,30,1,3,False
2025-01-30 03:00:00,Kosovo,Kosovo,XK,757.62,817.66,0.22,0.18,3,30,1,3,False
2025-01-30 04:00:00,Kosovo,Kosovo,XK,715.89,774.67,4.88,4.87,4,30,1,3,False
2025-01-30 05:00:00,Kosovo,Kosovo,XK,607.86,659.93,18.99,18.98,5,30,1,3,False
2025-01-30 06:00:00,Kosovo,Kosovo,XK,550.52,599.73,26.07,26.06,6,30,1,3,False
2025-01-30 07:00:00,Kosovo,Kosovo,XK,562.54,615.32,22.96,22.94,7,30,1,3,False
2025-01-30 08:00:00,Kosovo,Kosovo,XK,559.81,614.88,22.04,22.02,8,30,1,3,False
2025-01-30 09:00:00,Kosovo,Kosovo,XK,579.79,637.65,18.76,18.55,9,30,1,3,False
2025-01-30 10:00:00,Kosovo,Kosovo,XK,579.79,637.63,18.99,18.49,10,30,1,3,False
2025-01-30 11:00:00,Kosovo,Kosovo,XK,595.07,652.19,18.05,17.33,11,30,1,3,False
2025-01-30 12:00:00,Kosovo,Kosovo,XK,618.78,674.6,16.39,15.8,12,30,1,3,False
2025-01-30 13:00:00,Kosovo,Kosovo,XK,620.3,674.11,17.13,17.04,13,30,1,3,False
2025-01-30 14:00:00,Kosovo,Kosovo,XK,560.0,609.48,25.18,25.18,14,30,1,3,False
2025-01-30 15:00:00,Kosovo,Kosovo,XK,505.21,551.51,32.38,32.37,15,30,1,3,False
2025-01-30 16:00:00,Kosovo,Kosovo,XK,461.74,505.82,38.04,38.02,16,30,1,3,False
2025-01-30 17:00:00,Kosovo,Kosovo,XK,474.07,518.4,36.59,36.57,17,30,1,3,False
2025-01-30 18:00:00,Kosovo,Kosovo,XK,502.99,548.04,33.14,33.09,18,30,1,3,False
2025-01-30 19:00:00,Kosovo,Kosovo,XK,530.58,577.87,29.29,29.19,19,30,1,3,False
2025-01-30 20:00:00,Kosovo,Kosovo,XK,568.66,617.38,24.65,24.4,20,30,1,3,False
2025-01-30 21:00:00,Kosovo,Kosovo,XK,589.4,640.8,21.38,20.52,21,30,1,3,False
2025-01-30 22:00:00,Kosovo,Kosovo,XK,634.27,688.63,15.46,14.59,22,30,1,3,False
2025-01-30 23:00:00,Kosovo,Kosovo,XK,680.73,739.56,8.57,7.3,23,30,1,3,False
2025-01-31 00:00:00,Kosovo,Kosovo,XK,727.73,787.23,3.66,2.74,0,31,1,4,False
2025-01-31 01:00:00,Kosovo,Kosovo,XK,740.65,800.61,2.1,1.46,1,31,1,4,False
2025-01-31 02:00:00,Kosovo,Kosovo,XK,743.45,803.43,1.78,1.33,2,31,1,4,False
2025-01-31 03:00:00,Kosovo,Kosovo,XK,749.61,809.61,1.09,0.87,3,31,1,4,False
2025-01-31 04:00:00,Kosovo,Kosovo,XK,712.99,770.62,5.94,5.6,4,31,1,4,False
2025-01-31 05:00:00,Kosovo,Kosovo,XK,586.51,636.58,22.35,22.08,5,31,1,4,False
2025-01-31 06:00:00,Kosovo,Kosovo,XK,551.78,599.18,27.06,26.95,6,31,1,4,False
2025-01-31 07:00:00,Kosovo,Kosovo,XK,535.03,585.86,26.93,26.93,7,31,1,4,False
2025-01-31 08:00:00,Kosovo,Kosovo,XK,534.91,589.34,25.35,25.34,8,31,1,4,False
2025-01-31 09:00:00,Kosovo,Kosovo,XK,549.53,604.8,23.84,23.58,9,31,1,4,False
2025-01-31 10:00:00,Kosovo,Kosovo,XK,545.78,600.9,24.42,24.12,10,31,1,4,False
2025-01-31 11:00:00,Kosovo,Kosovo,XK,554.09,610.13,23.09,22.86,11,31,1,4,False
2025-01-31 12:00:00,Kosovo,Kosovo,XK,572.59,629.79,20.55,20.18,12,31,1,4,False
2025-01-31 13:00:00,Kosovo,Kosovo,XK,595.46,653.37,17.58,17.4,13,31,1,4,False
2025-01-31 14:00:00,Kosovo,Kosovo,XK,597.34,647.88,21.04,21.04,14,31,1,4,False
2025-01-31 15:00:00,Kosovo,Kosovo,XK,520.11,567.55,30.51,30.5,15,31,1,4,False
2025-01-31 16:00:00,Kosovo,Kosovo,XK,492.63,537.3,34.42,34.39,16,31,1,4,False
2025-01-31 17:00:00,Kosovo,Kosovo,XK,496.82,541.56,33.9,33.88,17,31,1,4,False
2025-01-31 18:00:00,Kosovo,Kosovo,XK,511.49,557.37,31.96,31.63,18,31,1,4,False
2025-01-31 19:00:00,Kosovo,Kosovo,XK,541.31,588.12,28.37,28.01,19,31,1,4,False
2025-01-31 20:00:00,Kosovo,Kosovo,XK,584.66,634.45,22.47,22.37,20,31,1,4,False
2025-01-31 21:00:00,Kosovo,Kosovo,XK,599.91,651.64,20.17,19.37,21,31,1,4,False
2025-01-31 22:00:00,Kosovo,Kosovo,XK,640.21,694.53,14.9,14.18,22,31,1,4,False
2025-01-31 23:00:00,Kosovo,Kosovo,XK,649.49,709.87,10.71,9.26,23,31,1,4,False
2025-02-01 00:00:00,Kosovo,Kosovo,XK,704.66,765.18,5.45,3.94,0,1,2,5,False
2025-02-01 01:00:00,Kosovo,Kosovo,XK,709.59,771.93,3.92,2.43,1,1,2,5,False
2025-02-01 02:00:00,Kosovo,Kosovo,XK,714.63,776.25,3.83,2.45,2,1,2,5,False
2025-02-01 03:00:00,Kosovo,Kosovo,XK,735.37,795.14,2.7,2.17,3,1,2,5,False
2025-02-01 04:00:00,Kosovo,Kosovo,XK,740.15,799.75,2.28,1.98,4,1,2,5,False
2025-02-01 05:00:00,Kosovo,Kosovo,XK,704.11,761.86,6.79,6.44,5,1,2,5,False
2025-02-01 06:00:00,Kosovo,Kosovo,XK,686.88,743.72,8.81,8.71,6,1,2,5,False
2025-02-01 07:00:00,Kosovo,Kosovo,XK,567.38,624.93,20.56,20.14,7,1,2,5,False
2025-02-01 08:00:00,Kosovo,Kosovo,XK,543.7,598.92,24.71,24.02,8,1,2,5,False
2025-02-01 09:00:00,Kosovo,Kosovo,XK,563.58,618.5,23.1,21.78,9,1,2,5,False
2025-02-01 10:00:00,Kosovo,Kosovo,XK,564.93,620.8,22.48,21.26,10,1,2,5,False
2025-02-01 11:00:00,Kosovo,Kosovo,XK,573.26,629.41,21.63,19.99,11,1,2,5,False
2025-02-01 12:00:00,Kosovo,Kosovo,XK,581.09,637.48,20.57,18.88,12,1,2,5,False
2025-02-01 13:00:00,Kosovo,Kosovo,XK,640.47,698.97,13.28,11.36,13,1,2,5,False
2025-02-01 14:00:00,Kosovo,Kosovo,XK,653.95,711.99,11.57,10.94,14,1,2,5,False
2025-02-01 15:00:00,Kosovo,Kosovo,XK,565.57,616.3,23.74,23.71,15,1,2,5,False
2025-02-01 16:00:00,Kosovo,Kosovo,XK,526.97,573.93,29.55,29.5,16,1,2,5,False
2025-02-01 17:00:00,Kosovo,Kosovo,XK,535.58,582.39,28.79,28.74,17,1,2,5,False
2025-02-01 18:00:00,Kosovo,Kosovo,XK,541.55,588.11,28.41,28.36,18,1,2,5,False
2025-02-01 19:00:00,Kosovo,Kosovo,XK,548.36,595.56,27.33,27.3,19,1,2,5,False
2025-02-01 20:00:00,Kosovo,Kosovo,XK,587.02,639.77,20.53,20.31,20,1,2,5,False
2025-02-01 21:00:00,Kosovo,Kosovo,XK,624.49,680.04,15.66,14.9,21,1,2,5,False
2025-02-01 22:00:00,Kosovo,Kosovo,XK,580.93,635.31,20.61,19.28,22,1,2,5,False
2025-02-01 23:00:00,Kosovo,Kosovo,XK,645.09,705.2,11.24,9.7,23,1,2,5,False
2025-02-02 00:00:00,Kosovo,Kosovo,XK,702.19,762.11,6.03,4.42,0,2,2,6,False
2025-02-02 01:00:00,Kosovo,Kosovo,XK,716.08,777.86,3.71,1.94,1,2,2,6,False
2025-02-02 02:00:00,Kosovo,Kosovo,XK,718.7,781.38,2.8,1.34,2,2,2,6,False
2025-02-02 03:00:00,Kosovo,Kosovo,XK,731.32,793.11,1.96,1.07,3,2,2,6,False
2025-02-02 04:00:00,Kosovo,Kosovo,XK,742.11,802.63,1.54,1.12,4,2,2,6,False
2025-02-02 05:00:00,Kosovo,Kosovo,XK,745.45,805.14,1.65,1.51,5,2,2,6,False
2025-02-02 06:00:00,Kosovo,Kosovo,XK,718.48,779.42,3.43,3.3,6,2,2,6,False
2025-02-02 07:00:00,Kosovo,Kosovo,XK,640.77,700.7,11.59,11.47,7,2,2,6,False
2025-02-02 08:00:00,Kosovo,Kosovo,XK,624.37,684.1,13.44,13.24,8,2,2,6,False
2025-02-02 09:00:00,Kosovo,Kosovo,XK,611.99,670.83,15.33,14.96,9,2,2,6,False
2025-02-02 10:00:00,Kosovo,Kosovo,XK,613.24,671.2,15.82,15.27,10,2,2,6,False
2025-02-02 11:00:00,Kosovo,Kosovo,XK,610.11,667.5,16.35,16.13,11,2,2,6,False
2025-02-02 12:00:00,Kosovo,Kosovo,XK,646.46,703.51,12.89,12.56,12,2,2,6,False
2025-02-02 13:00:00,Kosovo,Kosovo,XK,654.43,709.46,13.18,12.87,13,2,2,6,False
2025-02-02 14:00:00,Kosovo,Kosovo,XK,634.42,688.36,15.64,15.38,14,2,2,6,False
2025-02-02 15:00:00,Kosovo,Kosovo,XK,559.58,608.75,25.25,25.24,15,2,2,6,False
2025-02-02 16:00:00,Kosovo,Kosovo,XK,536.52,588.59,25.68,25.67,16,2,2,6,False
2025-02-02 17:00:00,Kosovo,Kosovo,XK,536.24,588.16,25.68,25.66,17,2,2,6,False
2025-02-02 18:00:00,Kosovo,Kosovo,XK,560.87,610.69,24.65,24.58,18,2,2,6,False
2025-02-02 19:00:00,Kosovo,Kosovo,XK,571.74,626.07,21.06,20.9,19,2,2,6,False
2025-02-02 20:00:00,Kosovo,Kosovo,XK,584.22,640.94,18.6,18.25,20,2,2,6,False
2025-02-02 21:00:00,Kosovo,Kosovo,XK,596.31,655.37,16.38,15.42,21,2,2,6,False
2025-02-02 22:00:00,Kosovo,Kosovo,XK,610.38,670.53,14.47,13.26,22,2,2,6,False
2025-02-02 23:00:00,Kosovo,Kosovo,XK,609.59,669.74,14.44,13.41,23,2,2,6,False
2025-02-03 00:00:00,Kosovo,Kosovo,XK,672.67,733.3,8.34,7.03,0,3,2,0,False
2025-02-03 01:00:00,Kosovo,Kosovo,XK,698.16,758.9,5.76,4.73,1,3,2,0,False
2025-02-03 02:00:00,Kosovo,Kosovo,XK,692.2,753.43,5.98,5.11,2,3,2,0,False
2025-02-03 03:00:00,Kosovo,Kosovo,XK,691.61,751.44,6.66,6.25,3,3,2,0,False
2025-02-03 04:00:00,Kosovo,Kosovo,XK,670.59,724.87,11.76,11.76,4,3,2,0,False
2025-02-03 05:00:00,Kosovo,Kosovo,XK,514.96,561.56,31.02,31.02,5,3,2,0,False
2025-02-03 06:00:00,Kosovo,Kosovo,XK,446.69,489.25,39.71,39.7,6,3,2,0,False
2025-02-03 07:00:00,Kosovo,Kosovo,XK,435.31,476.81,41.51,41.5,7,3,2,0,False
2025-02-03 08:00:00,Kosovo,Kosovo,XK,453.74,497.72,38.48,38.47,8,3,2,0,False
2025-02-03 09:00:00,Kosovo,Kosovo,XK,513.74,564.31,29.18,28.91,9,3,2,0,False
2025-02-03 10:00:00,Kosovo,Kosovo,XK,551.26,604.54,24.11,23.71,10,3,2,0,False
2025-02-03 11:00:00,Kosovo,Kosovo,XK,538.35,590.98,25.67,25.48,11,3,2,0,False
2025-02-03 12:00:00,Kosovo,Kosovo,XK,543.01,593.5,26.33,26.11,12,3,2,0,False
2025-02-03 13:00:00,Kosovo,Kosovo,XK,544.35,591.06,28.25,28.2,13,3,2,0,False
2025-02-03 14:00:00,Kosovo,Kosovo,XK,517.19,562.16,31.74,31.71,14,3,2,0,False
2025-02-03 15:00:00,Kosovo,Kosovo,XK,473.24,517.54,36.21,36.19,15,3,2,0,False
2025-02-03 16:00:00,Kosovo,Kosovo,XK,444.33,486.74,39.98,39.96,16,3,2,0,False
2025-02-03 17:00:00,Kosovo,Kosovo,XK,443.64,485.95,39.98,39.95,17,3,2,0,False
2025-02-03 18:00:00,Kosovo,Kosovo,XK,465.07,508.32,37.4,37.36,18,3,2,0,False
2025-02-03 19:00:00,Kosovo,Kosovo,XK,481.07,525.03,35.5,35.46,19,3,2,0,False
2025-02-03 20:00:00,Kosovo,Kosovo,XK,531.5,577.26,29.75,29.67,20,3,2,0,False
2025-02-03 21:00:00,Kosovo,Kosovo,XK,556.36,605.22,25.77,25.26,21,3,2,0,False
2025-02-03 22:00:00,Kosovo,Kosovo,XK,564.93,617.96,22.7,21.81,22,3,2,0,False
2025-02-03 23:00:00,Kosovo,Kosovo,XK,588.85,647.26,17.4,16.47,23,3,2,0,False
2025-02-04 00:00:00,Kosovo,Kosovo,XK,656.35,715.2,10.91,9.61,0,4,2,1,False
2025-02-04 01:00:00,Kosovo,Kosovo,XK,648.97,710.22,10.11,9.08,1,4,2,1,False
2025-02-04 02:00:00,Kosovo,Kosovo,XK,641.96,704.04,10.22,9.41,2,4,2,1,False
2025-02-04 03:00:00,Kosovo,Kosovo,XK,623.34,684.97,12.1,11.66,3,4,2,1,False
2025-02-04 04:00:00,Kosovo,Kosovo,XK,622.72,679.11,15.04,15.04,4,4,2,1,False
2025-02-04 05:00:00,Kosovo,Kosovo,XK,520.52,568.33,29.67,29.66,5,4,2,1,False
2025-02-04 06:00:00,Kosovo,Kosovo,XK,469.8,512.97,37.16,37.15,6,4,2,1,False
2025-02-04 07:00:00,Kosovo,Kosovo,XK,461.0,506.24,36.96,36.95,7,4,2,1,False
2025-02-04 08:00:00,Kosovo,Kosovo,XK,474.96,523.29,34.12,34.12,8,4,2,1,False
2025-02-04 09:00:00,Kosovo,Kosovo,XK,484.43,534.93,32.12,31.97,9,4,2,1,False
2025-02-04 10:00:00,Kosovo,Kosovo,XK,509.17,561.12,29.02,28.66,10,4,2,1,False
2025-02-04 11:00:00,Kosovo,Kosovo,XK,503.45,556.03,29.21,28.95,11,4,2,1,False
2025-02-04 12:00:00,Kosovo,Kosovo,XK,514.79,567.09,28.23,27.94,12,4,2,1,False
2025-02-04 13:00:00,Kosovo,Kosovo,XK,542.3,594.24,25.58,25.55,13,4,2,1,False
2025-02-04 14:00:00,Kosovo,Kosovo,XK,516.04,565.28,29.51,29.51,14,4,2,1,False
2025-02-04 15:00:00,Kosovo,Kosovo,XK,473.83,517.33,36.63,36.63,15,4,2,1,False
2025-02-04 16:00:00,Kosovo,Kosovo,XK,446.15,488.13,40.01,40.0,16,4,2,1,False
2025-02-04 17:00:00,Kosovo,Kosovo,XK,453.96,496.13,39.1,39.09,17,4,2,1,False
2025-02-04 18:00:00,Kosovo,Kosovo,XK,463.91,507.29,37.44,37.42,18,4,2,1,False
2025-02-04 19:00:00,Kosovo,Kosovo,XK,469.02,513.28,36.47,36.46,19,4,2,1,False
2025-02-04 20:00:00,Kosovo,Kosovo,XK,506.59,556.86,29.45,29.43,20,4,2,1,False
2025-02-04 21:00:00,Kosovo,Kosovo,XK,511.58,562.06,28.96,28.8,21,4,2,1,False
2025-02-04 22:00:00,Kosovo,Kosovo,XK,525.97,575.62,28.15,27.84,22,4,2,1,False
2025-02-04 23:00:00,Kosovo,Kosovo,XK,551.64,608.14,21.88,21.49,23,4,2,1,False
2025-02-05 00:00:00,Kosovo,Kosovo,XK,599.4,657.01,16.81,16.17,0,5,2,2,False
2025-02-05 01:00:00,Kosovo,Kosovo,XK,619.61,677.74,14.58,14.02,1,5,2,2,False
2025-02-05 02:00:00,Kosovo,Kosovo,XK,631.5,690.31,12.97,12.61,2,5,2,2,False
2025-02-05 03:00:00,Kosovo,Kosovo,XK,639.62,697.61,12.58,12.44,3,5,2,2,False
2025-02-05 04:00:00,Kosovo,Kosovo,XK,664.37,719.14,12.08,12.08,4,5,2,2,False
2025-02-05 05:00:00,Kosovo,Kosovo,XK,585.43,637.83,20.94,20.94,5,5,2,2,False
2025-02-05 06:00:00,Kosovo,Kosovo,XK,546.71,598.69,24.99,24.99,6,5,2,2,False
2025-02-05 07:00:00,Kosovo,Kosovo,XK,548.98,602.71,24.1,24.09,7,5,2,2,False
2025-02-05 08:00:00,Kosovo,Kosovo,XK,523.07,576.15,27.29,27.26,8,5,2,2,False
2025-02-05 09:00:00,Kosovo,Kosovo,XK,517.12,569.68,28.42,28.28,9,5,2,2,False
2025-02-05 10:00:00,Kosovo,Kosovo,XK,512.49,565.56,28.72,28.56,10,5,2,2,False
2025-02-05 11:00:00,Kosovo,Kosovo,XK,514.66,567.31,28.76,28.67,11,5,2,2,False
2025-02-05 12:00:00,Kosovo,Kosovo,XK,525.61,578.19,27.68,27.45,12,5,2,2,False
2025-02-05 13:00:00,Kosovo,Kosovo,XK,535.65,589.05,25.96,25.91,13,5,2,2,False
2025-02-05 14:00:00,Kosovo,Kosovo,XK,535.32,589.35,25.3,25.29,14,5,2,2,False
2025-02-05 15:00:00,Kosovo,Kosovo,XK,495.4,544.18,31.61,31.61,15,5,2,2,False
2025-02-05 16:00:00,Kosovo,Kosovo,XK,469.51,516.55,34.86,34.85,16,5,2,2,False
2025-02-05 17:00:00,Kosovo,Kosovo,XK,457.22,503.45,36.49,36.48,17,5,2,2,False
2025-02-05 18:00:00,Kosovo,Kosovo,XK,460.0,506.18,36.23,36.23,18,5,2,2,False
2025-02-05 19:00:00,Kosovo,Kosovo,XK,522.46,569.03,30.14,30.08,19,5,2,2,False
2025-02-05 20:00:00,Kosovo,Kosovo,XK,557.75,611.96,22.5,22.22,20,5,2,2,False
2025-02-05 21:00:00,Kosovo,Kosovo,XK,559.61,613.59,22.51,21.97,21,5,2,2,False
2025-02-05 22:00:00,Kosovo,Kosovo,XK,554.77,610.2,22.24,21.59,22,5,2,2,False
2025-02-05 23:00:00,Kosovo,Kosovo,XK,563.57,620.7,20.44,19.79,23,5,2,2,False
2025-02-06 00:00:00,Kosovo,Kosovo,XK,615.01,673.98,14.6,13.74,0,6,2,3,False
2025-02-06 01:00:00,Kosovo,Kosovo,XK,634.91,695.93,11.54,10.7,1,6,2,3,False
2025-02-06 02:00:00,Kosovo,Kosovo,XK,646.13,707.79,10.02,9.4,2,6,2,3,False
2025-02-06 03:00:00,Kosovo,Kosovo,XK,652.84,713.13,10.06,9.72,3,6,2,3,False
2025-02-06 04:00:00,Kosovo,Kosovo,XK,637.88,692.7,14.55,14.54,4,6,2,3,False
2025-02-06 05:00:00,Kosovo,Kosovo,XK,544.76,593.67,26.77,26.77,5,6,2,3,False
2025-02-06 06:00:00,Kosovo,Kosovo,XK,486.26,533.15,33.58,33.58,6,6,2,3,False
2025-02-06 07:00:00,Kosovo,Kosovo,XK,484.97,534.73,32.5,32.5,7,6,2,3,False
2025-02-06 08:00:00,Kosovo,Kosovo,XK,497.07,548.98,30.5,30.48,8,6,2,3,False
2025-02-06 09:00:00,Kosovo,Kosovo,XK,507.45,560.78,28.79,28.73,9,6,2,3,False
2025-02-06 10:00:00,Kosovo,Kosovo,XK,517.28,570.91,27.73,27.67,10,6,2,3,False
2025-02-06 11:00:00,Kosovo,Kosovo,XK,523.92,578.21,26.79,26.74,11,6,2,3,False
2025-02-06 12:00:00,Kosovo,Kosovo,XK,527.73,581.35,26.62,26.59,12,6,2,3,False
2025-02-06 13:00:00,Kosovo,Kosovo,XK,522.36,575.53,27.27,27.26,13,6,2,3,False
2025-02-06 14:00:00,Kosovo,Kosovo,XK,523.47,575.3,27.6,27.6,14,6,2,3,False
2025-02-06 15:00:00,Kosovo,Kosovo,XK,493.28,538.69,33.78,33.76,15,6,2,3,False
2025-02-06 16:00:00,Kosovo,Kosovo,XK,462.81,505.58,37.97,37.95,16,6,2,3,False
2025-02-06 17:00:00,Kosovo,Kosovo,XK,463.69,505.56,38.4,38.38,17,6,2,3,False
2025-02-06 18:00:00,Kosovo,Kosovo,XK,473.53,515.63,37.34,37.31,18,6,2,3,False
2025-02-06 19:00:00,Kosovo,Kosovo,XK,506.11,552.25,31.95,31.92,19,6,2,3,False
2025-02-06 20:00:00,Kosovo,Kosovo,XK,544.17,597.1,24.46,24.4,20,6,2,3,False
2025-02-06 21:00:00,Kosovo,Kosovo,XK,545.73,598.36,24.7,24.18,21,6,2,3,False
2025-02-06 22:00:00,Kosovo,Kosovo,XK,568.23,623.46,21.28,20.17,22,6,2,3,False
2025-02-06 23:00:00,Kosovo,Kosovo,XK,586.38,645.76,17.18,16.11,23,6,2,3,False
2025-02-07 00:00:00,Kosovo,Kosovo,XK,633.79,691.14,13.93,12.64,0,7,2,4,False
2025-02-07 01:00:00,Kosovo,Kosovo,XK,649.11,707.16,11.99,10.95,1,7,2,4,False
2025-02-07 02:00:00,Kosovo,Kosovo,XK,657.52,715.65,11.11,10.15,2,7,2,4,False
2025-02-07 03:00:00,Kosovo,Kosovo,XK,656.93,714.91,11.17,10.51,3,7,2,4,False
2025-02-07 04:00:00,Kosovo,Kosovo,XK,645.32,701.68,13.01,12.91,4,7,2,4,False
2025-02-07 05:00:00,Kosovo,Kosovo,XK,598.86,652.26,19.08,19.08,5,7,2,4,False
2025-02-07 06:00:00,Kosovo,Kosovo,XK,560.16,613.44,22.87,22.87,6,7,2,4,False
2025-02-07 07:00:00,Kosovo,Kosovo,XK,535.53,589.49,25.24,24.98,7,7,2,4,False
2025-02-07 08:00:00,Kosovo,Kosovo,XK,533.55,588.25,25.37,24.65,8,7,2,4,False
2025-02-07 09:00:00,Kosovo,Kosovo,XK,558.88,614.49,22.8,21.16,9,7,2,4,False
2025-02-07 10:00:00,Kosovo,Kosovo,XK,586.72,642.84,19.99,17.79,10,7,2,4,False
2025-02-07 11:00:00,Kosovo,Kosovo,XK,592.15,648.86,19.12,17.08,11,7,2,4,False
2025-02-07 12:00:00,Kosovo,Kosovo,XK,577.43,634.31,20.31,18.78,12,7,2,4,False
2025-02-07 13:00:00,Kosovo,Kosovo,XK,604.77,661.35,17.57,16.35,13,7,2,4,False
2025-02-07 14:00:00,Kosovo,Kosovo,XK,581.06,635.1,20.76,20.58,14,7,2,4,False
2025-02-07 15:00:00,Kosovo,Kosovo,XK,529.69,576.78,29.33,29.32,15,7,2,4,False
2025-02-07 16:00:00,Kosovo,Kosovo,XK,503.5,549.82,32.09,32.06,16,7,2,4,False
2025-02-07 17:00:00,Kosovo,Kosovo,XK,502.02,550.26,31.1,31.07,17,7,2,4,False
2025-02-07 18:00:00,Kosovo,Kosovo,XK,515.0,562.3,30.39,30.36,18,7,2,4,False
2025-02-07 19:00:00,Kosovo,Kosovo,XK,526.82,575.04,28.77,28.76,19,7,2,4,False
2025-02-07 20:00:00,Kosovo,Kosovo,XK,549.01,602.08,23.99,23.89,20,7,2,4,False
2025-02-07 21:00:00,Kosovo,Kosovo,XK,547.31,598.81,25.36,24.48,21,7,2,4,False
2025-02-07 22:00:00,Kosovo,Kosovo,XK,577.67,629.96,22.23,20.73,22,7,2,4,False
2025-02-07 23:00:00,Kosovo,Kosovo,XK,603.22,656.76,19.18,17.32,23,7,2,4,False
2025-02-08 00:00:00,Kosovo,Kosovo,XK,637.79,693.17,14.89,12.97,0,8,2,5,False
2025-02-08 01:00:00,Kosovo,Kosovo,XK,665.53,722.38,11.36,9.66,1,8,2,5,False
2025-02-08 02:00:00,Kosovo,Kosovo,XK,672.39,729.58,10.41,9.02,2,8,2,5,False
2025-02-08 03:00:00,Kosovo,Kosovo,XK,671.98,729.09,10.46,9.2,3,8,2,5,False
2025-02-08 04:00:00,Kosovo,Kosovo,XK,664.1,720.73,11.43,10.36,4,8,2,5,False
2025-02-08 05:00:00,Kosovo,Kosovo,XK,627.06,680.99,16.25,15.81,5,8,2,5,False
2025-02-08 06:00:00,Kosovo,Kosovo,XK,589.27,643.06,19.91,19.65,6,8,2,5,False
2025-02-08 07:00:00,Kosovo,Kosovo,XK,542.21,594.85,25.44,25.11,7,8,2,5,False
2025-02-08 08:00:00,Kosovo,Kosovo,XK,534.1,585.95,27.05,26.38,8,8,2,5,False
2025-02-08 09:00:00,Kosovo,Kosovo,XK,545.53,598.21,25.72,24.64,9,8,2,5,False
2025-02-08 10:00:00,Kosovo,Kosovo,XK,548.98,602.01,25.21,24.14,10,8,2,5,False
2025-02-08 11:00:00,Kosovo,Kosovo,XK,552.27,605.77,24.56,23.66,11,8,2,5,False
2025-02-08 12:00:00,Kosovo,Kosovo,XK,582.26,636.88,21.12,19.62,12,8,2,5,False
2025-02-08 13:00:00,Kosovo,Kosovo,XK,603.02,658.04,18.57,17.45,13,8,2,5,False
2025-02-08 14:00:00,Kosovo,Kosovo,XK,604.27,658.43,18.53,17.95,14,8,2,5,False
2025-02-08 15:00:00,Kosovo,Kosovo,XK,565.38,616.47,23.62,23.61,15,8,2,5,False
2025-02-08 16:00:00,Kosovo,Kosovo,XK,517.19,563.73,30.67,30.64,16,8,2,5,False
2025-02-08 17:00:00,Kosovo,Kosovo,XK,516.41,564.19,30.01,30.0,17,8,2,5,False
2025-02-08 18:00:00,Kosovo,Kosovo,XK,523.11,571.38,29.07,29.06,18,8,2,5,False
2025-02-08 19:00:00,Kosovo,Kosovo,XK,528.53,578.41,27.65,27.63,19,8,2,5,False
2025-02-08 20:00:00,Kosovo,Kosovo,XK,538.26,589.73,25.92,25.7,20,8,2,5,False
2025-02-08 21:00:00,Kosovo,Kosovo,XK,533.24,586.03,25.83,25.24,21,8,2,5,False
2025-02-08 22:00:00,Kosovo,Kosovo,XK,543.72,597.65,24.39,23.28,22,8,2,5,False
2025-02-08 23:00:00,Kosovo,Kosovo,XK,570.49,627.83,20.19,18.48,23,8,2,5,False
2025-02-09 00:00:00,Kosovo,Kosovo,XK,596.72,654.94,17.26,15.37,0,9,2,6,False
2025-02-09 01:00:00,Kosovo,Kosovo,XK,616.13,674.74,15.21,13.25,1,9,2,6,False
2025-02-09 02:00:00,Kosovo,Kosovo,XK,625.28,684.2,14.13,12.27,2,9,2,6,False
2025-02-09 03:00:00,Kosovo,Kosovo,XK,634.95,693.69,13.17,11.67,3,9,2,6,False
2025-02-09 04:00:00,Kosovo,Kosovo,XK,633.95,691.87,13.63,12.43,4,9,2,6,False
2025-02-09 05:00:00,Kosovo,Kosovo,XK,628.73,685.0,14.87,14.17,5,9,2,6,False
2025-02-09 06:00:00,Kosovo,Kosovo,XK,600.47,656.31,17.7,17.44,6,9,2,6,False
2025-02-09 07:00:00,Kosovo,Kosovo,XK,549.38,604.11,23.59,23.3,7,9,2,6,False
2025-02-09 08:00:00,Kosovo,Kosovo,XK,531.13,584.44,26.7,25.81,8,9,2,6,False
2025-02-09 09:00:00,Kosovo,Kosovo,XK,524.01,576.75,28.05,26.66,9,9,2,6,False
2025-02-09 10:00:00,Kosovo,Kosovo,XK,541.31,594.66,26.28,24.3,10,9,2,6,False
2025-02-09 11:00:00,Kosovo,Kosovo,XK,540.53,593.8,26.48,24.43,11,9,2,6,False
2025-02-09 12:00:00,Kosovo,Kosovo,XK,550.5,603.86,25.25,23.36,12,9,2,6,False
2025-02-09 13:00:00,Kosovo,Kosovo,XK,577.08,631.5,21.64,20.27,13,9,2,6,False
2025-02-09 14:00:00,Kosovo,Kosovo,XK,587.3,641.74,19.99,19.74,14,9,2,6,False
2025-02-09 15:00:00,Kosovo,Kosovo,XK,575.4,629.77,20.84,20.84,15,9,2,6,False
2025-02-09 16:00:00,Kosovo,Kosovo,XK,544.96,594.35,26.45,26.35,16,9,2,6,False
2025-02-09 17:00:00,Kosovo,Kosovo,XK,541.23,591.37,26.36,26.28,17,9,2,6,False
2025-02-09 18:00:00,Kosovo,Kosovo,XK,538.24,588.33,26.6,26.52,18,9,2,6,False
2025-02-09 19:00:00,Kosovo,Kosovo,XK,541.33,591.77,26.14,26.05,19,9,2,6,False
2025-02-09 20:00:00,Kosovo,Kosovo,XK,559.14,611.78,23.36,23.05,20,9,2,6,False
2025-02-09 21:00:00,Kosovo,Kosovo,XK,545.14,599.28,23.91,23.47,21,9,2,6,False
2025-02-09 22:00:00,Kosovo,Kosovo,XK,560.87,616.37,21.77,20.96,22,9,2,6,False
2025-02-09 23:00:00,Kosovo,Kosovo,XK,590.49,649.26,17.1,16.26,23,9,2,6,False
2025-02-10 00:00:00,Kosovo,Kosovo,XK,636.45,696.69,12.01,10.93,0,10,2,0,False
2025-02-10 01:00:00,Kosovo,Kosovo,XK,658.44,719.66,9.34,8.39,1,10,2,0,False
2025-02-10 02:00:00,Kosovo,Kosovo,XK,662.34,724.21,8.5,7.76,2,10,2,0,False
2025-02-10 03:00:00,Kosovo,Kosovo,XK,669.49,730.61,8.11,7.72,3,10,2,0,False
2025-02-10 04:00:00,Kosovo,Kosovo,XK,670.45,728.49,9.65,9.6,4,10,2,0,False
2025-02-10 05:00:00,Kosovo,Kosovo,XK,585.45,638.53,20.55,20.45,5,10,2,0,False
2025-02-10 06:00:00,Kosovo,Kosovo,XK,551.43,605.34,23.34,23.33,6,10,2,0,False
2025-02-10 07:00:00,Kosovo,Kosovo,XK,548.71,605.74,22.12,22.08,7,10,2,0,False
2025-02-10 08:00:00,Kosovo,Kosovo,XK,535.57,591.62,24.27,24.14,8,10,2,0,False
2025-02-10 09:00:00,Kosovo,Kosovo,XK,553.81,609.51,23.18,22.16,9,10,2,0,False
2025-02-10 10:00:00,Kosovo,Kosovo,XK,575.37,632.07,20.62,19.26,10,10,2,0,False
2025-02-10 11:00:00,Kosovo,Kosovo,XK,562.96,619.85,21.87,20.67,11,10,2,0,False
2025-02-10 12:00:00,Kosovo,Kosovo,XK,568.41,625.61,21.09,19.98,12,10,2,0,False
2025-02-10 13:00:00,Kosovo,Kosovo,XK,583.98,641.77,18.84,18.15,13,10,2,0,False
2025-02-10 14:00:00,Kosovo,Kosovo,XK,563.63,619.77,21.28,21.27,14,10,2,0,False
2025-02-10 15:00:00,Kosovo,Kosovo,XK,486.91,533.93,33.46,33.46,15,10,2,0,False
2025-02-10 16:00:00,Kosovo,Kosovo,XK,454.53,499.43,37.55,37.54,16,10,2,0,False
2025-02-10 17:00:00,Kosovo,Kosovo,XK,452.38,497.31,37.71,37.68,17,10,2,0,False
2025-02-10 18:00:00,Kosovo,Kosovo,XK,463.31,508.27,36.66,36.64,18,10,2,0,False
2025-02-10 19:00:00,Kosovo,Kosovo,XK,472.76,519.84,34.55,34.54,19,10,2,0,False
2025-02-10 20:00:00,Kosovo,Kosovo,XK,512.33,562.91,28.79,28.78,20,10,2,0,False
2025-02-10 21:00:00,Kosovo,Kosovo,XK,538.47,591.87,24.74,24.69,21,10,2,0,False
2025-02-10 22:00:00,Kosovo,Kosovo,XK,576.44,632.73,19.62,19.28,22,10,2,0,False
2025-02-10 23:00:00,Kosovo,Kosovo,XK,617.85,677.83,13.72,13.13,23,10,2,0,False
2025-02-11 00:00:00,Kosovo,Kosovo,XK,646.24,704.89,11.87,11.05,0,11,2,1,False
2025-02-11 01:00:00,Kosovo,Kosovo,XK,667.54,724.85,10.62,9.88,1,11,2,1,False
2025-02-11 02:00:00,Kosovo,Kosovo,XK,689.06,747.26,8.06,7.37,2,11,2,1,False
2025-02-11 03:00:00,Kosovo,Kosovo,XK,671.59,729.87,9.45,9.2,3,11,2,1,False
2025-02-11 04:00:00,Kosovo,Kosovo,XK,644.03,701.04,12.71,12.71,4,11,2,1,False
2025-02-11 05:00:00,Kosovo,Kosovo,XK,539.41,589.47,26.6,26.58,5,11,2,1,False
2025-02-11 06:00:00,Kosovo,Kosovo,XK,523.8,575.67,27.17,27.14,6,11,2,1,False
2025-02-11 07:00:00,Kosovo,Kosovo,XK,548.14,603.65,23.2,23.15,7,11,2,1,False
2025-02-11 08:00:00,Kosovo,Kosovo,XK,529.47,584.08,26.22,25.54,8,11,2,1,False
2025-02-11 09:00:00,Kosovo,Kosovo,XK,563.0,618.31,22.88,21.28,9,11,2,1,False
2025-02-11 10:00:00,Kosovo,Kosovo,XK,584.79,640.49,20.62,18.42,10,11,2,1,False
2025-02-11 11:00:00,Kosovo,Kosovo,XK,589.37,644.75,20.26,18.16,11,11,2,1,False
2025-02-11 12:00:00,Kosovo,Kosovo,XK,586.56,641.67,20.51,18.72,12,11,2,1,False
2025-02-11 13:00:00,Kosovo,Kosovo,XK,593.12,648.99,19.12,17.94,13,11,2,1,False
2025-02-11 14:00:00,Kosovo,Kosovo,XK,575.72,629.98,21.07,20.9,14,11,2,1,False
2025-02-11 15:00:00,Kosovo,Kosovo,XK,503.25,549.42,32.37,32.36,15,11,2,1,False
2025-02-11 16:00:00,Kosovo,Kosovo,XK,491.72,536.69,34.05,34.0,16,11,2,1,False
2025-02-11 17:00:00,Kosovo,Kosovo,XK,483.64,528.44,34.88,34.85,17,11,2,1,False
2025-02-11 18:00:00,Kosovo,Kosovo,XK,491.02,535.95,34.05,34.02,18,11,2,1,False
2025-02-11 19:00:00,Kosovo,Kosovo,XK,517.14,564.78,29.97,29.85,19,11,2,1,False
2025-02-11 20:00:00,Kosovo,Kosovo,XK,532.17,582.82,26.81,26.72,20,11,2,1,False
2025-02-11 21:00:00,Kosovo,Kosovo,XK,553.53,607.55,22.96,22.71,21,11,2,1,False
2025-02-11 22:00:00,Kosovo,Kosovo,XK,573.36,629.5,20.25,19.25,22,11,2,1,False
2025-02-11 23:00:00,Kosovo,Kosovo,XK,604.98,663.05,16.28,14.98,23,11,2,1,False
2025-02-12 00:00:00,Kosovo,Kosovo,XK,641.94,699.8,12.96,11.5,0,12,2,2,False
2025-02-12 01:00:00,Kosovo,Kosovo,XK,660.86,719.68,10.49,9.37,1,12,2,2,False
2025-02-12 02:00:00,Kosovo,Kosovo,XK,667.46,726.36,9.68,8.94,2,12,2,2,False
2025-02-12 03:00:00,Kosovo,Kosovo,XK,663.91,722.42,10.1,9.72,3,12,2,2,False
2025-02-12 04:00:00,Kosovo,Kosovo,XK,623.04,675.95,17.11,17.01,4,12,2,2,False
2025-02-12 05:00:00,Kosovo,Kosovo,XK,534.82,584.69,27.26,27.19,5,12,2,2,False
2025-02-12 06:00:00,Kosovo,Kosovo,XK,526.2,575.28,28.48,28.45,6,12,2,2,False
2025-02-12 07:00:00,Kosovo,Kosovo,XK,543.52,597.22,24.34,24.16,7,12,2,2,False
2025-02-12 08:00:00,Kosovo,Kosovo,XK,559.46,616.05,21.46,20.93,8,12,2,2,False
2025-02-12 09:00:00,Kosovo,Kosovo,XK,557.55,613.32,22.44,21.36,9,12,2,2,False
2025-02-12 10:00:00,Kosovo,Kosovo,XK,563.04,618.58,22.13,20.67,10,12,2,2,False
2025-02-12 11:00:00,Kosovo,Kosovo,XK,560.32,615.88,22.39,20.92,11,12,2,2,False
2025-02-12 12:00:00,Kosovo,Kosovo,XK,549.1,604.11,23.58,22.51,12,12,2,2,False
2025-02-12 13:00:00,Kosovo,Kosovo,XK,558.71,613.81,22.28,21.81,13,12,2,2,False
2025-02-12 14:00:00,Kosovo,Kosovo,XK,508.33,555.63,31.27,31.21,14,12,2,2,False
2025-02-12 15:00:00,Kosovo,Kosovo,XK,472.21,517.35,35.84,35.63,15,12,2,2,False
2025-02-12 16:00:00,Kosovo,Kosovo,XK,446.39,489.28,39.37,39.3,16,12,2,2,False
2025-02-12 17:00:00,Kosovo,Kosovo,XK,454.88,498.22,38.27,38.14,17,12,2,2,False
2025-02-12 18:00:00,Kosovo,Kosovo,XK,460.68,504.62,37.46,37.26,18,12,2,2,False
2025-02-12 19:00:00,Kosovo,Kosovo,XK,472.58,517.29,35.9,35.75,19,12,2,2,False
2025-02-12 20:00:00,Kosovo,Kosovo,XK,507.57,554.41,31.4,31.27,20,12,2,2,False
2025-02-12 21:00:00,Kosovo,Kosovo,XK,534.94,583.05,28.02,27.69,21,12,2,2,False
2025-02-12 22:00:00,Kosovo,Kosovo,XK,580.06,633.6,20.58,20.13,22,12,2,2,False
2025-02-12 23:00:00,Kosovo,Kosovo,XK,600.97,653.68,19.58,18.32,23,12,2,2,False
2025-02-13 00:00:00,Kosovo,Kosovo,XK,632.37,687.39,15.51,13.88,0,13,2,3,False
2025-02-13 01:00:00,Kosovo,Kosovo,XK,658.99,715.66,12.0,10.49,1,13,2,3,False
2025-02-13 02:00:00,Kosovo,Kosovo,XK,666.89,724.3,10.85,9.32,2,13,2,3,False
2025-02-13 03:00:00,Kosovo,Kosovo,XK,659.53,716.23,11.92,10.49,3,13,2,3,False
2025-02-13 04:00:00,Kosovo,Kosovo,XK,588.76,641.53,20.92,19.83,4,13,2,3,False
2025-02-13 05:00:00,Kosovo,Kosovo,XK,545.5,596.36,25.93,25.58,5,13,2,3,False
2025-02-13 06:00:00,Kosovo,Kosovo,XK,499.44,547.72,31.58,31.57,6,13,2,3,False
2025-02-13 07:00:00,Kosovo,Kosovo,XK,483.16,531.86,32.97,32.96,7,13,2,3,False
2025-02-13 08:00:00,Kosovo,Kosovo,XK,510.05,560.86,29.37,29.37,8,13,2,3,False
2025-02-13 09:00:00,Kosovo,Kosovo,XK,528.09,581.43,26.37,26.21,9,13,2,3,False
2025-02-13 10:00:00,Kosovo,Kosovo,XK,547.75,604.21,22.81,22.55,10,13,2,3,False
2025-02-13 11:00:00,Kosovo,Kosovo,XK,542.37,597.41,24.06,23.87,11,13,2,3,False
2025-02-13 12:00:00,Kosovo,Kosovo,XK,529.42,581.07,27.06,26.94,12,13,2,3,False
2025-02-13 13:00:00,Kosovo,Kosovo,XK,526.88,577.54,27.74,27.74,13,13,2,3,False
2025-02-13 14:00:00,Kosovo,Kosovo,XK,508.96,556.68,31.09,31.08,14,13,2,3,False
2025-02-13 15:00:00,Kosovo,Kosovo,XK,497.51,544.06,32.78,32.73,15,13,2,3,False
2025-02-13 16:00:00,Kosovo,Kosovo,XK,486.23,531.87,34.25,34.16,16,13,2,3,False
2025-02-13 17:00:00,Kosovo,Kosovo,XK,493.52,539.65,33.28,33.18,17,13,2,3,False
2025-02-13 18:00:00,Kosovo,Kosovo,XK,504.56,551.19,31.95,31.86,18,13,2,3,False
2025-02-13 19:00:00,Kosovo,Kosovo,XK,503.75,550.38,32.07,31.95,19,13,2,3,False
2025-02-13 20:00:00,Kosovo,Kosovo,XK,553.69,602.62,25.96,25.88,20,13,2,3,False
2025-02-13 21:00:00,Kosovo,Kosovo,XK,580.56,633.07,21.53,21.12,21,13,2,3,False
2025-02-13 22:00:00,Kosovo,Kosovo,XK,613.62,668.34,17.23,16.4,22,13,2,3,False
2025-02-13 23:00:00,Kosovo,Kosovo,XK,656.87,712.39,12.67,11.97,23,13,2,3,False
2025-02-14 00:00:00,Kosovo,Kosovo,XK,682.06,739.06,9.48,8.73,0,14,2,4,False
2025-02-14 01:00:00,Kosovo,Kosovo,XK,704.24,762.31,6.67,6.17,1,14,2,4,False
2025-02-14 02:00:00,Kosovo,Kosovo,XK,717.44,776.14,5.0,4.65,2,14,2,4,False
2025-02-14 03:00:00,Kosovo,Kosovo,XK,705.97,763.8,6.53,6.24,3,14,2,4,False
2025-02-14 04:00:00,Kosovo,Kosovo,XK,653.7,708.14,13.5,13.04,4,14,2,4,False
2025-02-14 05:00:00,Kosovo,Kosovo,XK,562.69,613.15,24.5,24.3,5,14,2,4,False
2025-02-14 06:00:00,Kosovo,Kosovo,XK,499.8,545.89,32.84,32.84,6,14,2,4,False
2025-02-14 07:00:00,Kosovo,Kosovo,XK,498.4,545.96,32.09,32.05,7,14,2,4,False
2025-02-14 08:00:00,Kosovo,Kosovo,XK,514.51,565.84,28.51,28.29,8,14,2,4,False
2025-02-14 09:00:00,Kosovo,Kosovo,XK,555.17,611.44,22.17,21.53,9,14,2,4,False
2025-02-14 10:00:00,Kosovo,Kosovo,XK,571.08,627.04,20.96,20.11,10,14,2,4,False
2025-02-14 11:00:00,Kosovo,Kosovo,XK,573.52,630.38,20.16,19.38,11,14,2,4,False
2025-02-14 12:00:00,Kosovo,Kosovo,XK,560.3,616.84,21.45,20.94,12,14,2,4,False
2025-02-14 13:00:00,Kosovo,Kosovo,XK,547.6,604.06,22.43,22.33,13,14,2,4,False
2025-02-14 14:00:00,Kosovo,Kosovo,XK,512.98,564.39,28.49,28.48,14,14,2,4,False
2025-02-14 15:00:00,Kosovo,Kosovo,XK,479.25,527.05,33.69,33.68,15,14,2,4,False
2025-02-14 16:00:00,Kosovo,Kosovo,XK,470.62,515.6,36.1,36.09,16,14,2,4,False
2025-02-14 17:00:00,Kosovo,Kosovo,XK,476.67,522.18,35.24,35.22,17,14,2,4,False
2025-02-14 18:00:00,Kosovo,Kosovo,XK,482.4,529.15,33.91,33.89,18,14,2,4,False
2025-02-14 19:00:00,Kosovo,Kosovo,XK,478.69,525.37,34.29,34.28,19,14,2,4,False
2025-02-14 20:00:00,Kosovo,Kosovo,XK,523.47,572.36,28.82,28.81,20,14,2,4,False
2025-02-14 21:00:00,Kosovo,Kosovo,XK,577.23,628.08,22.7,22.53,21,14,2,4,False
2025-02-14 22:00:00,Kosovo,Kosovo,XK,610.48,663.35,18.47,18.02,22,14,2,4,False
2025-02-14 23:00:00,Kosovo,Kosovo,XK,648.3,706.88,11.81,10.72,23,14,2,4,False
2025-02-15 00:00:00,Kosovo,Kosovo,XK,722.53,781.92,4.32,3.38,0,15,2,5,False
2025-02-15 01:00:00,Kosovo,Kosovo,XK,711.76,770.94,5.62,4.36,1,15,2,5,False
2025-02-15 02:00:00,Kosovo,Kosovo,XK,723.49,782.83,4.26,3.45,2,15,2,5,False
2025-02-15 03:00:00,Kosovo,Kosovo,XK,729.22,788.57,3.62,3.05,3,15,2,5,False
2025-02-15 04:00:00,Kosovo,Kosovo,XK,723.3,782.59,4.26,3.58,4,15,2,5,False
2025-02-15 05:00:00,Kosovo,Kosovo,XK,706.32,764.34,6.51,6.1,5,15,2,5,False
2025-02-15 06:00:00,Kosovo,Kosovo,XK,700.69,757.93,7.39,7.16,6,15,2,5,False
2025-02-15 07:00:00,Kosovo,Kosovo,XK,620.49,677.11,16.08,14.58,7,15,2,5,False
2025-02-15 08:00:00,Kosovo,Kosovo,XK,567.83,624.14,21.58,19.97,8,15,2,5,False
2025-02-15 09:00:00,Kosovo,Kosovo,XK,544.28,600.24,24.17,22.71,9,15,2,5,False
2025-02-15 10:00:00,Kosovo,Kosovo,XK,539.7,595.59,24.74,23.41,10,15,2,5,False
2025-02-15 11:00:00,Kosovo,Kosovo,XK,532.16,588.18,25.42,24.2,11,15,2,5,False
2025-02-15 12:00:00,Kosovo,Kosovo,XK,536.73,593.29,24.4,23.47,12,15,2,5,False
2025-02-15 13:00:00,Kosovo,Kosovo,XK,553.97,608.26,23.5,23.01,13,15,2,5,False
2025-02-15 14:00:00,Kosovo,Kosovo,XK,535.33,582.52,28.88,28.83,14,15,2,5,False
2025-02-15 15:00:00,Kosovo,Kosovo,XK,508.69,555.44,31.64,31.61,15,15,2,5,False
2025-02-15 16:00:00,Kosovo,Kosovo,XK,488.64,533.45,34.51,34.46,16,15,2,5,False
2025-02-15 17:00:00,Kosovo,Kosovo,XK,486.0,530.85,34.7,34.66,17,15,2,5,False
2025-02-15 18:00:00,Kosovo,Kosovo,XK,494.35,539.8,33.59,33.57,18,15,2,5,False
2025-02-15 19:00:00,Kosovo,Kosovo,XK,515.72,562.29,30.84,30.8,19,15,2,5,False
2025-02-15 20:00:00,Kosovo,Kosovo,XK,545.26,594.11,26.68,26.55,20,15,2,5,False
2025-02-15 21:00:00,Kosovo,Kosovo,XK,564.05,615.21,23.71,23.41,21,15,2,5,False
2025-02-15 22:00:00,Kosovo,Kosovo,XK,577.84,631.29,21.22,20.63,22,15,2,5,False
2025-02-15 23:00:00,Kosovo,Kosovo,XK,621.63,675.28,17.16,15.98,23,15,2,5,False
2025-02-16 00:00:00,Kosovo,Kosovo,XK,661.38,717.79,12.09,10.29,0,16,2,6,False
2025-02-16 01:00:00,Kosovo,Kosovo,XK,709.74,768.64,5.93,4.66,1,16,2,6,False
2025-02-16 02:00:00,Kosovo,Kosovo,XK,728.62,788.36,3.56,2.56,2,16,2,6,False
2025-02-16 03:00:00,Kosovo,Kosovo,XK,733.48,793.47,2.9,2.07,3,16,2,6,False
2025-02-16 04:00:00,Kosovo,Kosovo,XK,721.28,780.05,4.57,4.17,4,16,2,6,False
2025-02-16 05:00:00,Kosovo,Kosovo,XK,687.47,744.25,8.94,8.5,5,16,2,6,False
2025-02-16 06:00:00,Kosovo,Kosovo,XK,658.62,715.26,11.54,11.54,6,16,2,6,False
2025-02-16 07:00:00,Kosovo,Kosovo,XK,600.33,651.81,20.22,20.03,7,16,2,6,False
2025-02-16 08:00:00,Kosovo,Kosovo,XK,591.52,643.07,21.21,20.91,8,16,2,6,False
2025-02-16 09:00:00,Kosovo,Kosovo,XK,556.38,608.27,24.34,24.32,9,16,2,6,False
2025-02-16 10:00:00,Kosovo,Kosovo,XK,564.53,616.01,23.82,23.76,10,16,2,6,False
2025-02-16 11:00:00,Kosovo,Kosovo,XK,557.14,607.96,24.88,24.81,11,16,2,6,False
2025-02-16 12:00:00,Kosovo,Kosovo,XK,561.73,613.66,23.76,23.72,12,16,2,6,False
2025-02-16 13:00:00,Kosovo,Kosovo,XK,565.2,614.85,24.8,24.54,13,16,2,6,False
2025-02-16 14:00:00,Kosovo,Kosovo,XK,548.39,596.74,26.99,26.62,14,16,2,6,False
2025-02-16 15:00:00,Kosovo,Kosovo,XK,532.67,581.38,28.17,28.11,15,16,2,6,False
2025-02-16 16:00:00,Kosovo,Kosovo,XK,515.81,563.58,30.28,30.15,16,16,2,6,False
2025-02-16 17:00:00,Kosovo,Kosovo,XK,516.09,564.23,29.9,29.82,17,16,2,6,False
2025-02-16 18:00:00,Kosovo,Kosovo,XK,531.54,579.57,28.4,28.28,18,16,2,6,False
2025-02-16 19:00:00,Kosovo,Kosovo,XK,541.84,590.51,27.04,26.95,19,16,2,6,False
2025-02-16 20:00:00,Kosovo,Kosovo,XK,581.33,632.0,22.06,21.71,20,16,2,6,False
2025-02-16 21:00:00,Kosovo,Kosovo,XK,593.82,645.49,20.42,19.39,21,16,2,6,False
2025-02-16 22:00:00,Kosovo,Kosovo,XK,619.72,673.02,17.17,15.57,22,16,2,6,False
2025-02-16 23:00:00,Kosovo,Kosovo,XK,655.46,711.67,12.52,10.56,23,16,2,6,False
2025-02-17 00:00:00,Kosovo,Kosovo,XK,684.13,741.97,8.86,6.93,0,17,2,0,False
2025-02-17 01:00:00,Kosovo,Kosovo,XK,700.38,758.71,6.9,5.62,1,17,2,0,False
2025-02-17 02:00:00,Kosovo,Kosovo,XK,706.14,764.53,6.23,5.34,2,17,2,0,False
2025-02-17 03:00:00,Kosovo,Kosovo,XK,701.01,759.28,6.76,5.88,3,17,2,0,False
2025-02-17 04:00:00,Kosovo,Kosovo,XK,724.99,783.73,4.09,3.89,4,17,2,0,False
2025-02-17 05:00:00,Kosovo,Kosovo,XK,593.83,645.31,20.81,20.55,5,17,2,0,False
2025-02-17 06:00:00,Kosovo,Kosovo,XK,525.1,572.41,29.57,29.46,6,17,2,0,False
2025-02-17 07:00:00,Kosovo,Kosovo,XK,499.78,545.8,32.8,32.71,7,17,2,0,False
2025-02-17 08:00:00,Kosovo,Kosovo,XK,504.61,549.57,33.02,32.8,8,17,2,0,False
2025-02-17 09:00:00,Kosovo,Kosovo,XK,557.42,607.24,25.44,24.94,9,17,2,0,False
2025-02-17 10:00:00,Kosovo,Kosovo,XK,576.24,627.11,22.93,21.95,10,17,2,0,False
2025-02-17 11:00:00,Kosovo,Kosovo,XK,591.95,643.87,20.76,19.87,11,17,2,0,False
2025-02-17 12:00:00,Kosovo,Kosovo,XK,590.98,643.18,20.81,19.96,12,17,2,0,False
2025-02-17 13:00:00,Kosovo,Kosovo,XK,591.24,643.2,20.85,20.36,13,17,2,0,False
2025-02-17 14:00:00,Kosovo,Kosovo,XK,533.18,581.74,28.12,27.96,14,17,2,0,False
2025-02-17 15:00:00,Kosovo,Kosovo,XK,489.63,536.53,33.11,33.04,15,17,2,0,False
2025-02-17 16:00:00,Kosovo,Kosovo,XK,464.41,509.25,36.64,36.6,16,17,2,0,False
2025-02-17 17:00:00,Kosovo,Kosovo,XK,457.4,501.45,37.75,37.71,17,17,2,0,False
2025-02-17 18:00:00,Kosovo,Kosovo,XK,472.64,517.5,35.81,35.76,18,17,2,0,False
2025-02-17 19:00:00,Kosovo,Kosovo,XK,485.58,532.27,33.52,33.48,19,17,2,0,False
2025-02-17 20:00:00,Kosovo,Kosovo,XK,521.08,569.78,28.97,28.88,20,17,2,0,False
2025-02-17 21:00:00,Kosovo,Kosovo,XK,560.85,615.12,21.97,21.87,21,17,2,0,False
2025-02-17 22:00:00,Kosovo,Kosovo,XK,588.29,643.6,18.87,18.28,22,17,2,0,False
2025-02-17 23:00:00,Kosovo,Kosovo,XK,635.52,693.95,12.84,11.8,23,17,2,0,False
2025-02-18 00:00:00,Kosovo,Kosovo,XK,693.99,752.3,7.43,6.36,0,18,2,1,False
2025-02-18 01:00:00,Kosovo,Kosovo,XK,714.4,773.93,4.78,3.97,1,18,2,1,False
2025-02-18 02:00:00,Kosovo,Kosovo,XK,718.68,778.63,4.23,3.65,2,18,2,1,False
2025-02-18 03:00:00,Kosovo,Kosovo,XK,725.08,784.44,3.86,3.57,3,18,2,1,False
2025-02-18 04:00:00,Kosovo,Kosovo,XK,668.85,727.08,9.64,9.64,4,18,2,1,False
2025-02-18 05:00:00,Kosovo,Kosovo,XK,535.91,585.6,27.41,27.39,5,18,2,1,False
2025-02-18 06:00:00,Kosovo,Kosovo,XK,486.44,532.72,33.97,33.95,6,18,2,1,False
2025-02-18 07:00:00,Kosovo,Kosovo,XK,482.74,528.56,34.71,34.68,7,18,2,1,False
2025-02-18 08:00:00,Kosovo,Kosovo,XK,488.73,536.34,33.27,33.26,8,18,2,1,False
2025-02-18 09:00:00,Kosovo,Kosovo,XK,539.67,593.51,24.92,24.9,9,18,2,1,False
2025-02-18 10:00:00,Kosovo,Kosovo,XK,557.56,613.43,22.11,22.08,10,18,2,1,False
2025-02-18 11:00:00,Kosovo,Kosovo,XK,562.53,619.12,21.21,21.18,11,18,2,1,False
2025-02-18 12:00:00,Kosovo,Kosovo,XK,555.51,610.97,22.55,22.53,12,18,2,1,False
2025-02-18 13:00:00,Kosovo,Kosovo,XK,543.44,596.66,24.85,24.8,13,18,2,1,False
2025-02-18 14:00:00,Kosovo,Kosovo,XK,498.06,545.4,32.39,32.34,14,18,2,1,False
2025-02-18 15:00:00,Kosovo,Kosovo,XK,484.59,530.89,34.03,33.99,15,18,2,1,False
2025-02-18 16:00:00,Kosovo,Kosovo,XK,466.7,511.75,36.27,36.22,16,18,2,1,False
2025-02-18 17:00:00,Kosovo,Kosovo,XK,461.68,505.44,37.46,37.41,17,18,2,1,False
2025-02-18 18:00:00,Kosovo,Kosovo,XK,461.67,505.33,37.45,37.38,18,18,2,1,False
2025-02-18 19:00:00,Kosovo,Kosovo,XK,479.11,525.51,34.32,34.25,19,18,2,1,False
2025-02-18 20:00:00,Kosovo,Kosovo,XK,495.38,545.03,30.91,30.86,20,18,2,1,False
2025-02-18 21:00:00,Kosovo,Kosovo,XK,526.19,576.57,27.57,27.48,21,18,2,1,False
2025-02-18 22:00:00,Kosovo,Kosovo,XK,573.42,626.32,21.79,21.37,22,18,2,1,False
2025-02-18 23:00:00,Kosovo,Kosovo,XK,619.68,678.23,14.31,13.64,23,18,2,1,False
2025-02-19 00:00:00,Kosovo,Kosovo,XK,664.42,724.41,9.4,8.62,0,19,2,2,False
2025-02-19 01:00:00,Kosovo,Kosovo,XK,696.13,757.79,5.33,4.79,1,19,2,2,False
2025-02-19 02:00:00,Kosovo,Kosovo,XK,706.39,767.97,4.33,3.98,2,19,2,2,False
2025-02-19 03:00:00,Kosovo,Kosovo,XK,697.12,758.37,5.28,5.17,3,19,2,2,False
2025-02-19 04:00:00,Kosovo,Kosovo,XK,626.81,684.1,14.16,14.16,4,19,2,2,False
2025-02-19 05:00:00,Kosovo,Kosovo,XK,520.75,570.43,28.78,28.78,5,19,2,2,False
2025-02-19 06:00:00,Kosovo,Kosovo,XK,487.6,537.73,31.67,31.66,6,19,2,2,False
2025-02-19 07:00:00,Kosovo,Kosovo,XK,470.04,519.47,33.98,33.98,7,19,2,2,False
2025-02-19 08:00:00,Kosovo,Kosovo,XK,525.07,578.73,26.46,26.44,8,19,2,2,False
2025-02-19 09:00:00,Kosovo,Kosovo,XK,573.33,627.47,21.71,21.27,9,19,2,2,False
2025-02-19 10:00:00,Kosovo,Kosovo,XK,586.92,641.77,19.99,19.5,10,19,2,2,False
2025-02-19 11:00:00,Kosovo,Kosovo,XK,592.18,647.32,19.32,18.92,11,19,2,2,False
2025-02-19 12:00:00,Kosovo,Kosovo,XK,589.79,644.89,19.61,19.33,12,19,2,2,False
2025-02-19 13:00:00,Kosovo,Kosovo,XK,582.41,637.82,20.09,19.93,13,19,2,2,False
2025-02-19 14:00:00,Kosovo,Kosovo,XK,529.76,580.38,27.67,27.65,14,19,2,2,False
2025-02-19 15:00:00,Kosovo,Kosovo,XK,476.95,526.31,33.15,33.13,15,19,2,2,False
2025-02-19 16:00:00,Kosovo,Kosovo,XK,442.46,488.88,37.89,37.85,16,19,2,2,False
2025-02-19 17:00:00,Kosovo,Kosovo,XK,441.13,487.42,37.99,37.94,17,19,2,2,False
2025-02-19 18:00:00,Kosovo,Kosovo,XK,442.43,489.09,37.57,37.51,18,19,2,2,False
2025-02-19 19:00:00,Kosovo,Kosovo,XK,452.08,500.47,35.73,35.68,19,19,2,2,False
2025-02-19 20:00:00,Kosovo,Kosovo,XK,485.17,537.32,30.43,30.36,20,19,2,2,False
2025-02-19 21:00:00,Kosovo,Kosovo,XK,491.91,543.92,29.9,29.8,21,19,2,2,False
2025-02-19 22:00:00,Kosovo,Kosovo,XK,526.44,580.89,25.27,25.04,22,19,2,2,False
2025-02-19 23:00:00,Kosovo,Kosovo,XK,542.3,599.43,22.18,22.13,23,19,2,2,False
2025-02-20 00:00:00,Kosovo,Kosovo,XK,604.58,660.11,17.33,17.08,0,20,2,3,False
2025-02-20 01:00:00,Kosovo,Kosovo,XK,618.92,674.93,15.63,15.52,1,20,2,3,False
2025-02-20 02:00:00,Kosovo,Kosovo,XK,619.89,676.06,15.41,15.4,2,20,2,3,False
2025-02-20 03:00:00,Kosovo,Kosovo,XK,645.26,703.45,11.88,11.81,3,20,2,3,False
2025-02-20 04:00:00,Kosovo,Kosovo,XK,571.53,626.95,20.46,20.45,4,20,2,3,False
2025-02-20 05:00:00,Kosovo,Kosovo,XK,509.36,560.56,28.94,28.94,5,20,2,3,False
2025-02-20 06:00:00,Kosovo,Kosovo,XK,483.95,534.93,31.49,31.47,6,20,2,3,False
2025-02-20 07:00:00,Kosovo,Kosovo,XK,502.32,553.37,29.99,29.97,7,20,2,3,False
2025-02-20 08:00:00,Kosovo,Kosovo,XK,550.14,604.88,23.53,23.37,8,20,2,3,False
2025-02-20 09:00:00,Kosovo,Kosovo,XK,601.1,657.05,18.37,16.96,9,20,2,3,False
2025-02-20 10:00:00,Kosovo,Kosovo,XK,622.63,679.63,15.8,13.88,10,20,2,3,False
2025-02-20 11:00:00,Kosovo,Kosovo,XK,632.26,689.79,14.43,12.66,11,20,2,3,False
2025-02-20 12:00:00,Kosovo,Kosovo,XK,636.93,693.82,14.28,12.62,12,20,2,3,False
2025-02-20 13:00:00,Kosovo,Kosovo,XK,629.34,685.78,15.16,13.86,13,20,2,3,False
2025-02-20 14:00:00,Kosovo,Kosovo,XK,529.28,582.27,26.33,26.3,14,20,2,3,False
2025-02-20 15:00:00,Kosovo,Kosovo,XK,494.32,544.25,31.08,31.03,15,20,2,3,False
2025-02-20 16:00:00,Kosovo,Kosovo,XK,460.66,506.57,36.39,36.33,16,20,2,3,False
2025-02-20 17:00:00,Kosovo,Kosovo,XK,454.06,500.31,36.79,36.72,17,20,2,3,False
2025-02-20 18:00:00,Kosovo,Kosovo,XK,462.14,508.33,36.07,35.99,18,20,2,3,False
2025-02-20 19:00:00,Kosovo,Kosovo,XK,469.91,517.34,34.65,34.59,19,20,2,3,False
2025-02-20 20:00:00,Kosovo,Kosovo,XK,491.35,543.07,30.14,30.08,20,20,2,3,False
2025-02-20 21:00:00,Kosovo,Kosovo,XK,484.07,535.86,30.85,30.74,21,20,2,3,False
2025-02-20 22:00:00,Kosovo,Kosovo,XK,525.25,579.58,25.46,25.23,22,20,2,3,False
2025-02-20 23:00:00,Kosovo,Kosovo,XK,588.18,649.03,16.05,15.24,23,20,2,3,False
2025-02-21 00:00:00,Kosovo,Kosovo,XK,633.62,694.7,11.86,10.58,0,21,2,4,False
2025-02-21 01:00:00,Kosovo,Kosovo,XK,671.63,731.6,8.95,7.47,1,21,2,4,False
2025-02-21 02:00:00,Kosovo,Kosovo,XK,680.73,740.08,8.35,7.15,2,21,2,4,False
2025-02-21 03:00:00,Kosovo,Kosovo,XK,593.73,652.07,17.11,16.0,3,21,2,4,False
2025-02-21 04:00:00,Kosovo,Kosovo,XK,469.46,522.3,31.69,31.66,4,21,2,4,False
2025-02-21 05:00:00,Kosovo,Kosovo,XK,430.29,478.43,38.34,38.25,5,21,2,4,False
2025-02-21 06:00:00,Kosovo,Kosovo,XK,407.57,455.77,40.47,40.45,6,21,2,4,False
2025-02-21 07:00:00,Kosovo,Kosovo,XK,433.73,482.64,37.97,37.75,7,21,2,4,False
2025-02-21 08:00:00,Kosovo,Kosovo,XK,471.61,524.49,33.01,31.61,8,21,2,4,False
2025-02-21 09:00:00,Kosovo,Kosovo,XK,513.59,565.71,29.85,27.04,9,21,2,4,False
2025-02-21 10:00:00,Kosovo,Kosovo,XK,536.1,589.29,27.18,23.98,10,21,2,4,False
2025-02-21 11:00:00,Kosovo,Kosovo,XK,549.62,603.55,25.34,22.15,11,21,2,4,False
2025-02-21 12:00:00,Kosovo,Kosovo,XK,549.51,602.98,25.41,22.59,12,21,2,4,False
2025-02-21 13:00:00,Kosovo,Kosovo,XK,525.98,577.99,28.15,26.17,13,21,2,4,False
2025-02-21 14:00:00,Kosovo,Kosovo,XK,511.14,562.57,29.44,28.51,14,21,2,4,False
2025-02-21 15:00:00,Kosovo,Kosovo,XK,420.93,465.98,41.07,41.02,15,21,2,4,False
2025-02-21 16:00:00,Kosovo,Kosovo,XK,398.29,441.75,43.8,43.7,16,21,2,4,False
2025-02-21 17:00:00,Kosovo,Kosovo,XK,395.85,439.72,43.69,43.5,17,21,2,4,False
2025-02-21 18:00:00,Kosovo,Kosovo,XK,410.01,453.21,42.71,42.44,18,21,2,4,False
2025-02-21 19:00:00,Kosovo,Kosovo,XK,415.81,460.88,41.11,40.75,19,21,2,4,False
2025-02-21 20:00:00,Kosovo,Kosovo,XK,427.84,475.47,38.53,38.26,20,21,2,4,False
2025-02-21 21:00:00,Kosovo,Kosovo,XK,441.55,490.7,36.53,35.94,21,21,2,4,False
2025-02-21 22:00:00,Kosovo,Kosovo,XK,474.34,524.79,32.74,31.65,22,21,2,4,False
2025-02-21 23:00:00,Kosovo,Kosovo,XK,495.69,550.05,28.52,27.23,23,21,2,4,False
2025-02-22 00:00:00,Kosovo,Kosovo,XK,542.92,600.07,22.7,21.02,0,22,2,5,False
2025-02-22 01:00:00,Kosovo,Kosovo,XK,573.3,631.43,19.5,17.65,1,22,2,5,False
2025-02-22 02:00:00,Kosovo,Kosovo,XK,593.0,650.36,18.07,16.23,2,22,2,5,False
2025-02-22 03:00:00,Kosovo,Kosovo,XK,589.33,647.19,18.0,16.5,3,22,2,5,False
2025-02-22 04:00:00,Kosovo,Kosovo,XK,558.58,617.76,19.82,19.25,4,22,2,5,False
2025-02-22 05:00:00,Kosovo,Kosovo,XK,537.41,593.71,23.37,23.14,5,22,2,5,False
2025-02-22 06:00:00,Kosovo,Kosovo,XK,512.34,567.96,26.41,26.08,6,22,2,5,False
2025-02-22 07:00:00,Kosovo,Kosovo,XK,508.82,560.49,29.8,28.31,7,22,2,5,False
2025-02-22 08:00:00,Kosovo,Kosovo,XK,530.22,582.4,27.92,25.32,8,22,2,5,False
2025-02-22 09:00:00,Kosovo,Kosovo,XK,537.96,590.34,27.34,24.11,9,22,2,5,False
2025-02-22 10:00:00,Kosovo,Kosovo,XK,553.27,606.86,25.3,21.76,10,22,2,5,False
2025-02-22 11:00:00,Kosovo,Kosovo,XK,565.17,619.21,23.75,20.42,11,22,2,5,False
2025-02-22 12:00:00,Kosovo,Kosovo,XK,563.24,616.66,24.09,21.26,12,22,2,5,False
2025-02-22 13:00:00,Kosovo,Kosovo,XK,548.82,600.6,26.16,23.93,13,22,2,5,False
2025-02-22 14:00:00,Kosovo,Kosovo,XK,522.54,573.38,28.78,27.59,14,22,2,5,False
2025-02-22 15:00:00,Kosovo,Kosovo,XK,483.02,529.5,34.64,34.02,15,22,2,5,False
2025-02-22 16:00:00,Kosovo,Kosovo,XK,430.02,473.2,41.18,40.94,16,22,2,5,False
2025-02-22 17:00:00,Kosovo,Kosovo,XK,424.68,467.81,41.66,41.48,17,22,2,5,False
2025-02-22 18:00:00,Kosovo,Kosovo,XK,436.42,480.34,40.08,39.87,18,22,2,5,False
2025-02-22 19:00:00,Kosovo,Kosovo,XK,449.5,493.49,38.86,38.52,19,22,2,5,False
2025-02-22 20:00:00,Kosovo,Kosovo,XK,488.1,537.4,32.27,31.6,20,22,2,5,False
2025-02-22 21:00:00,Kosovo,Kosovo,XK,496.69,548.53,29.99,29.27,21,22,2,5,False
2025-02-22 22:00:00,Kosovo,Kosovo,XK,503.47,554.13,30.01,29.16,22,22,2,5,False
2025-02-22 23:00:00,Kosovo,Kosovo,XK,515.33,572.93,24.83,24.01,23,22,2,5,False
2025-02-23 00:00:00,Kosovo,Kosovo,XK,574.07,627.7,22.2,19.8,0,23,2,6,False
2025-02-23 01:00:00,Kosovo,Kosovo,XK,612.27,668.32,17.25,14.7,1,23,2,6,False
2025-02-23 02:00:00,Kosovo,Kosovo,XK,627.68,684.25,15.43,13.1,2,23,2,6,False
2025-02-23 03:00:00,Kosovo,Kosovo,XK,625.33,681.45,15.76,13.79,3,23,2,6,False
2025-02-23 04:00:00,Kosovo,Kosovo,XK,594.07,647.86,19.99,18.24,4,23,2,6,False
2025-02-23 05:00:00,Kosovo,Kosovo,XK,577.04,629.77,22.22,20.62,5,23,2,6,False
2025-02-23 06:00:00,Kosovo,Kosovo,XK,582.29,634.81,21.72,20.63,6,23,2,6,False
2025-02-23 07:00:00,Kosovo,Kosovo,XK,573.1,627.15,22.54,19.73,7,23,2,6,False
2025-02-23 08:00:00,Kosovo,Kosovo,XK,559.32,612.66,24.58,21.14,8,23,2,6,False
2025-02-23 09:00:00,Kosovo,Kosovo,XK,547.5,600.37,26.27,22.15,9,23,2,6,False
2025-02-23 10:00:00,Kosovo,Kosovo,XK,547.92,600.74,26.22,22.29,10,23,2,6,False
2025-02-23 11:00:00,Kosovo,Kosovo,XK,552.79,605.82,25.65,21.63,11,23,2,6,False
2025-02-23 12:00:00,Kosovo,Kosovo,XK,557.94,610.84,24.98,21.49,12,23,2,6,False
2025-02-23 13:00:00,Kosovo,Kosovo,XK,555.55,608.36,25.1,21.88,13,23,2,6,False
2025-02-23 14:00:00,Kosovo,Kosovo,XK,522.79,572.48,29.47,27.69,14,23,2,6,False
2025-02-23 15:00:00,Kosovo,Kosovo,XK,457.8,503.3,37.65,36.96,15,23,2,6,False
2025-02-23 16:00:00,Kosovo,Kosovo,XK,435.44,479.56,40.38,39.72,16,23,2,6,False
2025-02-23 17:00:00,Kosovo,Kosovo,XK,432.36,476.02,40.81,40.12,17,23,2,6,False
2025-02-23 18:00:00,Kosovo,Kosovo,XK,430.11,473.31,41.2,40.61,18,23,2,6,False
2025-02-23 19:00:00,Kosovo,Kosovo,XK,437.32,480.97,40.22,39.61,19,23,2,6,False
2025-02-23 20:00:00,Kosovo,Kosovo,XK,446.96,491.88,38.57,37.98,20,23,2,6,False
2025-02-23 21:00:00,Kosovo,Kosovo,XK,476.81,525.41,33.64,32.99,21,23,2,6,False
2025-02-23 22:00:00,Kosovo,Kosovo,XK,490.93,541.15,31.62,30.36,22,23,2,6,False
2025-02-23 23:00:00,Kosovo,Kosovo,XK,547.05,601.71,23.48,22.78,23,23,2,6,False
2025-02-24 00:00:00,Kosovo,Kosovo,XK,589.75,642.53,20.54,19.77,0,24,2,0,False
2025-02-24 01:00:00,Kosovo,Kosovo,XK,620.31,674.62,16.74,15.98,1,24,2,0,False
2025-02-24 02:00:00,Kosovo,Kosovo,XK,631.8,686.62,15.33,14.74,2,24,2,0,False
2025-02-24 03:00:00,Kosovo,Kosovo,XK,617.66,671.82,17.01,16.76,3,24,2,0,False
2025-02-24 04:00:00,Kosovo,Kosovo,XK,529.66,582.6,26.36,26.26,4,24,2,0,False
2025-02-24 05:00:00,Kosovo,Kosovo,XK,462.07,508.01,36.68,36.63,5,24,2,0,False
2025-02-24 06:00:00,Kosovo,Kosovo,XK,426.86,470.4,41.26,41.21,6,24,2,0,False
2025-02-24 07:00:00,Kosovo,Kosovo,XK,429.37,475.49,39.58,39.45,7,24,2,0,False
2025-02-24 08:00:00,Kosovo,Kosovo,XK,444.32,493.58,36.51,36.28,8,24,2,0,False
2025-02-24 09:00:00,Kosovo,Kosovo,XK,477.69,529.93,32.15,31.2,9,24,2,0,False
2025-02-24 10:00:00,Kosovo,Kosovo,XK,512.6,565.29,28.87,27.22,10,24,2,0,False
2025-02-24 11:00:00,Kosovo,Kosovo,XK,508.46,561.92,28.68,27.36,11,24,2,0,False
2025-02-24 12:00:00,Kosovo,Kosovo,XK,506.97,559.38,29.33,28.13,12,24,2,0,False
2025-02-24 13:00:00,Kosovo,Kosovo,XK,496.69,548.24,30.49,30.05,13,24,2,0,False
2025-02-24 14:00:00,Kosovo,Kosovo,XK,457.17,503.79,36.77,36.59,14,24,2,0,False
2025-02-24 15:00:00,Kosovo,Kosovo,XK,426.41,469.55,41.61,41.37,15,24,2,0,False
2025-02-24 16:00:00,Kosovo,Kosovo,XK,412.01,453.98,43.34,43.19,16,24,2,0,False
2025-02-24 17:00:00,Kosovo,Kosovo,XK,429.39,472.18,41.2,41.14,17,24,2,0,False
2025-02-24 18:00:00,Kosovo,Kosovo,XK,474.54,519.53,35.64,35.58,18,24,2,0,False
2025-02-24 19:00:00,Kosovo,Kosovo,XK,482.23,527.94,34.58,34.51,19,24,2,0,False
2025-02-24 20:00:00,Kosovo,Kosovo,XK,493.93,540.73,32.87,32.82,20,24,2,0,False
2025-02-24 21:00:00,Kosovo,Kosovo,XK,514.12,563.7,29.46,29.36,21,24,2,0,False
2025-02-24 22:00:00,Kosovo,Kosovo,XK,552.28,606.13,23.42,23.26,22,24,2,0,False
2025-02-24 23:00:00,Kosovo,Kosovo,XK,607.89,665.39,15.86,15.69,23,24,2,0,False
2025-02-25 00:00:00,Kosovo,Kosovo,XK,664.13,723.24,9.68,9.39,0,25,2,1,False
2025-02-25 01:00:00,Kosovo,Kosovo,XK,699.64,758.14,6.71,6.39,1,25,2,1,False
2025-02-25 02:00:00,Kosovo,Kosovo,XK,712.89,771.15,5.51,5.39,2,25,2,1,False
2025-02-25 03:00:00,Kosovo,Kosovo,XK,691.2,749.19,7.65,7.65,3,25,2,1,False
2025-02-25 04:00:00,Kosovo,Kosovo,XK,625.31,679.99,16.09,15.9,4,25,2,1,False
2025-02-25 05:00:00,Kosovo,Kosovo,XK,541.33,591.54,26.62,26.59,5,25,2,1,False
2025-02-25 06:00:00,Kosovo,Kosovo,XK,502.95,551.56,31.06,31.06,6,25,2,1,False
2025-02-25 07:00:00,Kosovo,Kosovo,XK,500.87,547.78,32.28,32.27,7,25,2,1,False
2025-02-25 08:00:00,Kosovo,Kosovo,XK,563.6,618.15,22.25,22.23,8,25,2,1,False
2025-02-25 09:00:00,Kosovo,Kosovo,XK,580.13,636.37,20.21,19.48,9,25,2,1,False
2025-02-25 10:00:00,Kosovo,Kosovo,XK,602.69,659.42,17.88,16.57,10,25,2,1,False
2025-02-25 11:00:00,Kosovo,Kosovo,XK,603.78,661.76,17.17,15.93,11,25,2,1,False
2025-02-25 12:00:00,Kosovo,Kosovo,XK,598.6,657.78,16.92,15.9,12,25,2,1,False
2025-02-25 13:00:00,Kosovo,Kosovo,XK,589.72,648.75,17.39,17.16,13,25,2,1,False
2025-02-25 14:00:00,Kosovo,Kosovo,XK,554.86,608.69,23.32,23.32,14,25,2,1,False
2025-02-25 15:00:00,Kosovo,Kosovo,XK,523.31,571.2,29.58,29.45,15,25,2,1,False
2025-02-25 16:00:00,Kosovo,Kosovo,XK,476.35,521.03,35.73,35.66,16,25,2,1,False
2025-02-25 17:00:00,Kosovo,Kosovo,XK,455.94,499.14,38.45,38.42,17,25,2,1,False
2025-02-25 18:00:00,Kosovo,Kosovo,XK,475.3,519.78,35.86,35.77,18,25,2,1,False
2025-02-25 19:00:00,Kosovo,Kosovo,XK,498.65,544.98,32.66,32.4,19,25,2,1,False
2025-02-25 20:00:00,Kosovo,Kosovo,XK,525.84,573.94,29.12,28.88,20,25,2,1,False
2025-02-25 21:00:00,Kosovo,Kosovo,XK,566.53,617.83,23.54,23.26,21,25,2,1,False
2025-02-25 22:00:00,Kosovo,Kosovo,XK,607.57,661.24,18.4,17.9,22,25,2,1,False
2025-02-25 23:00:00,Kosovo,Kosovo,XK,606.42,658.8,19.32,18.37,23,25,2,1,False
2025-02-26 00:00:00,Kosovo,Kosovo,XK,632.6,687.43,15.6,14.29,0,26,2,2,False
2025-02-26 01:00:00,Kosovo,Kosovo,XK,670.33,726.51,11.03,10.33,1,26,2,2,False
2025-02-26 02:00:00,Kosovo,Kosovo,XK,676.73,733.09,10.27,9.71,2,26,2,2,False
2025-02-26 03:00:00,Kosovo,Kosovo,XK,661.18,716.77,12.26,11.5,3,26,2,2,False
2025-02-26 04:00:00,Kosovo,Kosovo,XK,598.51,650.77,20.21,19.56,4,26,2,2,False
2025-02-26 05:00:00,Kosovo,Kosovo,XK,533.71,582.29,28.28,28.02,5,26,2,2,False
2025-02-26 06:00:00,Kosovo,Kosovo,XK,512.78,559.37,31.26,31.13,6,26,2,2,False
2025-02-26 07:00:00,Kosovo,Kosovo,XK,510.22,556.56,31.73,31.72,7,26,2,2,False
2025-02-26 08:00:00,Kosovo,Kosovo,XK,580.11,632.22,21.95,21.84,8,26,2,2,False
2025-02-26 09:00:00,Kosovo,Kosovo,XK,584.01,640.79,19.62,18.79,9,26,2,2,False
2025-02-26 10:00:00,Kosovo,Kosovo,XK,596.27,654.36,18.05,16.57,10,26,2,2,False
2025-02-26 11:00:00,Kosovo,Kosovo,XK,587.91,645.44,19.03,17.77,11,26,2,2,False
2025-02-26 12:00:00,Kosovo,Kosovo,XK,577.79,632.71,21.18,20.17,12,26,2,2,False
2025-02-26 13:00:00,Kosovo,Kosovo,XK,592.91,646.65,19.96,19.45,13,26,2,2,False
2025-02-26 14:00:00,Kosovo,Kosovo,XK,551.38,599.07,26.97,26.94,14,26,2,2,False
2025-02-26 15:00:00,Kosovo,Kosovo,XK,496.93,542.33,33.51,33.39,15,26,2,2,False
2025-02-26 16:00:00,Kosovo,Kosovo,XK,477.99,522.24,35.9,35.77,16,26,2,2,False
2025-02-26 17:00:00,Kosovo,Kosovo,XK,470.11,513.74,36.94,36.85,17,26,2,2,False
2025-02-26 18:00:00,Kosovo,Kosovo,XK,485.38,529.89,34.91,34.78,18,26,2,2,False
2025-02-26 19:00:00,Kosovo,Kosovo,XK,510.12,556.09,31.79,31.7,19,26,2,2,False
2025-02-26 20:00:00,Kosovo,Kosovo,XK,556.94,605.25,26.04,25.93,20,26,2,2,False
2025-02-26 21:00:00,Kosovo,Kosovo,XK,571.3,620.51,24.23,23.96,21,26,2,2,False
2025-02-26 22:00:00,Kosovo,Kosovo,XK,613.01,665.35,18.7,17.9,22,26,2,2,False
2025-02-26 23:00:00,Kosovo,Kosovo,XK,666.88,723.78,11.25,9.7,23,26,2,2,False
2025-02-27 00:00:00,Kosovo,Kosovo,XK,692.89,751.46,7.85,6.25,0,27,2,3,False
2025-02-27 01:00:00,Kosovo,Kosovo,XK,697.42,755.92,7.33,6.12,1,27,2,3,False
2025-02-27 02:00:00,Kosovo,Kosovo,XK,693.49,751.92,7.71,6.68,2,27,2,3,False
2025-02-27 03:00:00,Kosovo,Kosovo,XK,688.93,747.0,8.31,7.36,3,27,2,3,False
2025-02-27 04:00:00,Kosovo,Kosovo,XK,694.28,751.58,8.07,7.53,4,27,2,3,False
2025-02-27 05:00:00,Kosovo,Kosovo,XK,562.16,612.16,24.71,24.67,5,27,2,3,False
2025-02-27 06:00:00,Kosovo,Kosovo,XK,528.72,576.19,29.25,29.16,6,27,2,3,False
2025-02-27 07:00:00,Kosovo,Kosovo,XK,530.99,577.63,29.48,29.4,7,27,2,3,False
2025-02-27 08:00:00,Kosovo,Kosovo,XK,599.15,650.23,20.55,20.3,8,27,2,3,False
2025-02-27 09:00:00,Kosovo,Kosovo,XK,625.73,680.64,16.2,15.17,9,27,2,3,False
2025-02-27 10:00:00,Kosovo,Kosovo,XK,647.92,704.83,13.22,11.61,10,27,2,3,False
2025-02-27 11:00:00,Kosovo,Kosovo,XK,649.78,706.6,13.01,11.5,11,27,2,3,False
2025-02-27 12:00:00,Kosovo,Kosovo,XK,653.91,708.45,13.57,12.99,12,27,2,3,False
2025-02-27 13:00:00,Kosovo,Kosovo,XK,607.25,658.63,19.72,19.34,13,27,2,3,False
2025-02-27 14:00:00,Kosovo,Kosovo,XK,555.54,603.61,26.41,26.32,14,27,2,3,False
2025-02-27 15:00:00,Kosovo,Kosovo,XK,502.89,548.79,32.57,32.53,15,27,2,3,False
2025-02-27 16:00:00,Kosovo,Kosovo,XK,483.51,528.38,34.89,34.79,16,27,2,3,False
2025-02-27 17:00:00,Kosovo,Kosovo,XK,475.41,519.74,35.96,35.89,17,27,2,3,False
2025-02-27 18:00:00,Kosovo,Kosovo,XK,482.77,527.48,35.02,34.95,18,27,2,3,False
2025-02-27 19:00:00,Kosovo,Kosovo,XK,497.43,543.15,33.07,32.97,19,27,2,3,False
2025-02-27 20:00:00,Kosovo,Kosovo,XK,534.67,581.45,28.92,28.69,20,27,2,3,False
2025-02-27 21:00:00,Kosovo,Kosovo,XK,575.54,624.88,23.76,23.43,21,27,2,3,False
2025-02-27 22:00:00,Kosovo,Kosovo,XK,611.39,663.74,18.83,18.08,22,27,2,3,False
2025-02-27 23:00:00,Kosovo,Kosovo,XK,655.32,711.4,12.78,11.38,23,27,2,3,False
2025-02-28 00:00:00,Kosovo,Kosovo,XK,691.95,750.21,8.03,6.72,0,28,2,4,False
2025-02-28 01:00:00,Kosovo,Kosovo,XK,698.47,756.72,7.3,6.36,1,28,2,4,False
2025-02-28 02:00:00,Kosovo,Kosovo,XK,711.12,769.88,5.72,5.04,2,28,2,4,False
2025-02-28 03:00:00,Kosovo,Kosovo,XK,715.83,774.78,5.13,4.52,3,28,2,4,False
2025-02-28 04:00:00,Kosovo,Kosovo,XK,701.29,759.29,7.06,6.37,4,28,2,4,False
2025-02-28 05:00:00,Kosovo,Kosovo,XK,558.6,607.84,25.44,25.33,5,28,2,4,False
2025-02-28 06:00:00,Kosovo,Kosovo,XK,522.09,569.16,30.1,30.06,6,28,2,4,False
2025-02-28 07:00:00,Kosovo,Kosovo,XK,520.98,568.5,29.95,29.94,7,28,2,4,False
2025-02-28 08:00:00,Kosovo,Kosovo,XK,543.7,597.34,24.6,24.58,8,28,2,4,False
2025-02-28 09:00:00,Kosovo,Kosovo,XK,552.06,607.52,23.04,22.99,9,28,2,4,False
2025-02-28 10:00:00,Kosovo,Kosovo,XK,558.98,613.97,22.67,22.62,10,28,2,4,False
2025-02-28 11:00:00,Kosovo,Kosovo,XK,566.54,622.21,21.52,21.48,11,28,2,4,False
2025-02-28 12:00:00,Kosovo,Kosovo,XK,586.85,643.05,19.1,19.07,12,28,2,4,False
2025-02-28 13:00:00,Kosovo,Kosovo,XK,598.08,652.88,18.62,18.49,13,28,2,4,False
2025-02-28 14:00:00,Kosovo,Kosovo,XK,542.53,591.4,27.25,26.99,14,28,2,4,False
2025-02-28 15:00:00,Kosovo,Kosovo,XK,484.0,528.94,34.9,34.88,15,28,2,4,False
2025-02-28 16:00:00,Kosovo,Kosovo,XK,487.7,532.66,34.43,34.39,16,28,2,4,False
2025-02-28 17:00:00,Kosovo,Kosovo,XK,481.71,526.42,35.18,35.16,17,28,2,4,False
2025-02-28 18:00:00,Kosovo,Kosovo,XK,498.74,544.37,32.95,32.93,18,28,2,4,False
2025-02-28 19:00:00,Kosovo,Kosovo,XK,510.26,556.59,31.45,31.42,19,28,2,4,False
2025-02-28 20:00:00,Kosovo,Kosovo,XK,533.18,580.27,28.84,28.78,20,28,2,4,False
2025-02-28 21:00:00,Kosovo,Kosovo,XK,566.78,615.34,24.8,24.59,21,28,2,4,False
2025-02-28 22:00:00,Kosovo,Kosovo,XK,602.61,653.41,20.27,19.79,22,28,2,4,False
2025-02-28 23:00:00,Kosovo,Kosovo,XK,655.8,710.55,13.17,12.39,23,28,2,4,False
2025-03-01 00:00:00,Kosovo,Kosovo,XK,693.38,751.5,7.97,6.57,0,1,3,5,False
2025-03-01 01:00:00,Kosovo,Kosovo,XK,696.67,755.23,7.46,6.04,1,1,3,5,False
2025-03-01 02:00:00,Kosovo,Kosovo,XK,689.65,748.33,8.21,6.42,2,1,3,5,False
2025-03-01 03:00:00,Kosovo,Kosovo,XK,681.42,739.65,9.24,7.49,3,1,3,5,False
2025-03-01 04:00:00,Kosovo,Kosovo,XK,690.84,748.81,8.28,7.12,4,1,3,5,False
2025-03-01 05:00:00,Kosovo,Kosovo,XK,624.39,677.67,16.97,16.84,5,1,3,5,False
2025-03-01 06:00:00,Kosovo,Kosovo,XK,586.49,637.31,21.93,21.79,6,1,3,5,False
2025-03-01 07:00:00,Kosovo,Kosovo,XK,629.15,681.13,17.15,17.05,7,1,3,5,False
2025-03-01 08:00:00,Kosovo,Kosovo,XK,619.85,677.41,15.08,15.05,8,1,3,5,False
2025-03-01 09:00:00,Kosovo,Kosovo,XK,629.59,688.03,13.71,13.64,9,1,3,5,False
2025-03-01 10:00:00,Kosovo,Kosovo,XK,639.76,697.98,12.91,12.8,10,1,3,5,False
2025-03-01 11:00:00,Kosovo,Kosovo,XK,667.4,726.64,9.57,9.31,11,1,3,5,False
2025-03-01 12:00:00,Kosovo,Kosovo,XK,672.39,730.96,9.45,9.12,12,1,3,5,False
2025-03-01 13:00:00,Kosovo,Kosovo,XK,671.7,729.79,9.66,9.49,13,1,3,5,False
2025-03-01 14:00:00,Kosovo,Kosovo,XK,606.7,657.87,19.82,19.5,14,1,3,5,False
2025-03-01 15:00:00,Kosovo,Kosovo,XK,508.93,554.86,32.03,31.82,15,1,3,5,False
2025-03-01 16:00:00,Kosovo,Kosovo,XK,486.0,530.87,34.74,34.39,16,1,3,5,False
2025-03-01 17:00:00,Kosovo,Kosovo,XK,492.17,537.24,34.02,33.87,17,1,3,5,False
2025-03-01 18:00:00,Kosovo,Kosovo,XK,500.59,546.07,32.93,32.76,18,1,3,5,False
2025-03-01 19:00:00,Kosovo,Kosovo,XK,518.46,565.04,30.61,30.37,19,1,3,5,False
2025-03-01 20:00:00,Kosovo,Kosovo,XK,537.06,584.54,28.42,28.14,20,1,3,5,False
2025-03-01 21:00:00,Kosovo,Kosovo,XK,569.56,618.75,24.37,23.88,21,1,3,5,False
2025-03-01 22:00:00,Kosovo,Kosovo,XK,618.08,670.14,18.17,17.61,22,1,3,5,False
2025-03-01 23:00:00,Kosovo,Kosovo,XK,636.53,690.64,15.61,14.25,23,1,3,5,False
2025-03-02 00:00:00,Kosovo,Kosovo,XK,673.15,730.55,10.49,8.58,0,2,3,6,False
2025-03-02 01:00:00,Kosovo,Kosovo,XK,684.35,741.94,9.17,7.71,1,2,3,6,False
2025-03-02 02:00:00,Kosovo,Kosovo,XK,671.03,727.75,10.92,9.47,2,2,3,6,False
2025-03-02 03:00:00,Kosovo,Kosovo,XK,668.99,725.16,11.3,10.2,3,2,3,6,False
2025-03-02 04:00:00,Kosovo,Kosovo,XK,693.78,750.87,8.26,7.61,4,2,3,6,False
2025-03-02 05:00:00,Kosovo,Kosovo,XK,660.34,714.34,12.99,12.83,5,2,3,6,False
2025-03-02 06:00:00,Kosovo,Kosovo,XK,640.71,693.83,15.46,15.1,6,2,3,6,False
2025-03-02 07:00:00,Kosovo,Kosovo,XK,616.49,669.01,18.42,17.57,7,2,3,6,False
2025-03-02 08:00:00,Kosovo,Kosovo,XK,624.29,678.95,16.92,15.32,8,2,3,6,False
2025-03-02 09:00:00,Kosovo,Kosovo,XK,602.86,656.75,19.61,17.54,9,2,3,6,False
2025-03-02 10:00:00,Kosovo,Kosovo,XK,587.9,641.4,21.48,19.03,10,2,3,6,False
2025-03-02 11:00:00,Kosovo,Kosovo,XK,567.72,619.99,24.14,21.64,11,2,3,6,False
2025-03-02 12:00:00,Kosovo,Kosovo,XK,554.52,605.87,25.93,23.35,12,2,3,6,False
2025-03-02 13:00:00,Kosovo,Kosovo,XK,558.7,610.28,25.35,22.79,13,2,3,6,False
2025-03-02 14:00:00,Kosovo,Kosovo,XK,521.19,569.62,30.38,28.72,14,2,3,6,False
2025-03-02 15:00:00,Kosovo,Kosovo,XK,491.43,536.26,34.59,34.37,15,2,3,6,False
2025-03-02 16:00:00,Kosovo,Kosovo,XK,496.75,541.38,33.92,33.83,16,2,3,6,False
2025-03-02 17:00:00,Kosovo,Kosovo,XK,523.8,569.41,30.67,30.54,17,2,3,6,False
2025-03-02 18:00:00,Kosovo,Kosovo,XK,517.39,562.7,31.45,31.25,18,2,3,6,False
2025-03-02 19:00:00,Kosovo,Kosovo,XK,522.1,568.16,30.68,30.29,19,2,3,6,False
2025-03-02 20:00:00,Kosovo,Kosovo,XK,520.36,566.1,30.98,30.67,20,2,3,6,False
2025-03-02 21:00:00,Kosovo,Kosovo,XK,554.85,603.25,26.39,25.69,21,2,3,6,False
2025-03-02 22:00:00,Kosovo,Kosovo,XK,633.79,688.57,15.41,14.14,22,2,3,6,False
2025-03-02 23:00:00,Kosovo,Kosovo,XK,695.36,753.18,7.88,6.66,23,2,3,6,False
2025-03-03 00:00:00,Kosovo,Kosovo,XK,701.62,759.88,7.06,5.76,0,3,3,0,False
2025-03-03 01:00:00,Kosovo,Kosovo,XK,724.28,783.6,4.21,3.28,1,3,3,0,False
2025-03-03 02:00:00,Kosovo,Kosovo,XK,718.0,777.54,4.74,3.53,2,3,3,0,False
2025-03-03 03:00:00,Kosovo,Kosovo,XK,712.62,773.11,4.59,3.41,3,3,3,0,False
2025-03-03 04:00:00,Kosovo,Kosovo,XK,674.08,734.6,7.79,7.77,4,3,3,0,False
2025-03-03 05:00:00,Kosovo,Kosovo,XK,582.98,637.25,20.02,20.02,5,3,3,0,False
2025-03-03 06:00:00,Kosovo,Kosovo,XK,542.36,594.43,25.24,25.24,6,3,3,0,False
2025-03-03 07:00:00,Kosovo,Kosovo,XK,541.26,595.17,24.53,24.51,7,3,3,0,False
2025-03-03 08:00:00,Kosovo,Kosovo,XK,579.15,634.48,20.25,20.06,8,3,3,0,False
2025-03-03 09:00:00,Kosovo,Kosovo,XK,588.35,643.55,19.64,18.84,9,3,3,0,False
2025-03-03 10:00:00,Kosovo,Kosovo,XK,609.62,665.53,17.14,16.38,10,3,3,0,False
2025-03-03 11:00:00,Kosovo,Kosovo,XK,606.23,661.88,17.66,17.03,11,3,3,0,False
2025-03-03 12:00:00,Kosovo,Kosovo,XK,598.24,653.23,18.67,18.59,12,3,3,0,False
2025-03-03 13:00:00,Kosovo,Kosovo,XK,602.11,656.23,18.69,18.63,13,3,3,0,False
2025-03-03 14:00:00,Kosovo,Kosovo,XK,560.14,611.47,24.27,24.25,14,3,3,0,False
2025-03-03 15:00:00,Kosovo,Kosovo,XK,478.12,524.6,34.74,34.73,15,3,3,0,False
2025-03-03 16:00:00,Kosovo,Kosovo,XK,473.17,517.38,36.13,36.08,16,3,3,0,False
2025-03-03 17:00:00,Kosovo,Kosovo,XK,459.22,502.84,37.76,37.72,17,3,3,0,False
2025-03-03 18:00:00,Kosovo,Kosovo,XK,449.32,492.37,39.03,39.0,18,3,3,0,False
2025-03-03 19:00:00,Kosovo,Kosovo,XK,461.74,505.62,37.44,37.41,19,3,3,0,False
2025-03-03 20:00:00,Kosovo,Kosovo,XK,489.5,536.0,33.35,33.31,20,3,3,0,False
2025-03-03 21:00:00,Kosovo,Kosovo,XK,508.74,556.02,31.02,31.0,21,3,3,0,False
2025-03-03 22:00:00,Kosovo,Kosovo,XK,540.42,592.08,25.5,25.48,22,3,3,0,False
2025-03-03 23:00:00,Kosovo,Kosovo,XK,584.75,640.86,18.78,18.73,23,3,3,0,False
2025-03-04 00:00:00,Kosovo,Kosovo,XK,604.15,662.03,15.93,15.89,0,4,3,1,False
2025-03-04 01:00:00,Kosovo,Kosovo,XK,612.42,670.66,14.94,14.91,1,4,3,1,False
2025-03-04 02:00:00,Kosovo,Kosovo,XK,603.14,660.71,16.21,16.17,2,4,3,1,False
2025-03-04 03:00:00,Kosovo,Kosovo,XK,595.79,651.77,17.81,17.8,3,4,3,1,False
2025-03-04 04:00:00,Kosovo,Kosovo,XK,568.45,618.43,23.92,23.92,4,4,3,1,False
2025-03-04 05:00:00,Kosovo,Kosovo,XK,536.94,585.82,27.57,27.57,5,4,3,1,False
2025-03-04 06:00:00,Kosovo,Kosovo,XK,539.85,591.38,26.0,26.0,6,4,3,1,False
2025-03-04 07:00:00,Kosovo,Kosovo,XK,547.31,600.44,24.62,24.57,7,4,3,1,False
2025-03-04 08:00:00,Kosovo,Kosovo,XK,556.78,611.18,23.71,22.58,8,4,3,1,False
2025-03-04 09:00:00,Kosovo,Kosovo,XK,578.54,634.63,20.86,18.74,9,4,3,1,False
2025-03-04 10:00:00,Kosovo,Kosovo,XK,591.16,648.19,19.07,17.24,10,4,3,1,False
2025-03-04 11:00:00,Kosovo,Kosovo,XK,604.2,662.05,17.43,15.01,11,4,3,1,False
2025-03-04 12:00:00,Kosovo,Kosovo,XK,607.38,664.97,17.21,14.99,12,4,3,1,False
2025-03-04 13:00:00,Kosovo,Kosovo,XK,626.6,684.73,14.86,12.89,13,4,3,1,False
2025-03-04 14:00:00,Kosovo,Kosovo,XK,655.53,712.73,11.89,11.53,14,4,3,1,False
2025-03-04 15:00:00,Kosovo,Kosovo,XK,519.85,566.5,30.72,30.71,15,4,3,1,False
2025-03-04 16:00:00,Kosovo,Kosovo,XK,458.49,501.8,38.18,38.17,16,4,3,1,False
2025-03-04 17:00:00,Kosovo,Kosovo,XK,450.69,494.38,38.66,38.64,17,4,3,1,False
2025-03-04 18:00:00,Kosovo,Kosovo,XK,458.14,502.32,37.64,37.62,18,4,3,1,False
2025-03-04 19:00:00,Kosovo,Kosovo,XK,474.39,519.97,35.28,35.25,19,4,3,1,False
2025-03-04 20:00:00,Kosovo,Kosovo,XK,492.79,540.01,32.63,32.6,20,4,3,1,False
2025-03-04 21:00:00,Kosovo,Kosovo,XK,518.87,568.04,29.01,28.99,21,4,3,1,False
2025-03-04 22:00:00,Kosovo,Kosovo,XK,560.48,614.17,22.44,22.42,22,4,3,1,False
2025-03-04 23:00:00,Kosovo,Kosovo,XK,618.41,673.38,16.35,16.22,23,4,3,1,False
2025-03-05 00:00:00,Kosovo,Kosovo,XK,643.97,700.1,13.33,13.14,0,5,3,2,False
2025-03-05 01:00:00,Kosovo,Kosovo,XK,648.15,704.85,12.56,12.5,1,5,3,2,False
2025-03-05 02:00:00,Kosovo,Kosovo,XK,637.65,693.67,14.0,13.83,2,5,3,2,False
2025-03-05 03:00:00,Kosovo,Kosovo,XK,635.45,690.52,14.67,14.63,3,5,3,2,False
2025-03-05 04:00:00,Kosovo,Kosovo,XK,579.54,628.88,23.32,23.32,4,5,3,2,False
2025-03-05 05:00:00,Kosovo,Kosovo,XK,579.6,628.58,23.46,23.46,5,5,3,2,False
2025-03-05 06:00:00,Kosovo,Kosovo,XK,562.26,612.63,24.77,24.77,6,5,3,2,False
2025-03-05 07:00:00,Kosovo,Kosovo,XK,570.74,622.06,24.12,23.79,7,5,3,2,False
2025-03-05 08:00:00,Kosovo,Kosovo,XK,565.94,617.71,24.89,23.14,8,5,3,2,False
2025-03-05 09:00:00,Kosovo,Kosovo,XK,570.35,622.52,24.3,22.31,9,5,3,2,False
2025-03-05 10:00:00,Kosovo,Kosovo,XK,591.33,644.49,21.53,20.07,10,5,3,2,False
2025-03-05 11:00:00,Kosovo,Kosovo,XK,597.45,650.81,20.75,19.39,11,5,3,2,False
2025-03-05 12:00:00,Kosovo,Kosovo,XK,641.6,696.98,15.05,13.69,12,5,3,2,False
2025-03-05 13:00:00,Kosovo,Kosovo,XK,648.47,704.2,13.99,13.62,13,5,3,2,False
2025-03-05 14:00:00,Kosovo,Kosovo,XK,646.2,702.8,13.46,12.93,14,5,3,2,False
2025-03-05 15:00:00,Kosovo,Kosovo,XK,524.24,573.02,28.99,28.97,15,5,3,2,False
2025-03-05 16:00:00,Kosovo,Kosovo,XK,470.95,516.3,35.76,35.74,16,5,3,2,False
2025-03-05 17:00:00,Kosovo,Kosovo,XK,464.63,509.84,36.31,36.27,17,5,3,2,False
2025-03-05 18:00:00,Kosovo,Kosovo,XK,470.99,516.08,35.76,35.73,18,5,3,2,False
2025-03-05 19:00:00,Kosovo,Kosovo,XK,497.84,543.84,32.89,32.86,19,5,3,2,False
2025-03-05 20:00:00,Kosovo,Kosovo,XK,538.92,588.84,26.67,26.63,20,5,3,2,False
2025-03-05 21:00:00,Kosovo,Kosovo,XK,578.96,630.93,21.71,21.49,21,5,3,2,False
2025-03-05 22:00:00,Kosovo,Kosovo,XK,599.59,654.09,18.52,17.74,22,5,3,2,False
2025-03-05 23:00:00,Kosovo,Kosovo,XK,680.42,740.53,7.93,6.18,23,5,3,2,False
2025-03-06 00:00:00,Kosovo,Kosovo,XK,702.01,761.49,6.31,4.63,0,6,3,3,False
2025-03-06 01:00:00,Kosovo,Kosovo,XK,714.62,773.83,5.23,4.05,1,6,3,3,False
2025-03-06 02:00:00,Kosovo,Kosovo,XK,713.05,772.27,5.37,4.32,2,6,3,3,False
2025-03-06 03:00:00,Kosovo,Kosovo,XK,713.19,772.22,5.39,4.58,3,6,3,3,False
2025-03-06 04:00:00,Kosovo,Kosovo,XK,660.47,715.45,12.56,12.11,4,6,3,3,False
2025-03-06 05:00:00,Kosovo,Kosovo,XK,606.22,658.53,19.25,19.24,5,6,3,3,False
2025-03-06 06:00:00,Kosovo,Kosovo,XK,628.8,687.32,13.54,13.35,6,6,3,3,False
2025-03-06 07:00:00,Kosovo,Kosovo,XK,606.62,664.15,16.98,15.18,7,6,3,3,False
2025-03-06 08:00:00,Kosovo,Kosovo,XK,582.27,635.08,22.95,19.56,8,6,3,3,False
2025-03-06 09:00:00,Kosovo,Kosovo,XK,584.66,637.68,22.67,18.8,9,6,3,3,False
2025-03-06 10:00:00,Kosovo,Kosovo,XK,645.27,701.22,14.68,11.32,10,6,3,3,False
2025-03-06 11:00:00,Kosovo,Kosovo,XK,672.53,729.7,11.13,7.77,11,6,3,3,False
2025-03-06 12:00:00,Kosovo,Kosovo,XK,686.37,744.48,9.12,6.25,12,6,3,3,False
2025-03-06 13:00:00,Kosovo,Kosovo,XK,686.94,744.79,9.09,6.45,13,6,3,3,False
2025-03-06 14:00:00,Kosovo,Kosovo,XK,690.62,748.66,8.4,6.74,14,6,3,3,False
2025-03-06 15:00:00,Kosovo,Kosovo,XK,557.15,606.02,25.95,25.77,15,6,3,3,False
2025-03-06 16:00:00,Kosovo,Kosovo,XK,454.5,497.48,38.81,38.71,16,6,3,3,False
2025-03-06 17:00:00,Kosovo,Kosovo,XK,449.19,491.68,39.52,39.48,17,6,3,3,False
2025-03-06 18:00:00,Kosovo,Kosovo,XK,447.28,489.79,39.68,39.67,18,6,3,3,False
2025-03-06 19:00:00,Kosovo,Kosovo,XK,469.19,512.87,36.92,36.85,19,6,3,3,False
2025-03-06 20:00:00,Kosovo,Kosovo,XK,489.25,534.48,34.25,34.22,20,6,3,3,False
2025-03-06 21:00:00,Kosovo,Kosovo,XK,572.48,621.1,24.37,24.14,21,6,3,3,False
2025-03-06 22:00:00,Kosovo,Kosovo,XK,622.53,675.31,17.45,16.79,22,6,3,3,False
2025-03-06 23:00:00,Kosovo,Kosovo,XK,697.7,755.82,7.43,6.25,23,6,3,3,False
2025-03-07 00:00:00,Kosovo,Kosovo,XK,682.79,741.35,8.93,6.74,0,7,3,4,False
2025-03-07 01:00:00,Kosovo,Kosovo,XK,697.81,756.74,7.16,5.49,1,7,3,4,False
2025-03-07 02:00:00,Kosovo,Kosovo,XK,686.68,745.38,8.46,6.55,2,7,3,4,False
2025-03-07 03:00:00,Kosovo,Kosovo,XK,690.33,748.99,8.0,6.65,3,7,3,4,False
2025-03-07 04:00:00,Kosovo,Kosovo,XK,605.22,659.77,18.49,17.7,4,7,3,4,False
2025-03-07 05:00:00,Kosovo,Kosovo,XK,552.32,601.98,25.96,25.95,5,7,3,4,False
2025-03-07 06:00:00,Kosovo,Kosovo,XK,617.66,672.75,16.43,16.35,6,7,3,4,False
2025-03-07 07:00:00,Kosovo,Kosovo,XK,583.26,641.5,19.09,17.36,7,7,3,4,False
2025-03-07 08:00:00,Kosovo,Kosovo,XK,555.47,607.6,26.04,23.22,8,7,3,4,False
2025-03-07 09:00:00,Kosovo,Kosovo,XK,553.34,605.04,26.63,22.68,9,7,3,4,False
2025-03-07 10:00:00,Kosovo,Kosovo,XK,570.32,622.95,24.38,20.6,10,7,3,4,False
2025-03-07 11:00:00,Kosovo,Kosovo,XK,568.94,621.3,24.65,20.58,11,7,3,4,False
2025-03-07 12:00:00,Kosovo,Kosovo,XK,636.97,692.27,15.69,12.07,12,7,3,4,False
2025-03-07 13:00:00,Kosovo,Kosovo,XK,629.3,684.3,16.64,12.59,13,7,3,4,False
2025-03-07 14:00:00,Kosovo,Kosovo,XK,685.31,743.2,9.03,7.13,14,7,3,4,False
2025-03-07 15:00:00,Kosovo,Kosovo,XK,572.68,622.29,23.94,23.9,15,7,3,4,False
2025-03-07 16:00:00,Kosovo,Kosovo,XK,500.71,546.77,32.68,32.63,16,7,3,4,False
2025-03-07 17:00:00,Kosovo,Kosovo,XK,489.69,534.9,34.1,34.08,17,7,3,4,False
2025-03-07 18:00:00,Kosovo,Kosovo,XK,501.85,547.63,32.55,32.51,18,7,3,4,False
2025-03-07 19:00:00,Kosovo,Kosovo,XK,512.09,558.62,31.18,31.15,19,7,3,4,False
2025-03-07 20:00:00,Kosovo,Kosovo,XK,537.63,586.06,27.81,27.79,20,7,3,4,False
2025-03-07 21:00:00,Kosovo,Kosovo,XK,560.93,609.73,25.35,25.33,21,7,3,4,False
2025-03-07 22:00:00,Kosovo,Kosovo,XK,605.88,656.9,19.87,19.55,22,7,3,4,False
2025-03-07 23:00:00,Kosovo,Kosovo,XK,674.85,731.32,10.51,9.44,23,7,3,4,False
2025-03-08 00:00:00,Kosovo,Kosovo,XK,673.65,730.99,10.37,8.64,0,8,3,5,False
2025-03-08 01:00:00,Kosovo,Kosovo,XK,697.74,755.66,7.48,6.64,1,8,3,5,False
2025-03-08 02:00:00,Kosovo,Kosovo,XK,682.99,740.52,9.22,8.13,2,8,3,5,False
2025-03-08 03:00:00,Kosovo,Kosovo,XK,693.05,750.8,8.05,7.24,3,8,3,5,False
2025-03-08 04:00:00,Kosovo,Kosovo,XK,706.12,764.03,6.55,6.2,4,8,3,5,False
2025-03-08 05:00:00,Kosovo,Kosovo,XK,743.45,802.69,2.04,2.03,5,8,3,5,False
2025-03-08 06:00:00,Kosovo,Kosovo,XK,666.98,723.27,11.66,9.66,6,8,3,5,False
2025-03-08 07:00:00,Kosovo,Kosovo,XK,583.28,635.57,22.73,18.99,7,8,3,5,False
2025-03-08 08:00:00,Kosovo,Kosovo,XK,539.06,589.56,28.56,24.02,8,8,3,5,False
2025-03-08 09:00:00,Kosovo,Kosovo,XK,569.58,621.37,24.76,19.33,9,8,3,5,False
2025-03-08 10:00:00,Kosovo,Kosovo,XK,629.12,683.73,16.96,11.74,10,8,3,5,False
2025-03-08 11:00:00,Kosovo,Kosovo,XK,637.7,692.69,15.86,10.42,11,8,3,5,False
2025-03-08 12:00:00,Kosovo,Kosovo,XK,661.07,717.82,12.45,8.75,12,8,3,5,False
2025-03-08 13:00:00,Kosovo,Kosovo,XK,677.82,735.62,10.05,7.69,13,8,3,5,False
2025-03-08 14:00:00,Kosovo,Kosovo,XK,683.63,741.26,9.34,7.51,14,8,3,5,False
2025-03-08 15:00:00,Kosovo,Kosovo,XK,642.92,697.37,14.73,13.97,15,8,3,5,False
2025-03-08 16:00:00,Kosovo,Kosovo,XK,521.71,568.74,30.26,29.82,16,8,3,5,False
2025-03-08 17:00:00,Kosovo,Kosovo,XK,517.89,564.55,30.71,30.52,17,8,3,5,False
2025-03-08 18:00:00,Kosovo,Kosovo,XK,531.84,579.36,28.89,28.69,18,8,3,5,False
2025-03-08 19:00:00,Kosovo,Kosovo,XK,541.31,589.9,27.47,27.17,19,8,3,5,False
2025-03-08 20:00:00,Kosovo,Kosovo,XK,600.62,652.14,20.27,19.63,20,8,3,5,False
2025-03-08 21:00:00,Kosovo,Kosovo,XK,624.18,677.64,17.1,15.95,21,8,3,5,False
2025-03-08 22:00:00,Kosovo,Kosovo,XK,645.15,700.79,14.08,12.41,22,8,3,5,False
2025-03-08 23:00:00,Kosovo,Kosovo,XK,632.31,687.64,15.63,13.18,23,8,3,5,False
2025-03-09 00:00:00,Kosovo,Kosovo,XK,629.73,685.19,15.87,13.07,0,9,3,6,False
2025-03-09 01:00:00,Kosovo,Kosovo,XK,646.22,702.63,13.7,11.11,1,9,3,6,False
2025-03-09 02:00:00,Kosovo,Kosovo,XK,648.21,704.88,13.38,10.77,2,9,3,6,False
2025-03-09 03:00:00,Kosovo,Kosovo,XK,658.24,715.23,12.19,9.84,3,9,3,6,False
2025-03-09 04:00:00,Kosovo,Kosovo,XK,681.14,738.68,9.45,7.99,4,9,3,6,False
2025-03-09 05:00:00,Kosovo,Kosovo,XK,692.89,750.55,8.09,7.26,5,9,3,6,False
2025-03-09 06:00:00,Kosovo,Kosovo,XK,657.82,713.34,13.16,9.93,6,9,3,6,False
2025-03-09 07:00:00,Kosovo,Kosovo,XK,575.36,627.56,23.75,19.81,7,9,3,6,False
2025-03-09 08:00:00,Kosovo,Kosovo,XK,572.41,624.77,24.09,20.08,8,9,3,6,False
2025-03-09 09:00:00,Kosovo,Kosovo,XK,583.7,636.18,22.93,17.75,9,9,3,6,False
2025-03-09 10:00:00,Kosovo,Kosovo,XK,616.68,670.5,18.73,12.97,10,9,3,6,False
2025-03-09 11:00:00,Kosovo,Kosovo,XK,628.77,683.42,16.93,11.9,11,9,3,6,False
2025-03-09 12:00:00,Kosovo,Kosovo,XK,656.9,713.45,12.88,9.26,12,9,3,6,False
2025-03-09 13:00:00,Kosovo,Kosovo,XK,667.92,725.44,11.13,8.79,13,9,3,6,False
2025-03-09 14:00:00,Kosovo,Kosovo,XK,676.13,734.12,9.98,8.1,14,9,3,6,False
2025-03-09 15:00:00,Kosovo,Kosovo,XK,643.62,699.57,14.2,12.48,15,9,3,6,False
2025-03-09 16:00:00,Kosovo,Kosovo,XK,547.67,597.19,26.65,25.55,16,9,3,6,False
2025-03-09 17:00:00,Kosovo,Kosovo,XK,509.98,556.52,31.71,31.21,17,9,3,6,False
2025-03-09 18:00:00,Kosovo,Kosovo,XK,513.26,559.64,31.48,30.99,18,9,3,6,False
2025-03-09 19:00:00,Kosovo,Kosovo,XK,523.8,570.96,30.06,29.58,19,9,3,6,False
2025-03-09 20:00:00,Kosovo,Kosovo,XK,567.88,618.4,24.12,23.16,20,9,3,6,False
2025-03-09 21:00:00,Kosovo,Kosovo,XK,606.71,659.96,19.04,17.33,21,9,3,6,False
2025-03-09 22:00:00,Kosovo,Kosovo,XK,635.09,690.48,15.17,13.32,22,9,3,6,False
2025-03-09 23:00:00,Kosovo,Kosovo,XK,655.15,711.59,12.65,11.08,23,9,3,6,False
2025-03-10 00:00:00,Kosovo,Kosovo,XK,675.44,732.89,10.09,8.71,0,10,3,0,False
2025-03-10 01:00:00,Kosovo,Kosovo,XK,676.6,734.12,9.94,8.55,1,10,3,0,False
2025-03-10 02:00:00,Kosovo,Kosovo,XK,669.42,726.83,10.77,9.22,2,10,3,0,False
2025-03-10 03:00:00,Kosovo,Kosovo,XK,666.18,722.95,11.35,10.06,3,10,3,0,False
2025-03-10 04:00:00,Kosovo,Kosovo,XK,646.47,701.24,14.27,13.12,4,10,3,0,False
2025-03-10 05:00:00,Kosovo,Kosovo,XK,575.59,624.89,23.88,23.53,5,10,3,0,False
2025-03-10 06:00:00,Kosovo,Kosovo,XK,606.46,656.79,20.2,20.2,6,10,3,0,False
2025-03-10 07:00:00,Kosovo,Kosovo,XK,542.63,590.94,28.22,26.97,7,10,3,0,False
2025-03-10 08:00:00,Kosovo,Kosovo,XK,470.77,515.3,37.78,35.78,8,10,3,0,False
2025-03-10 09:00:00,Kosovo,Kosovo,XK,480.41,525.29,36.77,33.8,9,10,3,0,False
2025-03-10 10:00:00,Kosovo,Kosovo,XK,479.12,524.18,36.93,33.61,10,10,3,0,False
2025-03-10 11:00:00,Kosovo,Kosovo,XK,471.56,516.08,37.91,34.75,11,10,3,0,False
2025-03-10 12:00:00,Kosovo,Kosovo,XK,473.14,517.77,37.68,35.0,12,10,3,0,False
2025-03-10 13:00:00,Kosovo,Kosovo,XK,607.03,660.51,19.72,17.01,13,10,3,0,False
2025-03-10 14:00:00,Kosovo,Kosovo,XK,644.48,698.7,14.81,13.85,14,10,3,0,False
2025-03-10 15:00:00,Kosovo,Kosovo,XK,572.6,621.06,24.56,24.43,15,10,3,0,False
2025-03-10 16:00:00,Kosovo,Kosovo,XK,484.26,528.0,35.41,35.39,16,10,3,0,False
2025-03-10 17:00:00,Kosovo,Kosovo,XK,465.59,508.33,37.79,37.79,17,10,3,0,False
2025-03-10 18:00:00,Kosovo,Kosovo,XK,476.39,519.93,36.3,36.29,18,10,3,0,False
2025-03-10 19:00:00,Kosovo,Kosovo,XK,498.59,542.5,33.91,33.91,19,10,3,0,False
2025-03-10 20:00:00,Kosovo,Kosovo,XK,574.82,623.35,24.06,24.06,20,10,3,0,False
2025-03-10 21:00:00,Kosovo,Kosovo,XK,617.44,668.59,18.54,18.42,21,10,3,0,False
2025-03-10 22:00:00,Kosovo,Kosovo,XK,672.71,727.68,11.21,10.79,22,10,3,0,False
2025-03-10 23:00:00,Kosovo,Kosovo,XK,736.41,795.74,2.82,2.36,23,10,3,0,False
2025-03-11 00:00:00,Kosovo,Kosovo,XK,724.51,783.44,4.26,3.67,0,11,3,1,False
2025-03-11 01:00:00,Kosovo,Kosovo,XK,730.59,789.83,3.46,3.05,1,11,3,1,False
2025-03-11 02:00:00,Kosovo,Kosovo,XK,718.41,777.09,4.97,4.54,2,11,3,1,False
2025-03-11 03:00:00,Kosovo,Kosovo,XK,695.92,753.3,7.88,7.36,3,11,3,1,False
2025-03-11 04:00:00,Kosovo,Kosovo,XK,704.7,762.2,6.92,6.45,4,11,3,1,False
2025-03-11 05:00:00,Kosovo,Kosovo,XK,597.03,646.32,21.44,21.42,5,11,3,1,False
2025-03-11 06:00:00,Kosovo,Kosovo,XK,577.15,626.4,23.57,23.53,6,11,3,1,False
2025-03-11 07:00:00,Kosovo,Kosovo,XK,530.81,580.08,28.97,28.32,7,11,3,1,False
2025-03-11 08:00:00,Kosovo,Kosovo,XK,544.43,594.32,27.8,26.07,8,11,3,1,False
2025-03-11 09:00:00,Kosovo,Kosovo,XK,550.15,600.48,27.01,25.04,9,11,3,1,False
2025-03-11 10:00:00,Kosovo,Kosovo,XK,555.89,606.8,26.18,24.17,10,11,3,1,False
2025-03-11 11:00:00,Kosovo,Kosovo,XK,546.69,596.78,27.44,25.73,11,11,3,1,False
2025-03-11 12:00:00,Kosovo,Kosovo,XK,559.77,609.92,25.89,24.17,12,11,3,1,False
2025-03-11 13:00:00,Kosovo,Kosovo,XK,551.12,599.85,27.08,26.0,13,11,3,1,False
2025-03-11 14:00:00,Kosovo,Kosovo,XK,577.52,626.8,23.67,23.32,14,11,3,1,False
2025-03-11 15:00:00,Kosovo,Kosovo,XK,536.97,583.65,28.78,28.76,15,11,3,1,False
2025-03-11 16:00:00,Kosovo,Kosovo,XK,472.71,515.18,37.22,37.2,16,11,3,1,False
2025-03-11 17:00:00,Kosovo,Kosovo,XK,474.39,517.49,36.64,36.61,17,11,3,1,False
2025-03-11 18:00:00,Kosovo,Kosovo,XK,503.28,547.47,33.26,33.23,18,11,3,1,False
2025-03-11 19:00:00,Kosovo,Kosovo,XK,524.77,569.83,30.76,30.74,19,11,3,1,False
2025-03-11 20:00:00,Kosovo,Kosovo,XK,560.39,610.03,24.81,24.57,20,11,3,1,False
2025-03-11 21:00:00,Kosovo,Kosovo,XK,609.24,661.26,18.91,18.43,21,11,3,1,False
2025-03-11 22:00:00,Kosovo,Kosovo,XK,539.7,588.64,27.41,25.92,22,11,3,1,False
2025-03-11 23:00:00,Kosovo,Kosovo,XK,590.27,643.57,20.25,18.2,23,11,3,1,False
2025-03-12 00:00:00,Kosovo,Kosovo,XK,644.16,699.99,13.65,11.67,0,12,3,2,False
2025-03-12 01:00:00,Kosovo,Kosovo,XK,664.75,721.42,11.18,9.47,1,12,3,2,False
2025-03-12 02:00:00,Kosovo,Kosovo,XK,664.63,720.93,11.35,10.03,2,12,3,2,False
2025-03-12 03:00:00,Kosovo,Kosovo,XK,657.64,713.48,12.23,11.46,3,12,3,2,False
2025-03-12 04:00:00,Kosovo,Kosovo,XK,692.86,748.56,8.83,8.83,4,12,3,2,False
2025-03-12 05:00:00,Kosovo,Kosovo,XK,586.06,634.91,22.89,22.89,5,12,3,2,False
2025-03-12 06:00:00,Kosovo,Kosovo,XK,569.93,617.77,25.01,25.01,6,12,3,2,False
2025-03-12 07:00:00,Kosovo,Kosovo,XK,539.06,587.9,27.88,27.88,7,12,3,2,False
2025-03-12 08:00:00,Kosovo,Kosovo,XK,525.77,574.15,29.9,29.82,8,12,3,2,False
2025-03-12 09:00:00,Kosovo,Kosovo,XK,527.36,576.02,29.84,29.07,9,12,3,2,False
2025-03-12 10:00:00,Kosovo,Kosovo,XK,537.45,586.71,28.5,27.66,10,12,3,2,False
2025-03-12 11:00:00,Kosovo,Kosovo,XK,533.32,582.62,28.88,28.1,11,12,3,2,False
2025-03-12 12:00:00,Kosovo,Kosovo,XK,559.56,609.83,25.64,24.86,12,12,3,2,False
2025-03-12 13:00:00,Kosovo,Kosovo,XK,573.75,624.91,23.39,23.08,13,12,3,2,False
2025-03-12 14:00:00,Kosovo,Kosovo,XK,571.49,622.17,23.57,23.57,14,12,3,2,False
2025-03-12 15:00:00,Kosovo,Kosovo,XK,548.34,594.72,27.85,27.84,15,12,3,2,False
2025-03-12 16:00:00,Kosovo,Kosovo,XK,455.44,497.04,39.32,39.31,16,12,3,2,False
2025-03-12 17:00:00,Kosovo,Kosovo,XK,461.46,505.35,37.4,37.38,17,12,3,2,False
2025-03-12 18:00:00,Kosovo,Kosovo,XK,469.04,512.74,36.74,36.71,18,12,3,2,False
2025-03-12 19:00:00,Kosovo,Kosovo,XK,485.55,530.45,34.43,34.39,19,12,3,2,False
2025-03-12 20:00:00,Kosovo,Kosovo,XK,538.08,589.45,25.76,25.73,20,12,3,2,False
2025-03-12 21:00:00,Kosovo,Kosovo,XK,542.84,596.48,24.1,24.1,21,12,3,2,False
2025-03-12 22:00:00,Kosovo,Kosovo,XK,566.45,617.91,23.25,22.99,22,12,3,2,False
2025-03-12 23:00:00,Kosovo,Kosovo,XK,614.57,668.73,17.25,16.65,23,12,3,2,False
2025-03-13 00:00:00,Kosovo,Kosovo,XK,649.91,706.71,12.39,11.83,0,13,3,3,False
2025-03-13 01:00:00,Kosovo,Kosovo,XK,654.87,712.43,11.48,11.02,1,13,3,3,False
2025-03-13 02:00:00,Kosovo,Kosovo,XK,663.02,719.52,11.36,10.5,2,13,3,3,False
2025-03-13 03:00:00,Kosovo,Kosovo,XK,674.93,731.56,10.14,9.39,3,13,3,3,False
2025-03-13 04:00:00,Kosovo,Kosovo,XK,701.32,759.16,6.86,6.52,4,13,3,3,False
2025-03-13 05:00:00,Kosovo,Kosovo,XK,677.76,732.93,10.61,10.53,5,13,3,3,False
2025-03-13 06:00:00,Kosovo,Kosovo,XK,644.09,697.64,14.93,14.62,6,13,3,3,False
2025-03-13 07:00:00,Kosovo,Kosovo,XK,588.99,640.64,21.73,21.37,7,13,3,3,False
2025-03-13 08:00:00,Kosovo,Kosovo,XK,614.31,668.13,18.31,17.73,8,13,3,3,False
2025-03-13 09:00:00,Kosovo,Kosovo,XK,634.76,689.39,15.91,14.07,9,13,3,3,False
2025-03-13 10:00:00,Kosovo,Kosovo,XK,635.99,690.47,15.98,13.24,10,13,3,3,False
2025-03-13 11:00:00,Kosovo,Kosovo,XK,625.87,680.08,17.05,15.34,11,13,3,3,False
2025-03-13 12:00:00,Kosovo,Kosovo,XK,626.16,680.5,16.84,15.97,12,13,3,3,False
2025-03-13 13:00:00,Kosovo,Kosovo,XK,627.91,682.46,16.49,15.85,13,13,3,3,False
2025-03-13 14:00:00,Kosovo,Kosovo,XK,646.22,701.63,14.06,13.73,14,13,3,3,False
2025-03-13 15:00:00,Kosovo,Kosovo,XK,612.37,664.97,18.38,18.16,15,13,3,3,False
2025-03-13 16:00:00,Kosovo,Kosovo,XK,550.45,599.19,26.16,26.1,16,13,3,3,False
2025-03-13 17:00:00,Kosovo,Kosovo,XK,530.31,580.42,27.12,27.04,17,13,3,3,False
2025-03-13 18:00:00,Kosovo,Kosovo,XK,539.52,591.6,25.03,24.91,18,13,3,3,False
2025-03-13 19:00:00,Kosovo,Kosovo,XK,565.41,617.77,22.51,22.44,19,13,3,3,False
2025-03-13 20:00:00,Kosovo,Kosovo,XK,583.51,639.6,18.74,18.3,20,13,3,3,False
2025-03-13 21:00:00,Kosovo,Kosovo,XK,584.32,641.6,18.14,17.49,21,13,3,3,False
2025-03-13 22:00:00,Kosovo,Kosovo,XK,627.02,682.79,15.14,13.99,22,13,3,3,False
2025-03-13 23:00:00,Kosovo,Kosovo,XK,707.35,764.94,6.45,5.68,23,13,3,3,False
2025-03-14 00:00:00,Kosovo,Kosovo,XK,760.0,820.0,0.0,0.0,0,14,3,4,False
2025-03-14 01:00:00,Kosovo,Kosovo,XK,760.0,820.0,0.0,0.0,1,14,3,4,False
2025-03-14 02:00:00,Kosovo,Kosovo,XK,755.06,814.89,0.6,0.52,2,14,3,4,False
2025-03-14 03:00:00,Kosovo,Kosovo,XK,728.13,786.15,4.17,4.13,3,14,3,4,False
2025-03-14 04:00:00,Kosovo,Kosovo,XK,680.43,735.29,10.47,10.47,4,14,3,4,False
2025-03-14 05:00:00,Kosovo,Kosovo,XK,632.59,684.41,16.76,16.76,5,14,3,4,False
2025-03-14 06:00:00,Kosovo,Kosovo,XK,630.61,683.75,16.46,16.31,6,14,3,4,False
2025-03-14 07:00:00,Kosovo,Kosovo,XK,633.94,687.47,16.17,15.96,7,14,3,4,False
2025-03-14 08:00:00,Kosovo,Kosovo,XK,624.61,678.91,17.08,16.1,8,14,3,4,False
2025-03-14 09:00:00,Kosovo,Kosovo,XK,592.27,645.25,21.15,20.23,9,14,3,4,False
2025-03-14 10:00:00,Kosovo,Kosovo,XK,602.22,655.6,19.89,19.03,10,14,3,4,False
2025-03-14 11:00:00,Kosovo,Kosovo,XK,604.8,658.22,19.57,18.7,11,14,3,4,False
2025-03-14 12:00:00,Kosovo,Kosovo,XK,608.86,662.59,19.03,18.18,12,14,3,4,False
2025-03-14 13:00:00,Kosovo,Kosovo,XK,614.51,668.67,18.27,17.27,13,14,3,4,False
2025-03-14 14:00:00,Kosovo,Kosovo,XK,686.07,743.66,8.83,8.11,14,14,3,4,False
2025-03-14 15:00:00,Kosovo,Kosovo,XK,562.17,609.67,25.98,25.97,15,14,3,4,False
2025-03-14 16:00:00,Kosovo,Kosovo,XK,500.48,543.93,34.04,34.04,16,14,3,4,False
2025-03-14 17:00:00,Kosovo,Kosovo,XK,491.3,534.09,35.28,35.28,17,14,3,4,False
2025-03-14 18:00:00,Kosovo,Kosovo,XK,517.15,562.11,31.52,31.51,18,14,3,4,False
2025-03-14 19:00:00,Kosovo,Kosovo,XK,589.51,638.41,22.43,22.43,19,14,3,4,False
2025-03-14 20:00:00,Kosovo,Kosovo,XK,669.94,726.6,10.41,9.91,20,14,3,4,False
2025-03-14 21:00:00,Kosovo,Kosovo,XK,695.74,753.39,7.45,6.81,21,14,3,4,False
2025-03-14 22:00:00,Kosovo,Kosovo,XK,683.95,740.08,9.48,8.85,22,14,3,4,False
2025-03-14 23:00:00,Kosovo,Kosovo,XK,720.28,778.07,5.04,4.8,23,14,3,4,False
2025-03-15 00:00:00,Kosovo,Kosovo,XK,760.0,820.0,0.0,0.0,0,15,3,5,False
2025-03-15 01:00:00,Kosovo,Kosovo,XK,760.0,820.0,0.0,0.0,1,15,3,5,False
2025-03-15 02:00:00,Kosovo,Kosovo,XK,760.0,820.0,0.0,0.0,2,15,3,5,False
2025-03-15 03:00:00,Kosovo,Kosovo,XK,760.0,820.0,0.0,0.0,3,15,3,5,False
2025-03-15 04:00:00,Kosovo,Kosovo,XK,760.0,820.0,0.0,0.0,4,15,3,5,False
2025-03-15 05:00:00,Kosovo,Kosovo,XK,760.0,820.0,0.0,0.0,5,15,3,5,False
2025-03-15 06:00:00,Kosovo,Kosovo,XK,726.81,785.43,4.16,3.74,6,15,3,5,False
2025-03-15 07:00:00,Kosovo,Kosovo,XK,652.45,708.28,13.42,12.95,7,15,3,5,False
2025-03-15 08:00:00,Kosovo,Kosovo,XK,614.31,668.63,18.32,17.0,8,15,3,5,False
2025-03-15 09:00:00,Kosovo,Kosovo,XK,584.22,637.56,21.98,21.1,9,15,3,5,False
2025-03-15 10:00:00,Kosovo,Kosovo,XK,589.37,642.89,21.34,20.81,10,15,3,5,False
2025-03-15 11:00:00,Kosovo,Kosovo,XK,517.05,568.05,30.18,29.35,11,15,3,5,False
2025-03-15 12:00:00,Kosovo,Kosovo,XK,532.1,583.38,28.6,26.87,12,15,3,5,False
2025-03-15 13:00:00,Kosovo,Kosovo,XK,549.54,601.72,26.21,24.73,13,15,3,5,False
2025-03-15 14:00:00,Kosovo,Kosovo,XK,603.44,656.91,19.6,17.96,14,15,3,5,False
2025-03-15 15:00:00,Kosovo,Kosovo,XK,567.91,615.9,25.22,25.11,15,15,3,5,False
2025-03-15 16:00:00,Kosovo,Kosovo,XK,588.67,637.83,22.46,22.41,16,15,3,5,False
2025-03-15 17:00:00,Kosovo,Kosovo,XK,585.42,635.03,22.41,22.23,17,15,3,5,False
2025-03-15 18:00:00,Kosovo,Kosovo,XK,597.86,648.58,20.57,20.32,18,15,3,5,False
2025-03-15 19:00:00,Kosovo,Kosovo,XK,654.3,708.76,13.07,12.64,19,15,3,5,False
2025-03-15 20:00:00,Kosovo,Kosovo,XK,703.28,760.45,6.96,6.52,20,15,3,5,False
2025-03-15 21:00:00,Kosovo,Kosovo,XK,714.47,773.51,4.93,3.91,21,15,3,5,False
2025-03-15 22:00:00,Kosovo,Kosovo,XK,711.2,770.03,5.45,4.11,22,15,3,5,False
2025-03-15 23:00:00,Kosovo,Kosovo,XK,739.65,798.91,2.46,1.58,23,15,3,5,False
2025-03-16 00:00:00,Kosovo,Kosovo,XK,760.0,820.0,0.0,0.0,0,16,3,6,False
2025-03-16 01:00:00,Kosovo,Kosovo,XK,760.0,820.0,0.0,0.0,1,16,3,6,False
2025-03-16 02:00:00,Kosovo,Kosovo,XK,760.0,820.0,0.0,0.0,2,16,3,6,False
2025-03-16 03:00:00,Kosovo,Kosovo,XK,760.0,820.0,0.0,0.0,3,16,3,6,False
2025-03-16 04:00:00,Kosovo,Kosovo,XK,760.0,820.0,0.0,0.0,4,16,3,6,False
2025-03-16 05:00:00,Kosovo,Kosovo,XK,758.73,818.67,0.16,0.11,5,16,3,6,False
2025-03-16 06:00:00,Kosovo,Kosovo,XK,704.42,762.34,6.78,6.7,6,16,3,6,False
2025-03-16 07:00:00,Kosovo,Kosovo,XK,646.29,701.95,14.13,13.86,7,16,3,6,False
2025-03-16 08:00:00,Kosovo,Kosovo,XK,634.69,690.04,15.59,15.23,8,16,3,6,False
2025-03-16 09:00:00,Kosovo,Kosovo,XK,629.98,685.25,16.18,15.82,9,16,3,6,False
2025-03-16 10:00:00,Kosovo,Kosovo,XK,659.63,715.86,12.61,11.61,10,16,3,6,False
2025-03-16 11:00:00,Kosovo,Kosovo,XK,643.03,698.79,14.57,13.98,11,16,3,6,False
2025-03-16 12:00:00,Kosovo,Kosovo,XK,686.58,743.96,9.12,8.64,12,16,3,6,False
2025-03-16 13:00:00,Kosovo,Kosovo,XK,717.67,776.18,5.21,5.14,13,16,3,6,False
2025-03-16 14:00:00,Kosovo,Kosovo,XK,665.69,719.89,12.4,12.4,14,16,3,6,False
2025-03-16 15:00:00,Kosovo,Kosovo,XK,613.01,663.84,19.28,19.28,15,16,3,6,False
2025-03-16 16:00:00,Kosovo,Kosovo,XK,613.9,664.54,19.14,19.08,16,16,3,6,False
2025-03-16 17:00:00,Kosovo,Kosovo,XK,615.23,665.89,18.98,18.92,17,16,3,6,False
2025-03-16 18:00:00,Kosovo,Kosovo,XK,613.47,663.9,19.26,19.25,18,16,3,6,False
2025-03-16 19:00:00,Kosovo,Kosovo,XK,613.41,663.89,19.24,19.19,19,16,3,6,False
2025-03-16 20:00:00,Kosovo,Kosovo,XK,664.02,718.76,12.21,11.87,20,16,3,6,False
2025-03-16 21:00:00,Kosovo,Kosovo,XK,691.97,748.43,8.61,8.39,21,16,3,6,False
2025-03-16 22:00:00,Kosovo,Kosovo,XK,633.9,686.8,16.16,15.88,22,16,3,6,False
2025-03-16 23:00:00,Kosovo,Kosovo,XK,702.03,759.11,7.33,6.95,23,16,3,6,False
2025-03-17 00:00:00,Kosovo,Kosovo,XK,744.92,804.22,1.88,1.76,0,17,3,0,False
2025-03-17 01:00:00,Kosovo,Kosovo,XK,759.32,819.3,0.08,0.07,1,17,3,0,False
2025-03-17 02:00:00,Kosovo,Kosovo,XK,752.33,812.04,0.93,0.87,2,17,3,0,False
2025-03-17 03:00:00,Kosovo,Kosovo,XK,739.65,798.42,2.65,2.61,3,17,3,0,False
2025-03-17 04:00:00,Kosovo,Kosovo,XK,713.19,770.47,6.05,5.92,4,17,3,0,False
2025-03-17 05:00:00,Kosovo,Kosovo,XK,624.09,675.42,17.88,17.88,5,17,3,0,False
2025-03-17 06:00:00,Kosovo,Kosovo,XK,572.33,620.94,24.42,24.42,6,17,3,0,False
2025-03-17 07:00:00,Kosovo,Kosovo,XK,570.63,619.72,24.69,24.69,7,17,3,0,False
2025-03-17 08:00:00,Kosovo,Kosovo,XK,636.32,690.43,15.84,15.84,8,17,3,0,False
2025-03-17 09:00:00,Kosovo,Kosovo,XK,620.23,673.68,17.9,17.9,9,17,3,0,False
2025-03-17 10:00:00,Kosovo,Kosovo,XK,638.2,692.44,15.61,15.61,10,17,3,0,False
2025-03-17 11:00:00,Kosovo,Kosovo,XK,596.52,647.67,21.22,21.22,11,17,3,0,False
2025-03-17 12:00:00,Kosovo,Kosovo,XK,584.51,634.02,23.0,22.99,12,17,3,0,False
2025-03-17 13:00:00,Kosovo,Kosovo,XK,600.34,650.52,20.97,20.95,13,17,3,0,False
2025-03-17 14:00:00,Kosovo,Kosovo,XK,562.17,609.94,25.92,25.89,14,17,3,0,False
2025-03-17 15:00:00,Kosovo,Kosovo,XK,504.9,548.79,33.46,33.43,15,17,3,0,False
2025-03-17 16:00:00,Kosovo,Kosovo,XK,456.45,496.77,39.92,39.91,16,17,3,0,False
2025-03-17 17:00:00,Kosovo,Kosovo,XK,446.65,487.04,40.82,40.81,17,17,3,0,False
2025-03-17 18:00:00,Kosovo,Kosovo,XK,485.98,528.16,36.05,36.05,18,17,3,0,False
2025-03-17 19:00:00,Kosovo,Kosovo,XK,519.26,563.59,31.67,31.67,19,17,3,0,False
2025-03-17 20:00:00,Kosovo,Kosovo,XK,560.99,608.08,26.19,26.19,20,17,3,0,False
2025-03-17 21:00:00,Kosovo,Kosovo,XK,597.37,649.27,20.04,19.39,21,17,3,0,False
2025-03-17 22:00:00,Kosovo,Kosovo,XK,614.29,668.38,17.24,16.08,22,17,3,0,False
2025-03-17 23:00:00,Kosovo,Kosovo,XK,653.07,706.19,14.05,14.02,23,17,3,0,False
2025-03-18 00:00:00,Kosovo,Kosovo,XK,693.7,749.4,8.72,8.72,0,18,3,1,False
2025-03-18 01:00:00,Kosovo,Kosovo,XK,695.81,751.64,8.45,8.45,1,18,3,1,False
2025-03-18 02:00:00,Kosovo,Kosovo,XK,691.37,746.97,9.01,8.99,2,18,3,1,False
2025-03-18 03:00:00,Kosovo,Kosovo,XK,706.41,762.99,7.05,7.05,3,18,3,1,False
2025-03-18 04:00:00,Kosovo,Kosovo,XK,692.06,747.71,8.94,8.94,4,18,3,1,False
2025-03-18 05:00:00,Kosovo,Kosovo,XK,583.1,631.8,23.28,23.28,5,18,3,1,False
2025-03-18 06:00:00,Kosovo,Kosovo,XK,550.43,597.0,27.58,27.58,6,18,3,1,False
2025-03-18 07:00:00,Kosovo,Kosovo,XK,563.87,611.53,25.8,25.8,7,18,3,1,False
2025-03-18 08:00:00,Kosovo,Kosovo,XK,676.44,732.14,10.57,10.39,8,18,3,1,False
2025-03-18 09:00:00,Kosovo,Kosovo,XK,643.77,697.56,14.89,14.31,9,18,3,1,False
2025-03-18 10:00:00,Kosovo,Kosovo,XK,631.36,684.65,16.45,15.66,10,18,3,1,False
2025-03-18 11:00:00,Kosovo,Kosovo,XK,621.58,674.46,17.69,16.81,11,18,3,1,False
2025-03-18 12:00:00,Kosovo,Kosovo,XK,623.84,676.94,17.37,16.43,12,18,3,1,False
2025-03-18 13:00:00,Kosovo,Kosovo,XK,607.77,660.23,19.37,18.28,13,18,3,1,False
2025-03-18 14:00:00,Kosovo,Kosovo,XK,603.19,655.12,19.98,19.22,14,18,3,1,False
2025-03-18 15:00:00,Kosovo,Kosovo,XK,516.44,561.9,31.72,31.5,15,18,3,1,False
2025-03-18 16:00:00,Kosovo,Kosovo,XK,419.63,457.88,44.65,44.59,16,18,3,1,False
2025-03-18 17:00:00,Kosovo,Kosovo,XK,418.91,456.97,44.76,44.75,17,18,3,1,False
2025-03-18 18:00:00,Kosovo,Kosovo,XK,421.24,459.24,44.54,44.54,18,18,3,1,False
2025-03-18 19:00:00,Kosovo,Kosovo,XK,425.38,463.76,43.98,43.98,19,18,3,1,False
2025-03-18 20:00:00,Kosovo,Kosovo,XK,474.29,516.89,36.92,36.92,20,18,3,1,False
2025-03-18 21:00:00,Kosovo,Kosovo,XK,483.99,529.05,34.6,34.59,21,18,3,1,False
2025-03-18 22:00:00,Kosovo,Kosovo,XK,490.87,534.48,34.82,34.82,22,18,3,1,False
2025-03-18 23:00:00,Kosovo,Kosovo,XK,546.13,592.57,27.99,27.95,23,18,3,1,False
2025-03-19 00:00:00,Kosovo,Kosovo,XK,575.89,623.96,24.22,24.22,0,19,3,2,False
2025-03-19 01:00:00,Kosovo,Kosovo,XK,577.01,625.14,24.08,24.08,1,19,3,2,False
2025-03-19 02:00:00,Kosovo,Kosovo,XK,570.35,618.05,24.95,24.95,2,19,3,2,False
2025-03-19 03:00:00,Kosovo,Kosovo,XK,565.53,613.05,25.59,25.59,3,19,3,2,False
2025-03-19 04:00:00,Kosovo,Kosovo,XK,546.11,592.39,28.14,28.13,4,19,3,2,False
2025-03-19 05:00:00,Kosovo,Kosovo,XK,532.94,578.41,29.84,29.84,5,19,3,2,False
2025-03-19 06:00:00,Kosovo,Kosovo,XK,519.23,566.09,30.85,30.85,6,19,3,2,False
2025-03-19 07:00:00,Kosovo,Kosovo,XK,535.03,582.85,29.15,28.72,7,19,3,2,False
2025-03-19 08:00:00,Kosovo,Kosovo,XK,611.37,664.77,18.98,16.83,8,19,3,2,False
2025-03-19 09:00:00,Kosovo,Kosovo,XK,612.1,665.53,18.98,14.59,9,19,3,2,False
2025-03-19 10:00:00,Kosovo,Kosovo,XK,634.28,689.0,16.08,11.17,10,19,3,2,False
2025-03-19 11:00:00,Kosovo,Kosovo,XK,641.04,696.41,15.04,10.81,11,19,3,2,False
2025-03-19 12:00:00,Kosovo,Kosovo,XK,646.11,702.09,14.19,10.54,12,19,3,2,False
2025-03-19 13:00:00,Kosovo,Kosovo,XK,665.59,722.36,11.68,8.95,13,19,3,2,False
2025-03-19 14:00:00,Kosovo,Kosovo,XK,660.16,715.71,12.57,10.54,14,19,3,2,False
2025-03-19 15:00:00,Kosovo,Kosovo,XK,557.81,606.33,26.1,25.83,15,19,3,2,False
2025-03-19 16:00:00,Kosovo,Kosovo,XK,470.85,513.44,37.47,37.35,16,19,3,2,False
2025-03-19 17:00:00,Kosovo,Kosovo,XK,435.26,475.49,42.07,42.06,17,19,3,2,False
2025-03-19 18:00:00,Kosovo,Kosovo,XK,453.04,494.25,39.79,39.77,18,19,3,2,False
2025-03-19 19:00:00,Kosovo,Kosovo,XK,475.29,517.62,37.04,36.91,19,19,3,2,False
2025-03-19 20:00:00,Kosovo,Kosovo,XK,492.07,534.79,35.16,35.08,20,19,3,2,False
2025-03-19 21:00:00,Kosovo,Kosovo,XK,530.09,576.14,29.87,29.53,21,19,3,2,False
2025-03-19 22:00:00,Kosovo,Kosovo,XK,529.66,576.34,29.68,29.02,22,19,3,2,False
2025-03-19 23:00:00,Kosovo,Kosovo,XK,576.22,626.19,23.53,22.37,23,19,3,2,False
2025-03-20 00:00:00,Kosovo,Kosovo,XK,621.87,674.68,17.55,16.59,0,20,3,3,False
2025-03-20 01:00:00,Kosovo,Kosovo,XK,628.47,681.36,16.79,16.16,1,20,3,3,False
2025-03-20 02:00:00,Kosovo,Kosovo,XK,618.94,671.34,17.99,17.38,2,20,3,3,False
2025-03-20 03:00:00,Kosovo,Kosovo,XK,603.83,655.34,19.97,19.29,3,20,3,3,False
2025-03-20 04:00:00,Kosovo,Kosovo,XK,567.78,615.94,25.11,24.85,4,20,3,3,False
2025-03-20 05:00:00,Kosovo,Kosovo,XK,536.94,582.55,29.35,29.35,5,20,3,3,False
2025-03-20 06:00:00,Kosovo,Kosovo,XK,568.49,617.48,24.82,24.46,6,20,3,3,False
2025-03-20 07:00:00,Kosovo,Kosovo,XK,617.45,670.33,18.51,16.89,7,20,3,3,False
2025-03-20 08:00:00,Kosovo,Kosovo,XK,605.49,658.89,19.87,16.84,8,20,3,3,False
2025-03-20 09:00:00,Kosovo,Kosovo,XK,617.71,671.55,18.49,13.97,9,20,3,3,False
2025-03-20 10:00:00,Kosovo,Kosovo,XK,646.09,701.27,14.73,10.58,10,20,3,3,False
2025-03-20 11:00:00,Kosovo,Kosovo,XK,657.36,713.11,13.24,9.12,11,20,3,3,False
2025-03-20 12:00:00,Kosovo,Kosovo,XK,661.28,717.47,12.54,9.08,12,20,3,3,False
2025-03-20 13:00:00,Kosovo,Kosovo,XK,656.65,712.27,13.33,9.45,13,20,3,3,False
2025-03-20 14:00:00,Kosovo,Kosovo,XK,669.24,725.4,11.37,9.74,14,20,3,3,False
2025-03-20 15:00:00,Kosovo,Kosovo,XK,552.64,600.59,26.8,26.65,15,20,3,3,False
2025-03-20 16:00:00,Kosovo,Kosovo,XK,466.52,508.72,38.02,37.81,16,20,3,3,False
2025-03-20 17:00:00,Kosovo,Kosovo,XK,451.95,493.07,39.92,39.68,17,20,3,3,False
2025-03-20 18:00:00,Kosovo,Kosovo,XK,448.67,490.19,39.99,39.68,18,20,3,3,False
2025-03-20 19:00:00,Kosovo,Kosovo,XK,453.14,494.86,39.47,39.24,19,20,3,3,False
2025-03-20 20:00:00,Kosovo,Kosovo,XK,468.38,511.1,37.54,37.2,20,20,3,3,False
2025-03-20 21:00:00,Kosovo,Kosovo,XK,510.76,556.24,32.17,31.47,21,20,3,3,False
2025-03-20 22:00:00,Kosovo,Kosovo,XK,537.86,585.19,28.56,27.95,22,20,3,3,False
2025-03-20 23:00:00,Kosovo,Kosovo,XK,581.52,631.7,22.8,22.22,23,20,3,3,False
2025-03-21 00:00:00,Kosovo,Kosovo,XK,601.41,652.95,20.16,19.55,0,21,3,4,False
2025-03-21 01:00:00,Kosovo,Kosovo,XK,619.38,672.1,17.81,17.18,1,21,3,4,False
2025-03-21 02:00:00,Kosovo,Kosovo,XK,620.14,673.21,17.62,16.82,2,21,3,4,False
2025-03-21 03:00:00,Kosovo,Kosovo,XK,603.08,654.87,19.96,19.21,3,21,3,4,False
2025-03-21 04:00:00,Kosovo,Kosovo,XK,546.04,593.05,27.88,27.61,4,21,3,4,False
2025-03-21 05:00:00,Kosovo,Kosovo,XK,538.98,584.74,29.08,29.08,5,21,3,4,False
2025-03-21 06:00:00,Kosovo,Kosovo,XK,578.61,628.81,23.3,22.61,6,21,3,4,False
2025-03-21 07:00:00,Kosovo,Kosovo,XK,616.12,669.03,18.74,16.63,7,21,3,4,False
2025-03-21 08:00:00,Kosovo,Kosovo,XK,591.29,644.29,21.84,18.33,8,21,3,4,False
2025-03-21 09:00:00,Kosovo,Kosovo,XK,625.47,679.67,17.66,12.94,9,21,3,4,False
2025-03-21 10:00:00,Kosovo,Kosovo,XK,658.24,714.05,13.29,8.99,10,21,3,4,False
2025-03-21 11:00:00,Kosovo,Kosovo,XK,670.93,727.59,11.44,7.81,11,21,3,4,False
2025-03-21 12:00:00,Kosovo,Kosovo,XK,680.73,738.36,9.79,7.31,12,21,3,4,False
2025-03-21 13:00:00,Kosovo,Kosovo,XK,692.39,750.61,8.2,6.3,13,21,3,4,False
2025-03-21 14:00:00,Kosovo,Kosovo,XK,691.46,749.1,8.5,6.73,14,21,3,4,False
2025-03-21 15:00:00,Kosovo,Kosovo,XK,602.63,653.87,20.21,20.08,15,21,3,4,False
2025-03-21 16:00:00,Kosovo,Kosovo,XK,471.85,513.86,37.56,37.51,16,21,3,4,False
2025-03-21 17:00:00,Kosovo,Kosovo,XK,473.47,516.19,36.97,36.86,17,21,3,4,False
2025-03-21 18:00:00,Kosovo,Kosovo,XK,487.16,530.88,35.09,34.91,18,21,3,4,False
2025-03-21 19:00:00,Kosovo,Kosovo,XK,510.39,555.03,32.32,32.22,19,21,3,4,False
2025-03-21 20:00:00,Kosovo,Kosovo,XK,536.84,583.55,28.91,28.52,20,21,3,4,False
2025-03-21 21:00:00,Kosovo,Kosovo,XK,551.48,599.71,26.76,26.2,21,21,3,4,False
2025-03-21 22:00:00,Kosovo,Kosovo,XK,586.2,637.79,21.79,20.67,22,21,3,4,False
2025-03-21 23:00:00,Kosovo,Kosovo,XK,605.77,658.96,19.17,17.66,23,21,3,4,False
2025-03-22 00:00:00,Kosovo,Kosovo,XK,612.29,665.87,18.35,16.84,0,22,3,5,False
2025-03-22 01:00:00,Kosovo,Kosovo,XK,615.63,669.36,18.0,16.4,1,22,3,5,False
2025-03-22 02:00:00,Kosovo,Kosovo,XK,611.16,664.56,18.73,16.85,2,22,3,5,False
2025-03-22 03:00:00,Kosovo,Kosovo,XK,613.95,667.36,18.41,16.65,3,22,3,5,False
2025-03-22 04:00:00,Kosovo,Kosovo,XK,627.68,681.58,16.7,15.29,4,22,3,5,False
2025-03-22 05:00:00,Kosovo,Kosovo,XK,660.02,715.27,12.63,11.97,5,22,3,5,False
2025-03-22 06:00:00,Kosovo,Kosovo,XK,703.63,761.0,7.15,6.54,6,22,3,5,False
2025-03-22 07:00:00,Kosovo,Kosovo,XK,668.65,724.18,12.17,8.7,7,22,3,5,False
2025-03-22 08:00:00,Kosovo,Kosovo,XK,609.57,662.55,19.91,14.63,8,22,3,5,False
2025-03-22 09:00:00,Kosovo,Kosovo,XK,584.92,636.79,23.17,16.83,9,22,3,5,False
2025-03-22 10:00:00,Kosovo,Kosovo,XK,589.3,641.54,22.49,16.38,10,22,3,5,False
2025-03-22 11:00:00,Kosovo,Kosovo,XK,589.55,641.74,22.43,16.6,11,22,3,5,False
2025-03-22 12:00:00,Kosovo,Kosovo,XK,603.11,655.91,20.54,15.63,12,22,3,5,False
2025-03-22 13:00:00,Kosovo,Kosovo,XK,639.21,693.81,15.6,12.5,13,22,3,5,False
2025-03-22 14:00:00,Kosovo,Kosovo,XK,639.2,693.49,15.31,14.16,14,22,3,5,False
2025-03-22 15:00:00,Kosovo,Kosovo,XK,566.61,616.02,24.85,24.19,15,22,3,5,False
2025-03-22 16:00:00,Kosovo,Kosovo,XK,500.58,544.99,33.72,33.41,16,22,3,5,False
2025-03-22 17:00:00,Kosovo,Kosovo,XK,513.03,557.56,32.31,32.18,17,22,3,5,False
2025-03-22 18:00:00,Kosovo,Kosovo,XK,520.23,565.29,31.34,31.2,18,22,3,5,False
2025-03-22 19:00:00,Kosovo,Kosovo,XK,551.73,599.42,27.0,26.72,19,22,3,5,False
2025-03-22 20:00:00,Kosovo,Kosovo,XK,572.11,621.59,24.16,23.71,20,22,3,5,False
2025-03-22 21:00:00,Kosovo,Kosovo,XK,592.33,643.25,21.49,20.78,21,22,3,5,False
2025-03-22 22:00:00,Kosovo,Kosovo,XK,605.3,657.4,19.69,18.57,22,22,3,5,False
2025-03-22 23:00:00,Kosovo,Kosovo,XK,551.86,601.88,26.37,24.14,23,22,3,5,False
2025-03-23 00:00:00,Kosovo,Kosovo,XK,549.22,599.65,26.54,23.96,0,23,3,6,False
2025-03-23 01:00:00,Kosovo,Kosovo,XK,560.45,611.63,25.09,22.26,1,23,3,6,False
2025-03-23 02:00:00,Kosovo,Kosovo,XK,565.52,617.04,24.45,21.57,2,23,3,6,False
2025-03-23 03:00:00,Kosovo,Kosovo,XK,571.76,623.5,23.67,21.09,3,23,3,6,False
2025-03-23 04:00:00,Kosovo,Kosovo,XK,597.2,650.09,20.48,18.28,4,23,3,6,False
2025-03-23 05:00:00,Kosovo,Kosovo,XK,621.41,675.25,17.48,15.77,5,23,3,6,False
2025-03-23 06:00:00,Kosovo,Kosovo,XK,614.87,667.79,18.55,16.9,6,23,3,6,False
2025-03-23 07:00:00,Kosovo,Kosovo,XK,621.15,673.64,17.97,16.81,7,23,3,6,False
2025-03-23 08:00:00,Kosovo,Kosovo,XK,600.74,653.06,20.85,16.83,8,23,3,6,False
2025-03-23 09:00:00,Kosovo,Kosovo,XK,598.19,650.71,20.8,17.9,9,23,3,6,False
2025-03-23 10:00:00,Kosovo,Kosovo,XK,592.99,645.37,21.36,18.6,10,23,3,6,False
2025-03-23 11:00:00,Kosovo,Kosovo,XK,567.84,618.65,24.62,22.05,11,23,3,6,False
2025-03-23 12:00:00,Kosovo,Kosovo,XK,535.57,584.48,28.74,26.49,12,23,3,6,False
2025-03-23 13:00:00,Kosovo,Kosovo,XK,512.0,559.56,31.75,29.67,13,23,3,6,False
2025-03-23 14:00:00,Kosovo,Kosovo,XK,500.07,546.83,33.18,31.67,14,23,3,6,False
2025-03-23 15:00:00,Kosovo,Kosovo,XK,464.27,507.02,38.21,38.13,15,23,3,6,False
2025-03-23 16:00:00,Kosovo,Kosovo,XK,400.8,438.09,47.04,47.0,16,23,3,6,False
2025-03-23 17:00:00,Kosovo,Kosovo,XK,401.08,438.03,47.18,47.16,17,23,3,6,False
2025-03-23 18:00:00,Kosovo,Kosovo,XK,405.47,442.54,46.63,46.62,18,23,3,6,False
2025-03-23 19:00:00,Kosovo,Kosovo,XK,408.84,446.07,46.2,46.2,19,23,3,6,False
2025-03-23 20:00:00,Kosovo,Kosovo,XK,474.93,517.4,37.13,36.98,20,23,3,6,False
2025-03-23 21:00:00,Kosovo,Kosovo,XK,503.26,548.47,33.11,32.03,21,23,3,6,False
2025-03-23 22:00:00,Kosovo,Kosovo,XK,505.1,551.77,32.27,29.79,22,23,3,6,False
2025-03-23 23:00:00,Kosovo,Kosovo,XK,508.33,556.59,30.94,28.44,23,23,3,6,False
2025-03-24 00:00:00,Kosovo,Kosovo,XK,538.25,586.16,28.13,26.67,0,24,3,0,False
2025-03-24 01:00:00,Kosovo,Kosovo,XK,545.96,594.0,27.22,26.41,1,24,3,0,False
2025-03-24 02:00:00,Kosovo,Kosovo,XK,546.71,594.86,27.11,26.33,2,24,3,0,False
2025-03-24 03:00:00,Kosovo,Kosovo,XK,568.19,616.55,24.91,24.76,3,24,3,0,False
2025-03-24 04:00:00,Kosovo,Kosovo,XK,579.13,627.56,23.8,23.8,4,24,3,0,False
2025-03-24 05:00:00,Kosovo,Kosovo,XK,432.64,471.72,43.07,43.07,5,24,3,0,False
2025-03-24 06:00:00,Kosovo,Kosovo,XK,415.99,454.48,44.95,44.95,6,24,3,0,False
2025-03-24 07:00:00,Kosovo,Kosovo,XK,412.81,452.53,44.75,44.75,7,24,3,0,False
2025-03-24 08:00:00,Kosovo,Kosovo,XK,428.43,471.34,41.84,41.84,8,24,3,0,False
2025-03-24 09:00:00,Kosovo,Kosovo,XK,468.72,513.1,37.22,37.18,9,24,3,0,False
2025-03-24 10:00:00,Kosovo,Kosovo,XK,495.42,540.96,33.95,33.9,10,24,3,0,False
2025-03-24 11:00:00,Kosovo,Kosovo,XK,488.48,532.92,35.13,35.02,11,24,3,0,False
2025-03-24 12:00:00,Kosovo,Kosovo,XK,465.99,508.33,38.33,38.16,12,24,3,0,False
2025-03-24 13:00:00,Kosovo,Kosovo,XK,459.42,500.97,39.31,39.18,13,24,3,0,False
2025-03-24 14:00:00,Kosovo,Kosovo,XK,441.42,481.71,41.7,41.45,14,24,3,0,False
2025-03-24 15:00:00,Kosovo,Kosovo,XK,388.47,424.94,48.73,48.72,15,24,3,0,False
2025-03-24 16:00:00,Kosovo,Kosovo,XK,335.08,369.84,54.69,54.68,16,24,3,0,False
2025-03-24 17:00:00,Kosovo,Kosovo,XK,350.43,386.7,52.32,52.3,17,24,3,0,False
2025-03-24 18:00:00,Kosovo,Kosovo,XK,358.17,395.66,50.78,50.77,18,24,3,0,False
2025-03-24 19:00:00,Kosovo,Kosovo,XK,373.36,411.41,49.05,49.05,19,24,3,0,False
2025-03-24 20:00:00,Kosovo,Kosovo,XK,405.87,446.67,44.37,44.37,20,24,3,0,False
2025-03-24 21:00:00,Kosovo,Kosovo,XK,489.27,538.17,31.85,31.77,21,24,3,0,False
2025-03-24 22:00:00,Kosovo,Kosovo,XK,514.04,562.14,30.15,29.51,22,24,3,0,False
2025-03-24 23:00:00,Kosovo,Kosovo,XK,531.68,582.96,26.62,26.3,23,24,3,0,False
2025-03-25 00:00:00,Kosovo,Kosovo,XK,584.72,633.83,22.87,22.75,0,25,3,1,False
2025-03-25 01:00:00,Kosovo,Kosovo,XK,602.87,653.32,20.42,20.26,1,25,3,1,False
2025-03-25 02:00:00,Kosovo,Kosovo,XK,596.18,646.33,21.24,21.06,2,25,3,1,False
2025-03-25 03:00:00,Kosovo,Kosovo,XK,595.56,645.36,21.5,21.46,3,25,3,1,False
2025-03-25 04:00:00,Kosovo,Kosovo,XK,598.53,648.18,21.25,21.25,4,25,3,1,False
2025-03-25 05:00:00,Kosovo,Kosovo,XK,504.42,548.38,33.45,33.45,5,25,3,1,False
2025-03-25 06:00:00,Kosovo,Kosovo,XK,506.24,555.15,30.47,30.46,6,25,3,1,False
2025-03-25 07:00:00,Kosovo,Kosovo,XK,500.06,550.06,30.72,30.67,7,25,3,1,False
2025-03-25 08:00:00,Kosovo,Kosovo,XK,593.58,645.7,20.95,18.83,8,25,3,1,False
2025-03-25 09:00:00,Kosovo,Kosovo,XK,607.71,660.78,19.33,15.8,9,25,3,1,False
2025-03-25 10:00:00,Kosovo,Kosovo,XK,604.66,657.25,20.01,15.99,10,25,3,1,False
2025-03-25 11:00:00,Kosovo,Kosovo,XK,608.12,660.94,19.26,17.14,11,25,3,1,False
2025-03-25 12:00:00,Kosovo,Kosovo,XK,591.28,643.19,21.24,20.18,12,25,3,1,False
2025-03-25 13:00:00,Kosovo,Kosovo,XK,554.95,604.17,26.09,25.51,13,25,3,1,False
2025-03-25 14:00:00,Kosovo,Kosovo,XK,507.65,553.11,32.59,32.27,14,25,3,1,False
2025-03-25 15:00:00,Kosovo,Kosovo,XK,431.26,470.32,43.19,43.19,15,25,3,1,False
2025-03-25 16:00:00,Kosovo,Kosovo,XK,379.88,415.35,49.91,49.89,16,25,3,1,False
2025-03-25 17:00:00,Kosovo,Kosovo,XK,371.4,407.22,50.59,50.57,17,25,3,1,False
2025-03-25 18:00:00,Kosovo,Kosovo,XK,371.17,406.56,50.76,50.75,18,25,3,1,False
2025-03-25 19:00:00,Kosovo,Kosovo,XK,395.73,432.05,47.87,47.85,19,25,3,1,False
2025-03-25 20:00:00,Kosovo,Kosovo,XK,473.53,514.89,37.64,37.63,20,25,3,1,False
2025-03-25 21:00:00,Kosovo,Kosovo,XK,522.33,568.63,30.59,30.29,21,25,3,1,False
2025-03-25 22:00:00,Kosovo,Kosovo,XK,555.52,604.2,26.14,25.62,22,25,3,1,False
2025-03-25 23:00:00,Kosovo,Kosovo,XK,591.07,641.63,21.62,21.27,23,25,3,1,False
2025-03-26 00:00:00,Kosovo,Kosovo,XK,606.91,659.03,19.32,18.83,0,26,3,2,False
2025-03-26 01:00:00,Kosovo,Kosovo,XK,621.56,674.64,17.39,16.92,1,26,3,2,False
2025-03-26 02:00:00,Kosovo,Kosovo,XK,616.96,669.71,18.01,17.53,2,26,3,2,False
2025-03-26 03:00:00,Kosovo,Kosovo,XK,602.55,653.78,20.13,20.04,3,26,3,2,False
2025-03-26 04:00:00,Kosovo,Kosovo,XK,599.72,650.37,20.7,20.58,4,26,3,2,False
2025-03-26 05:00:00,Kosovo,Kosovo,XK,465.72,506.92,38.69,38.69,5,26,3,2,False
2025-03-26 06:00:00,Kosovo,Kosovo,XK,468.96,510.23,38.29,38.29,6,26,3,2,False
2025-03-26 07:00:00,Kosovo,Kosovo,XK,461.93,504.82,38.31,38.3,7,26,3,2,False
2025-03-26 08:00:00,Kosovo,Kosovo,XK,551.5,600.41,26.68,25.48,8,26,3,2,False
2025-03-26 09:00:00,Kosovo,Kosovo,XK,560.9,610.17,25.64,23.89,9,26,3,2,False
2025-03-26 10:00:00,Kosovo,Kosovo,XK,552.52,601.43,26.68,24.94,10,26,3,2,False
2025-03-26 11:00:00,Kosovo,Kosovo,XK,551.59,600.16,26.88,25.55,11,26,3,2,False
2025-03-26 12:00:00,Kosovo,Kosovo,XK,529.81,576.58,29.87,29.34,12,26,3,2,False
2025-03-26 13:00:00,Kosovo,Kosovo,XK,501.59,546.32,33.61,33.44,13,26,3,2,False
2025-03-26 14:00:00,Kosovo,Kosovo,XK,479.52,522.72,36.55,36.49,14,26,3,2,False
2025-03-26 15:00:00,Kosovo,Kosovo,XK,376.15,412.28,50.24,50.22,15,26,3,2,False
2025-03-26 16:00:00,Kosovo,Kosovo,XK,341.02,375.26,54.41,54.39,16,26,3,2,False
2025-03-26 17:00:00,Kosovo,Kosovo,XK,352.41,387.28,52.88,52.87,17,26,3,2,False
2025-03-26 18:00:00,Kosovo,Kosovo,XK,364.85,400.65,51.12,51.1,18,26,3,2,False
2025-03-26 19:00:00,Kosovo,Kosovo,XK,372.38,407.91,50.52,50.5,19,26,3,2,False
2025-03-26 20:00:00,Kosovo,Kosovo,XK,385.45,421.08,49.17,49.16,20,26,3,2,False
2025-03-26 21:00:00,Kosovo,Kosovo,XK,454.25,494.95,39.83,39.77,21,26,3,2,False
2025-03-26 22:00:00,Kosovo,Kosovo,XK,468.5,509.94,38.03,37.96,22,26,3,2,False
2025-03-26 23:00:00,Kosovo,Kosovo,XK,496.93,539.97,34.41,34.3,23,26,3,2,False
2025-03-27 00:00:00,Kosovo,Kosovo,XK,536.59,582.09,29.24,29.14,0,27,3,3,False
2025-03-27 01:00:00,Kosovo,Kosovo,XK,535.69,581.08,29.38,29.32,1,27,3,3,False
2025-03-27 02:00:00,Kosovo,Kosovo,XK,535.21,580.63,29.42,29.34,2,27,3,3,False
2025-03-27 03:00:00,Kosovo,Kosovo,XK,529.26,574.18,30.27,30.23,3,27,3,3,False
2025-03-27 04:00:00,Kosovo,Kosovo,XK,512.78,556.59,32.44,32.42,4,27,3,3,False
2025-03-27 05:00:00,Kosovo,Kosovo,XK,430.55,469.19,43.32,43.3,5,27,3,3,False
2025-03-27 06:00:00,Kosovo,Kosovo,XK,425.02,463.36,44.07,44.06,6,27,3,3,False
2025-03-27 07:00:00,Kosovo,Kosovo,XK,436.98,476.15,42.5,42.49,7,27,3,3,False
2025-03-27 08:00:00,Kosovo,Kosovo,XK,503.9,547.79,33.54,33.45,8,27,3,3,False
2025-03-27 09:00:00,Kosovo,Kosovo,XK,523.61,569.69,30.64,30.18,9,27,3,3,False
2025-03-27 10:00:00,Kosovo,Kosovo,XK,529.67,576.66,29.65,28.87,10,27,3,3,False
2025-03-27 11:00:00,Kosovo,Kosovo,XK,518.89,565.53,30.93,30.06,11,27,3,3,False
2025-03-27 12:00:00,Kosovo,Kosovo,XK,502.0,547.96,33.05,31.85,12,27,3,3,False
2025-03-27 13:00:00,Kosovo,Kosovo,XK,485.38,529.79,35.34,34.44,13,27,3,3,False
2025-03-27 14:00:00,Kosovo,Kosovo,XK,463.68,506.48,38.2,37.59,14,27,3,3,False
2025-03-27 15:00:00,Kosovo,Kosovo,XK,438.24,478.59,41.75,41.58,15,27,3,3,False
2025-03-27 16:00:00,Kosovo,Kosovo,XK,379.03,414.38,50.0,49.98,16,27,3,3,False
2025-03-27 17:00:00,Kosovo,Kosovo,XK,377.21,413.3,49.78,49.76,17,27,3,3,False
2025-03-27 18:00:00,Kosovo,Kosovo,XK,386.34,422.99,48.57,48.55,18,27,3,3,False
2025-03-27 19:00:00,Kosovo,Kosovo,XK,394.33,430.78,47.88,47.86,19,27,3,3,False
2025-03-27 20:00:00,Kosovo,Kosovo,XK,460.27,501.36,39.09,39.04,20,27,3,3,False
2025-03-27 21:00:00,Kosovo,Kosovo,XK,488.16,531.83,35.11,34.87,21,27,3,3,False
2025-03-27 22:00:00,Kosovo,Kosovo,XK,516.41,562.26,31.26,30.85,22,27,3,3,False
2025-03-27 23:00:00,Kosovo,Kosovo,XK,559.83,608.72,25.56,24.79,23,27,3,3,False
2025-03-28 00:00:00,Kosovo,Kosovo,XK,600.4,652.02,20.28,19.17,0,28,3,4,False
2025-03-28 01:00:00,Kosovo,Kosovo,XK,607.39,659.39,19.42,18.34,1,28,3,4,False
2025-03-28 02:00:00,Kosovo,Kosovo,XK,612.96,665.56,18.62,17.35,2,28,3,4,False
2025-03-28 03:00:00,Kosovo,Kosovo,XK,629.3,682.58,16.55,15.6,3,28,3,4,False
2025-03-28 04:00:00,Kosovo,Kosovo,XK,626.26,679.01,16.97,16.4,4,28,3,4,False
2025-03-28 05:00:00,Kosovo,Kosovo,XK,611.08,662.32,19.27,18.94,5,28,3,4,False
2025-03-28 06:00:00,Kosovo,Kosovo,XK,629.13,681.23,17.15,16.45,6,28,3,4,False
2025-03-28 07:00:00,Kosovo,Kosovo,XK,575.05,624.61,24.26,22.3,7,28,3,4,False
2025-03-28 08:00:00,Kosovo,Kosovo,XK,531.82,581.27,28.97,27.62,8,28,3,4,False
2025-03-28 09:00:00,Kosovo,Kosovo,XK,517.26,565.47,31.24,29.21,9,28,3,4,False
2025-03-28 10:00:00,Kosovo,Kosovo,XK,524.35,572.6,30.36,28.87,10,28,3,4,False
2025-03-28 11:00:00,Kosovo,Kosovo,XK,546.57,596.02,27.44,26.45,11,28,3,4,False
2025-03-28 12:00:00,Kosovo,Kosovo,XK,556.59,606.37,26.26,24.35,12,28,3,4,False
2025-03-28 13:00:00,Kosovo,Kosovo,XK,585.1,635.61,22.8,20.27,13,28,3,4,False
2025-03-28 14:00:00,Kosovo,Kosovo,XK,567.49,616.92,24.9,23.26,14,28,3,4,False
2025-03-28 15:00:00,Kosovo,Kosovo,XK,503.46,547.91,33.35,33.07,15,28,3,4,False
2025-03-28 16:00:00,Kosovo,Kosovo,XK,378.04,414.2,49.84,49.83,16,28,3,4,False
2025-03-28 17:00:00,Kosovo,Kosovo,XK,369.6,405.8,50.64,50.62,17,28,3,4,False
2025-03-28 18:00:00,Kosovo,Kosovo,XK,386.87,423.75,48.54,48.49,18,28,3,4,False
2025-03-28 19:00:00,Kosovo,Kosovo,XK,399.38,436.47,47.15,47.13,19,28,3,4,False
2025-03-28 20:00:00,Kosovo,Kosovo,XK,472.48,514.48,37.53,37.41,20,28,3,4,False
2025-03-28 21:00:00,Kosovo,Kosovo,XK,498.11,542.85,33.77,33.18,21,28,3,4,False
2025-03-28 22:00:00,Kosovo,Kosovo,XK,510.26,555.96,32.14,31.31,22,28,3,4,False
2025-03-28 23:00:00,Kosovo,Kosovo,XK,544.09,592.42,27.51,26.36,23,28,3,4,False
2025-03-29 00:00:00,Kosovo,Kosovo,XK,575.99,626.53,23.31,22.03,0,29,3,5,False
2025-03-29 01:00:00,Kosovo,Kosovo,XK,573.75,623.89,23.71,22.63,1,29,3,5,False
2025-03-29 02:00:00,Kosovo,Kosovo,XK,578.6,629.29,22.96,21.78,2,29,3,5,False
2025-03-29 03:00:00,Kosovo,Kosovo,XK,589.17,640.35,21.63,20.62,3,29,3,5,False
2025-03-29 04:00:00,Kosovo,Kosovo,XK,617.29,669.91,18.02,17.4,4,29,3,5,False
2025-03-29 05:00:00,Kosovo,Kosovo,XK,640.51,693.64,15.43,15.22,5,29,3,5,False
2025-03-29 06:00:00,Kosovo,Kosovo,XK,632.34,684.49,16.69,16.59,6,29,3,5,False
2025-03-29 07:00:00,Kosovo,Kosovo,XK,585.9,635.74,22.6,22.29,7,29,3,5,False
2025-03-29 08:00:00,Kosovo,Kosovo,XK,561.98,610.7,25.81,24.21,8,29,3,5,False
2025-03-29 09:00:00,Kosovo,Kosovo,XK,541.29,589.54,28.44,25.57,9,29,3,5,False
2025-03-29 10:00:00,Kosovo,Kosovo,XK,545.82,594.43,27.75,25.02,10,29,3,5,False
2025-03-29 11:00:00,Kosovo,Kosovo,XK,525.0,573.36,30.14,26.64,11,29,3,5,False
2025-03-29 12:00:00,Kosovo,Kosovo,XK,531.67,579.52,29.45,27.31,12,29,3,5,False
2025-03-29 13:00:00,Kosovo,Kosovo,XK,520.43,567.11,30.85,29.98,13,29,3,5,False
2025-03-29 14:00:00,Kosovo,Kosovo,XK,511.12,556.87,32.12,31.52,14,29,3,5,False
2025-03-29 15:00:00,Kosovo,Kosovo,XK,472.39,515.53,37.16,36.8,15,29,3,5,False
2025-03-29 16:00:00,Kosovo,Kosovo,XK,418.65,457.73,44.4,44.24,16,29,3,5,False
2025-03-29 17:00:00,Kosovo,Kosovo,XK,410.71,448.51,45.74,45.67,17,29,3,5,False
2025-03-29 18:00:00,Kosovo,Kosovo,XK,416.5,455.13,44.79,44.66,18,29,3,5,False
2025-03-29 19:00:00,Kosovo,Kosovo,XK,405.03,442.88,46.28,46.16,19,29,3,5,False
2025-03-29 20:00:00,Kosovo,Kosovo,XK,432.44,473.32,42.25,41.58,20,29,3,5,False
2025-03-29 21:00:00,Kosovo,Kosovo,XK,435.73,477.13,41.67,41.01,21,29,3,5,False
2025-03-29 22:00:00,Kosovo,Kosovo,XK,441.98,483.93,40.83,39.99,22,29,3,5,False
2025-03-29 23:00:00,Kosovo,Kosovo,XK,444.72,487.08,40.53,39.53,23,29,3,5,False
2025-03-30 00:00:00,Kosovo,Kosovo,XK,456.81,499.17,39.28,38.64,0,30,3,6,False
2025-03-30 01:00:00,Kosovo,Kosovo,XK,481.05,525.37,35.9,35.22,1,30,3,6,False
2025-03-30 02:00:00,Kosovo,Kosovo,XK,490.49,535.27,34.71,34.04,2,30,3,6,False
2025-03-30 03:00:00,Kosovo,Kosovo,XK,492.23,537.36,34.44,33.53,3,30,3,6,False
2025-03-30 04:00:00,Kosovo,Kosovo,XK,505.45,551.76,32.59,31.72,4,30,3,6,False
2025-03-30 05:00:00,Kosovo,Kosovo,XK,485.69,530.71,35.22,34.38,5,30,3,6,False
2025-03-30 06:00:00,Kosovo,Kosovo,XK,455.05,497.86,39.36,38.62,6,30,3,6,False
2025-03-30 07:00:00,Kosovo,Kosovo,XK,443.45,485.51,41.01,39.98,7,30,3,6,False
2025-03-30 08:00:00,Kosovo,Kosovo,XK,447.86,490.69,40.35,38.88,8,30,3,6,False
2025-03-30 09:00:00,Kosovo,Kosovo,XK,453.07,496.16,39.71,38.23,9,30,3,6,False
2025-03-30 10:00:00,Kosovo,Kosovo,XK,462.25,505.9,38.5,37.07,10,30,3,6,False
2025-03-30 11:00:00,Kosovo,Kosovo,XK,457.06,500.1,39.25,38.05,11,30,3,6,False
2025-03-30 12:00:00,Kosovo,Kosovo,XK,456.0,499.04,39.36,38.11,12,30,3,6,False
2025-03-30 13:00:00,Kosovo,Kosovo,XK,456.85,500.05,39.2,37.87,13,30,3,6,False
2025-03-30 14:00:00,Kosovo,Kosovo,XK,456.37,499.29,39.3,38.0,14,30,3,6,False
2025-03-30 15:00:00,Kosovo,Kosovo,XK,492.82,538.42,34.37,32.8,15,30,3,6,False
2025-03-30 16:00:00,Kosovo,Kosovo,XK,481.74,526.19,35.84,34.9,16,30,3,6,False
2025-03-30 17:00:00,Kosovo,Kosovo,XK,456.82,498.73,39.3,38.67,17,30,3,6,False
2025-03-30 18:00:00,Kosovo,Kosovo,XK,454.27,495.9,39.68,39.02,18,30,3,6,False
2025-03-30 19:00:00,Kosovo,Kosovo,XK,448.44,490.06,40.36,39.37,19,30,3,6,False
2025-03-30 20:00:00,Kosovo,Kosovo,XK,444.86,486.47,40.77,39.58,20,30,3,6,False
2025-03-30 21:00:00,Kosovo,Kosovo,XK,451.97,494.15,39.76,38.75,21,30,3,6,False
2025-03-30 22:00:00,Kosovo,Kosovo,XK,476.5,520.27,36.63,35.66,22,30,3,6,False
2025-03-30 23:00:00,Kosovo,Kosovo,XK,507.24,552.39,32.74,32.37,23,30,3,6,False
2025-03-31 00:00:00,Kosovo,Kosovo,XK,528.74,574.79,30.06,29.97,0,31,3,0,False
2025-03-31 01:00:00,Kosovo,Kosovo,XK,536.53,582.95,29.08,29.02,1,31,3,0,False
2025-03-31 02:00:00,Kosovo,Kosovo,XK,530.84,576.87,29.84,29.78,2,31,3,0,False
2025-03-31 03:00:00,Kosovo,Kosovo,XK,509.32,553.97,32.69,32.6,3,31,3,0,False
2025-03-31 04:00:00,Kosovo,Kosovo,XK,469.4,511.16,37.91,37.83,4,31,3,0,False
2025-03-31 05:00:00,Kosovo,Kosovo,XK,415.1,453.28,45.1,44.96,5,31,3,0,False
2025-03-31 06:00:00,Kosovo,Kosovo,XK,404.7,442.6,46.4,46.17,6,31,3,0,False
2025-03-31 07:00:00,Kosovo,Kosovo,XK,402.56,440.81,46.65,46.44,7,31,3,0,False
2025-03-31 08:00:00,Kosovo,Kosovo,XK,422.62,462.09,44.06,43.9,8,31,3,0,False
2025-03-31 09:00:00,Kosovo,Kosovo,XK,456.01,498.34,39.42,39.06,9,31,3,0,False
2025-03-31 10:00:00,Kosovo,Kosovo,XK,473.26,516.65,37.17,36.85,10,31,3,0,False
2025-03-31 11:00:00,Kosovo,Kosovo,XK,476.4,520.34,36.72,36.32,11,31,3,0,False
2025-03-31 12:00:00,Kosovo,Kosovo,XK,469.02,512.78,37.61,36.97,12,31,3,0,False
2025-03-31 13:00:00,Kosovo,Kosovo,XK,460.93,503.81,38.76,38.28,13,31,3,0,False
2025-03-31 14:00:00,Kosovo,Kosovo,XK,448.96,491.08,40.27,39.67,14,31,3,0,False
2025-03-31 15:00:00,Kosovo,Kosovo,XK,443.25,484.19,41.03,40.77,15,31,3,0,False
2025-03-31 16:00:00,Kosovo,Kosovo,XK,382.47,418.99,49.18,49.12,16,31,3,0,False
2025-03-31 17:00:00,Kosovo,Kosovo,XK,367.54,403.22,51.07,50.99,17,31,3,0,False
2025-03-31 18:00:00,Kosovo,Kosovo,XK,370.93,406.63,50.7,50.67,18,31,3,0,False
2025-03-31 19:00:00,Kosovo,Kosovo,XK,386.47,422.72,48.84,48.77,19,31,3,0,False
2025-03-31 20:00:00,Kosovo,Kosovo,XK,418.56,457.28,44.49,44.36,20,31,3,0,False
2025-03-31 21:00:00,Kosovo,Kosovo,XK,421.9,460.74,44.08,44.0,21,31,3,0,False
2025-03-31 22:00:00,Kosovo,Kosovo,XK,491.64,534.89,35.17,34.96,22,31,3,0,False
2025-03-31 23:00:00,Kosovo,Kosovo,XK,530.89,576.67,30.01,29.86,23,31,3,0,False
2025-04-01 00:00:00,Kosovo,Kosovo,XK,549.39,595.92,27.69,27.62,0,1,4,1,False
2025-04-01 01:00:00,Kosovo,Kosovo,XK,551.96,598.59,27.36,27.32,1,1,4,1,False
2025-04-01 02:00:00,Kosovo,Kosovo,XK,554.64,601.54,26.96,26.94,2,1,4,1,False
2025-04-01 03:00:00,Kosovo,Kosovo,XK,513.12,557.78,32.29,32.23,3,1,4,1,False
2025-04-01 04:00:00,Kosovo,Kosovo,XK,430.41,469.42,43.28,43.25,4,1,4,1,False
2025-04-01 05:00:00,Kosovo,Kosovo,XK,365.79,400.45,51.75,51.73,5,1,4,1,False
2025-04-01 06:00:00,Kosovo,Kosovo,XK,359.92,394.29,52.55,52.51,6,1,4,1,False
2025-04-01 07:00:00,Kosovo,Kosovo,XK,403.07,440.74,46.79,46.62,7,1,4,1,False
2025-04-01 08:00:00,Kosovo,Kosovo,XK,427.72,467.61,43.46,42.91,8,1,4,1,False
2025-04-01 09:00:00,Kosovo,Kosovo,XK,457.62,499.21,39.56,38.9,9,1,4,1,False
2025-04-01 10:00:00,Kosovo,Kosovo,XK,448.54,490.0,40.67,39.64,10,1,4,1,False
2025-04-01 11:00:00,Kosovo,Kosovo,XK,446.66,488.51,40.91,39.82,11,1,4,1,False
2025-04-01 12:00:00,Kosovo,Kosovo,XK,441.3,482.98,41.55,40.39,12,1,4,1,False
2025-04-01 13:00:00,Kosovo,Kosovo,XK,450.25,492.56,40.35,39.06,13,1,4,1,False
2025-04-01 14:00:00,Kosovo,Kosovo,XK,425.96,466.46,43.51,42.45,14,1,4,1,False
2025-04-01 15:00:00,Kosovo,Kosovo,XK,371.1,407.73,50.69,49.78,15,1,4,1,False
2025-04-01 16:00:00,Kosovo,Kosovo,XK,321.64,354.61,57.2,56.92,16,1,4,1,False
2025-04-01 17:00:00,Kosovo,Kosovo,XK,321.72,354.46,57.17,56.9,17,1,4,1,False
2025-04-01 18:00:00,Kosovo,Kosovo,XK,331.48,364.57,55.95,55.59,18,1,4,1,False
2025-04-01 19:00:00,Kosovo,Kosovo,XK,383.46,419.87,49.17,48.5,19,1,4,1,False
2025-04-01 20:00:00,Kosovo,Kosovo,XK,426.69,466.26,43.49,42.83,20,1,4,1,False
2025-04-01 21:00:00,Kosovo,Kosovo,XK,463.79,506.08,38.65,37.81,21,1,4,1,False
2025-04-01 22:00:00,Kosovo,Kosovo,XK,490.83,534.7,35.14,34.44,22,1,4,1,False
2025-04-01 23:00:00,Kosovo,Kosovo,XK,540.87,587.55,28.7,28.21,23,1,4,1,False
2025-04-02 00:00:00,Kosovo,Kosovo,XK,579.2,628.06,23.75,23.22,0,2,4,2,False
2025-04-02 01:00:00,Kosovo,Kosovo,XK,603.98,654.46,20.49,19.96,1,2,4,2,False
2025-04-02 02:00:00,Kosovo,Kosovo,XK,598.65,648.85,21.17,20.71,2,2,4,2,False
2025-04-02 03:00:00,Kosovo,Kosovo,XK,561.18,609.26,25.93,25.63,3,2,4,2,False
2025-04-02 04:00:00,Kosovo,Kosovo,XK,482.3,524.7,36.46,36.42,4,2,4,2,False
2025-04-02 05:00:00,Kosovo,Kosovo,XK,416.95,455.11,45.07,45.03,5,2,4,2,False
2025-04-02 06:00:00,Kosovo,Kosovo,XK,436.48,475.95,42.56,42.55,6,2,4,2,False
2025-04-02 07:00:00,Kosovo,Kosovo,XK,483.24,526.5,36.26,36.04,7,2,4,2,False
2025-04-02 08:00:00,Kosovo,Kosovo,XK,501.05,545.98,33.93,33.32,8,2,4,2,False
2025-04-02 09:00:00,Kosovo,Kosovo,XK,519.64,565.91,31.45,30.71,9,2,4,2,False
2025-04-02 10:00:00,Kosovo,Kosovo,XK,517.94,564.1,31.64,31.15,10,2,4,2,False
2025-04-02 11:00:00,Kosovo,Kosovo,XK,501.56,546.48,33.85,33.58,11,2,4,2,False
2025-04-02 12:00:00,Kosovo,Kosovo,XK,498.96,543.73,34.17,33.82,12,2,4,2,False
2025-04-02 13:00:00,Kosovo,Kosovo,XK,534.33,580.82,29.62,29.43,13,2,4,2,False
2025-04-02 14:00:00,Kosovo,Kosovo,XK,499.05,543.24,34.19,34.01,14,2,4,2,False
2025-04-02 15:00:00,Kosovo,Kosovo,XK,449.27,490.15,40.63,40.51,15,2,4,2,False
2025-04-02 16:00:00,Kosovo,Kosovo,XK,390.52,427.05,48.48,48.44,16,2,4,2,False
2025-04-02 17:00:00,Kosovo,Kosovo,XK,354.62,389.1,52.96,52.88,17,2,4,2,False
2025-04-02 18:00:00,Kosovo,Kosovo,XK,362.38,396.9,52.17,52.07,18,2,4,2,False
2025-04-02 19:00:00,Kosovo,Kosovo,XK,422.61,461.82,44.03,43.61,19,2,4,2,False
2025-04-02 20:00:00,Kosovo,Kosovo,XK,467.1,509.6,38.12,37.58,20,2,4,2,False
2025-04-02 21:00:00,Kosovo,Kosovo,XK,494.06,538.31,34.66,33.88,21,2,4,2,False
2025-04-02 22:00:00,Kosovo,Kosovo,XK,531.97,578.47,29.75,29.06,22,2,4,2,False
2025-04-02 23:00:00,Kosovo,Kosovo,XK,591.42,641.54,21.99,21.59,23,2,4,2,False
2025-04-03 00:00:00,Kosovo,Kosovo,XK,643.3,696.59,15.26,14.8,0,3,4,3,False
2025-04-03 01:00:00,Kosovo,Kosovo,XK,665.0,719.62,12.43,11.99,1,3,4,3,False
2025-04-03 02:00:00,Kosovo,Kosovo,XK,654.36,708.39,13.77,13.44,2,3,4,3,False
2025-04-03 03:00:00,Kosovo,Kosovo,XK,585.6,635.01,22.78,22.64,3,3,4,3,False
2025-04-03 04:00:00,Kosovo,Kosovo,XK,496.96,540.22,34.55,34.54,4,3,4,3,False
2025-04-03 05:00:00,Kosovo,Kosovo,XK,428.53,467.48,43.54,43.51,5,3,4,3,False
2025-04-03 06:00:00,Kosovo,Kosovo,XK,400.48,437.86,47.3,47.3,6,3,4,3,False
2025-04-03 07:00:00,Kosovo,Kosovo,XK,482.79,526.14,36.41,36.04,7,3,4,3,False
2025-04-03 08:00:00,Kosovo,Kosovo,XK,552.73,600.99,27.27,25.23,8,3,4,3,False
2025-04-03 09:00:00,Kosovo,Kosovo,XK,528.81,576.46,30.05,28.37,9,3,4,3,False
2025-04-03 10:00:00,Kosovo,Kosovo,XK,542.44,591.36,28.23,25.89,10,3,4,3,False
2025-04-03 11:00:00,Kosovo,Kosovo,XK,555.75,605.25,26.51,24.41,11,3,4,3,False
2025-04-03 12:00:00,Kosovo,Kosovo,XK,537.17,585.43,28.98,26.95,12,3,4,3,False
2025-04-03 13:00:00,Kosovo,Kosovo,XK,552.67,601.87,26.9,25.0,13,3,4,3,False
2025-04-03 14:00:00,Kosovo,Kosovo,XK,494.39,539.18,34.67,33.82,14,3,4,3,False
2025-04-03 15:00:00,Kosovo,Kosovo,XK,443.73,485.21,41.16,40.19,15,3,4,3,False
2025-04-03 16:00:00,Kosovo,Kosovo,XK,362.35,397.49,52.1,51.73,16,3,4,3,False
2025-04-03 17:00:00,Kosovo,Kosovo,XK,349.01,383.68,53.53,53.25,17,3,4,3,False
2025-04-03 18:00:00,Kosovo,Kosovo,XK,355.72,390.22,52.91,52.78,18,3,4,3,False
2025-04-03 19:00:00,Kosovo,Kosovo,XK,385.33,421.64,49.13,48.89,19,3,4,3,False
2025-04-03 20:00:00,Kosovo,Kosovo,XK,422.03,461.15,44.2,43.86,20,3,4,3,False
2025-04-03 21:00:00,Kosovo,Kosovo,XK,462.2,503.79,39.01,38.69,21,3,4,3,False
2025-04-03 22:00:00,Kosovo,Kosovo,XK,514.64,559.85,32.09,31.53,22,3,4,3,False
2025-04-03 23:00:00,Kosovo,Kosovo,XK,554.45,602.67,26.72,26.02,23,3,4,3,False
2025-04-04 00:00:00,Kosovo,Kosovo,XK,598.4,648.97,21.1,20.82,0,4,4,4,False
2025-04-04 01:00:00,Kosovo,Kosovo,XK,632.92,685.38,16.66,16.39,1,4,4,4,False
2025-04-04 02:00:00,Kosovo,Kosovo,XK,628.57,680.86,17.19,16.97,2,4,4,4,False
2025-04-04 03:00:00,Kosovo,Kosovo,XK,573.51,621.95,24.46,24.42,3,4,4,4,False
2025-04-04 04:00:00,Kosovo,Kosovo,XK,412.25,450.25,45.62,45.6,4,4,4,4,False
2025-04-04 05:00:00,Kosovo,Kosovo,XK,377.88,413.98,49.97,49.95,5,4,4,4,False
2025-04-04 06:00:00,Kosovo,Kosovo,XK,442.59,482.57,41.76,41.71,6,4,4,4,False
2025-04-04 07:00:00,Kosovo,Kosovo,XK,533.31,579.44,29.74,28.77,7,4,4,4,False
2025-04-04 08:00:00,Kosovo,Kosovo,XK,559.35,608.67,26.24,23.97,8,4,4,4,False
2025-04-04 09:00:00,Kosovo,Kosovo,XK,515.66,563.19,31.72,29.28,9,4,4,4,False
2025-04-04 10:00:00,Kosovo,Kosovo,XK,507.21,554.55,32.82,29.9,10,4,4,4,False
2025-04-04 11:00:00,Kosovo,Kosovo,XK,517.91,565.84,31.36,28.51,11,4,4,4,False
2025-04-04 12:00:00,Kosovo,Kosovo,XK,534.58,583.39,29.18,26.41,12,4,4,4,False
2025-04-04 13:00:00,Kosovo,Kosovo,XK,499.03,545.52,33.91,31.28,13,4,4,4,False
2025-04-04 14:00:00,Kosovo,Kosovo,XK,507.16,553.06,32.98,31.36,14,4,4,4,False
2025-04-04 15:00:00,Kosovo,Kosovo,XK,459.87,502.06,39.22,38.45,15,4,4,4,False
2025-04-04 16:00:00,Kosovo,Kosovo,XK,353.59,389.64,52.53,52.37,16,4,4,4,False
2025-04-04 17:00:00,Kosovo,Kosovo,XK,345.7,380.85,53.53,53.41,17,4,4,4,False
2025-04-04 18:00:00,Kosovo,Kosovo,XK,357.68,393.69,51.89,51.83,18,4,4,4,False
2025-04-04 19:00:00,Kosovo,Kosovo,XK,396.81,434.09,47.57,47.26,19,4,4,4,False
2025-04-04 20:00:00,Kosovo,Kosovo,XK,457.89,499.51,39.45,38.95,20,4,4,4,False
2025-04-04 21:00:00,Kosovo,Kosovo,XK,481.38,525.17,36.25,35.19,21,4,4,4,False
2025-04-04 22:00:00,Kosovo,Kosovo,XK,494.47,540.36,33.99,32.23,22,4,4,4,False
2025-04-04 23:00:00,Kosovo,Kosovo,XK,525.13,573.28,29.87,28.1,23,4,4,4,False
2025-04-05 00:00:00,Kosovo,Kosovo,XK,553.97,603.58,26.26,24.52,0,5,4,5,False
2025-04-05 01:00:00,Kosovo,Kosovo,XK,552.44,602.01,26.43,24.72,1,5,4,5,False
2025-04-05 02:00:00,Kosovo,Kosovo,XK,561.04,611.16,25.31,23.57,2,5,4,5,False
2025-04-05 03:00:00,Kosovo,Kosovo,XK,556.54,606.41,25.78,24.39,3,5,4,5,False
2025-04-05 04:00:00,Kosovo,Kosovo,XK,574.51,625.18,23.52,22.25,4,5,4,5,False
2025-04-05 05:00:00,Kosovo,Kosovo,XK,597.08,649.19,20.61,19.07,5,5,4,5,False
2025-04-05 06:00:00,Kosovo,Kosovo,XK,588.06,638.74,22.13,21.05,6,5,4,5,False
2025-04-05 07:00:00,Kosovo,Kosovo,XK,581.42,632.7,22.83,20.6,7,5,4,5,False
2025-04-05 08:00:00,Kosovo,Kosovo,XK,523.49,572.75,30.16,27.0,8,5,4,5,False
2025-04-05 09:00:00,Kosovo,Kosovo,XK,533.32,583.31,28.86,25.49,9,5,4,5,False
2025-04-05 10:00:00,Kosovo,Kosovo,XK,533.57,583.79,28.81,25.26,10,5,4,5,False
2025-04-05 11:00:00,Kosovo,Kosovo,XK,525.66,575.51,29.8,26.38,11,5,4,5,False
2025-04-05 12:00:00,Kosovo,Kosovo,XK,524.75,574.66,29.95,26.15,12,5,4,5,False
2025-04-05 13:00:00,Kosovo,Kosovo,XK,520.01,569.31,30.58,27.17,13,5,4,5,False
2025-04-05 14:00:00,Kosovo,Kosovo,XK,516.56,564.94,31.05,28.58,14,5,4,5,False
2025-04-05 15:00:00,Kosovo,Kosovo,XK,512.49,559.99,31.63,29.81,15,5,4,5,False
2025-04-05 16:00:00,Kosovo,Kosovo,XK,486.6,531.8,35.1,33.99,16,5,4,5,False
2025-04-05 17:00:00,Kosovo,Kosovo,XK,441.06,482.08,41.4,40.68,17,5,4,5,False
2025-04-05 18:00:00,Kosovo,Kosovo,XK,444.59,485.5,41.05,40.52,18,5,4,5,False
2025-04-05 19:00:00,Kosovo,Kosovo,XK,449.25,491.49,40.15,39.06,19,5,4,5,False
2025-04-05 20:00:00,Kosovo,Kosovo,XK,493.39,539.05,34.17,32.64,20,5,4,5,False
2025-04-05 21:00:00,Kosovo,Kosovo,XK,501.77,547.91,33.05,31.57,21,5,4,5,False
2025-04-05 22:00:00,Kosovo,Kosovo,XK,536.57,584.81,28.6,26.94,22,5,4,5,False
2025-04-05 23:00:00,Kosovo,Kosovo,XK,553.1,601.66,26.7,25.73,23,5,4,5,False
2025-04-06 00:00:00,Kosovo,Kosovo,XK,574.12,623.78,24.01,23.32,0,6,4,6,False
2025-04-06 01:00:00,Kosovo,Kosovo,XK,582.17,632.23,23.0,22.33,1,6,4,6,False
2025-04-06 02:00:00,Kosovo,Kosovo,XK,597.58,648.52,21.0,20.31,2,6,4,6,False
2025-04-06 03:00:00,Kosovo,Kosovo,XK,590.14,640.69,21.96,21.31,3,6,4,6,False
2025-04-06 04:00:00,Kosovo,Kosovo,XK,601.42,652.61,20.5,19.86,4,6,4,6,False
2025-04-06 05:00:00,Kosovo,Kosovo,XK,649.24,703.1,14.33,13.72,5,6,4,6,False
2025-04-06 06:00:00,Kosovo,Kosovo,XK,597.63,648.87,21.03,19.72,6,6,4,6,False
2025-04-06 07:00:00,Kosovo,Kosovo,XK,485.59,530.19,35.66,34.65,7,6,4,6,False
2025-04-06 08:00:00,Kosovo,Kosovo,XK,414.0,456.26,44.81,41.63,8,6,4,6,False
2025-04-06 09:00:00,Kosovo,Kosovo,XK,401.31,442.92,46.53,43.3,9,6,4,6,False
2025-04-06 10:00:00,Kosovo,Kosovo,XK,391.38,432.45,47.88,44.39,10,6,4,6,False
2025-04-06 11:00:00,Kosovo,Kosovo,XK,390.24,431.26,48.02,44.55,11,6,4,6,False
2025-04-06 12:00:00,Kosovo,Kosovo,XK,389.64,430.35,48.11,44.86,12,6,4,6,False
2025-04-06 13:00:00,Kosovo,Kosovo,XK,387.32,427.78,48.36,45.1,13,6,4,6,False
2025-04-06 14:00:00,Kosovo,Kosovo,XK,370.47,409.23,50.61,47.63,14,6,4,6,False
2025-04-06 15:00:00,Kosovo,Kosovo,XK,381.37,419.88,49.18,47.37,15,6,4,6,False
2025-04-06 16:00:00,Kosovo,Kosovo,XK,362.09,397.8,51.95,51.65,16,6,4,6,False
2025-04-06 17:00:00,Kosovo,Kosovo,XK,337.31,370.54,55.3,55.13,17,6,4,6,False
2025-04-06 18:00:00,Kosovo,Kosovo,XK,350.99,384.94,53.49,53.25,18,6,4,6,False
2025-04-06 19:00:00,Kosovo,Kosovo,XK,382.24,418.72,49.27,48.93,19,6,4,6,False
2025-04-06 20:00:00,Kosovo,Kosovo,XK,417.64,457.11,44.34,43.64,20,6,4,6,False
2025-04-06 21:00:00,Kosovo,Kosovo,XK,431.24,472.31,42.42,41.76,21,6,4,6,False
2025-04-06 22:00:00,Kosovo,Kosovo,XK,484.95,529.41,35.4,34.72,22,6,4,6,False
2025-04-06 23:00:00,Kosovo,Kosovo,XK,520.69,567.56,30.65,30.05,23,6,4,6,False
2025-04-07 00:00:00,Kosovo,Kosovo,XK,560.24,609.27,25.56,25.26,0,7,4,0,False
2025-04-07 01:00:00,Kosovo,Kosovo,XK,574.59,624.36,23.73,23.52,1,7,4,0,False
2025-04-07 02:00:00,Kosovo,Kosovo,XK,547.5,595.69,27.24,27.03,2,7,4,0,False
2025-04-07 03:00:00,Kosovo,Kosovo,XK,493.74,538.73,34.27,33.85,3,7,4,0,False
2025-04-07 04:00:00,Kosovo,Kosovo,XK,369.48,405.34,51.0,50.96,4,7,4,0,False
2025-04-07 05:00:00,Kosovo,Kosovo,XK,346.23,380.31,54.09,54.05,5,7,4,0,False
2025-04-07 06:00:00,Kosovo,Kosovo,XK,378.02,414.28,50.16,50.13,6,7,4,0,False
2025-04-07 07:00:00,Kosovo,Kosovo,XK,405.91,444.82,46.29,46.1,7,7,4,0,False
2025-04-07 08:00:00,Kosovo,Kosovo,XK,411.05,450.56,45.61,45.29,8,7,4,0,False
2025-04-07 09:00:00,Kosovo,Kosovo,XK,445.41,487.3,41.01,40.39,9,7,4,0,False
2025-04-07 10:00:00,Kosovo,Kosovo,XK,431.24,472.3,42.94,42.28,10,7,4,0,False
2025-04-07 11:00:00,Kosovo,Kosovo,XK,425.62,466.75,43.58,42.68,11,7,4,0,False
2025-04-07 12:00:00,Kosovo,Kosovo,XK,429.14,470.88,42.99,41.77,12,7,4,0,False
2025-04-07 13:00:00,Kosovo,Kosovo,XK,423.87,464.99,43.71,42.79,13,7,4,0,False
2025-04-07 14:00:00,Kosovo,Kosovo,XK,419.23,459.62,44.32,43.46,14,7,4,0,False
2025-04-07 15:00:00,Kosovo,Kosovo,XK,384.23,421.79,48.86,48.19,15,7,4,0,False
2025-04-07 16:00:00,Kosovo,Kosovo,XK,327.03,361.5,55.89,55.48,16,7,4,0,False
2025-04-07 17:00:00,Kosovo,Kosovo,XK,326.99,360.56,56.13,55.67,17,7,4,0,False
2025-04-07 18:00:00,Kosovo,Kosovo,XK,327.01,360.26,56.28,55.75,18,7,4,0,False
2025-04-07 19:00:00,Kosovo,Kosovo,XK,328.48,362.43,55.94,55.07,19,7,4,0,False
2025-04-07 20:00:00,Kosovo,Kosovo,XK,353.12,388.69,52.69,51.71,20,7,4,0,False
2025-04-07 21:00:00,Kosovo,Kosovo,XK,392.39,430.68,47.51,46.15,21,7,4,0,False
2025-04-07 22:00:00,Kosovo,Kosovo,XK,420.89,461.25,43.8,42.45,22,7,4,0,False
2025-04-07 23:00:00,Kosovo,Kosovo,XK,456.85,499.87,39.01,37.73,23,7,4,0,False
2025-04-08 00:00:00,Kosovo,Kosovo,XK,477.94,521.8,36.39,35.51,0,8,4,1,False
2025-04-08 01:00:00,Kosovo,Kosovo,XK,490.88,535.23,34.79,34.12,1,8,4,1,False
2025-04-08 02:00:00,Kosovo,Kosovo,XK,470.24,512.96,37.62,37.01,2,8,4,1,False
2025-04-08 03:00:00,Kosovo,Kosovo,XK,395.53,434.03,47.25,46.8,3,8,4,1,False
2025-04-08 04:00:00,Kosovo,Kosovo,XK,337.31,371.85,54.78,54.61,4,8,4,1,False
2025-04-08 05:00:00,Kosovo,Kosovo,XK,329.71,363.26,55.95,55.89,5,8,4,1,False
2025-04-08 06:00:00,Kosovo,Kosovo,XK,372.33,408.67,50.86,50.07,6,8,4,1,False
2025-04-08 07:00:00,Kosovo,Kosovo,XK,427.09,467.44,44.09,40.77,7,8,4,1,False
2025-04-08 08:00:00,Kosovo,Kosovo,XK,435.37,477.15,43.25,38.07,8,8,4,1,False
2025-04-08 09:00:00,Kosovo,Kosovo,XK,438.84,481.1,42.52,37.99,9,8,4,1,False
2025-04-08 10:00:00,Kosovo,Kosovo,XK,434.81,476.43,42.69,40.02,10,8,4,1,False
2025-04-08 11:00:00,Kosovo,Kosovo,XK,437.71,479.88,41.99,40.27,11,8,4,1,False
2025-04-08 12:00:00,Kosovo,Kosovo,XK,439.24,481.29,41.78,40.4,12,8,4,1,False
2025-04-08 13:00:00,Kosovo,Kosovo,XK,415.97,456.79,44.68,43.47,13,8,4,1,False
2025-04-08 14:00:00,Kosovo,Kosovo,XK,383.47,422.2,48.87,47.74,14,8,4,1,False
2025-04-08 15:00:00,Kosovo,Kosovo,XK,336.13,371.8,54.81,53.94,15,8,4,1,False
2025-04-08 19:00:00,Kosovo,Kosovo,XK,321.91,355.95,56.56,55.68,19,8,4,1,False
2025-04-08 20:00:00,Kosovo,Kosovo,XK,350.07,386.42,52.75,51.51,20,8,4,1,False
2025-04-08 21:00:00,Kosovo,Kosovo,XK,381.72,419.65,48.9,47.79,21,8,4,1,False
2025-04-08 23:00:00,Kosovo,Kosovo,XK,343.33,381.75,53.12,49.15,23,8,4,1,False
2025-04-09 00:00:00,Kosovo,Kosovo,XK,354.75,393.66,51.71,47.97,0,9,4,2,False
2025-04-09 01:00:00,Kosovo,Kosovo,XK,354.85,393.71,51.64,48.43,1,9,4,2,False
2025-04-09 02:00:00,Kosovo,Kosovo,XK,337.95,375.73,53.85,50.8,2,9,4,2,False
2025-04-09 10:00:00,Kosovo,Kosovo,XK,319.81,356.83,57.53,52.28,10,9,4,2,False
2025-04-09 11:00:00,Kosovo,Kosovo,XK,323.31,360.71,56.88,51.99,11,9,4,2,False
2025-04-09 12:00:00,Kosovo,Kosovo,XK,323.35,360.67,56.77,52.2,12,9,4,2,False
2025-04-09 13:00:00,Kosovo,Kosovo,XK,324.32,361.33,56.73,52.06,13,9,4,2,False
2025-04-09 21:00:00,Kosovo,Kosovo,XK,344.4,382.97,52.95,48.84,21,9,4,2,False
2025-04-09 23:00:00,Kosovo,Kosovo,XK,338.02,376.44,53.74,49.81,23,9,4,2,False
2025-04-10 00:00:00,Kosovo,Kosovo,XK,355.21,394.76,51.43,47.7,0,10,4,3,False
2025-04-10 01:00:00,Kosovo,Kosovo,XK,360.08,400.01,50.76,46.97,1,10,4,3,False
2025-04-10 02:00:00,Kosovo,Kosovo,XK,356.51,396.21,51.25,47.51,2,10,4,3,False
2025-04-10 22:00:00,Kosovo,Kosovo,XK,448.29,490.47,40.14,37.81,22,10,4,3,False
2025-04-10 23:00:00,Kosovo,Kosovo,XK,530.41,577.75,29.38,26.85,23,10,4,3,False
2025-04-11 00:00:00,Kosovo,Kosovo,XK,579.68,629.8,23.04,21.02,0,11,4,4,False
2025-04-11 01:00:00,Kosovo,Kosovo,XK,578.89,629.61,23.12,21.36,1,11,4,4,False
2025-04-11 02:00:00,Kosovo,Kosovo,XK,568.09,617.63,24.48,22.79,2,11,4,4,False
2025-04-11 03:00:00,Kosovo,Kosovo,XK,498.63,544.55,33.31,31.6,3,11,4,4,False
2025-04-11 04:00:00,Kosovo,Kosovo,XK,431.59,471.78,42.59,41.85,4,11,4,4,False
2025-04-11 05:00:00,Kosovo,Kosovo,XK,445.57,486.17,41.05,40.35,5,11,4,4,False
2025-04-11 06:00:00,Kosovo,Kosovo,XK,394.45,435.03,47.38,45.03,6,11,4,4,False
2025-04-11 07:00:00,Kosovo,Kosovo,XK,391.07,432.65,47.69,44.64,7,11,4,4,False
2025-04-11 08:00:00,Kosovo,Kosovo,XK,429.74,473.52,42.54,39.41,8,11,4,4,False
2025-04-11 09:00:00,Kosovo,Kosovo,XK,480.2,525.64,36.37,33.29,9,11,4,4,False
2025-04-11 10:00:00,Kosovo,Kosovo,XK,502.38,549.88,33.19,29.74,10,11,4,4,False
2025-04-11 11:00:00,Kosovo,Kosovo,XK,502.61,550.44,33.05,30.04,11,11,4,4,False
2025-04-11 12:00:00,Kosovo,Kosovo,XK,524.52,573.48,30.18,27.47,12,11,4,4,False
2025-04-11 13:00:00,Kosovo,Kosovo,XK,525.44,573.82,30.25,27.92,13,11,4,4,False
2025-04-11 14:00:00,Kosovo,Kosovo,XK,493.26,538.72,34.73,32.76,14,11,4,4,False
2025-04-11 15:00:00,Kosovo,Kosovo,XK,425.04,466.32,43.35,42.11,15,11,4,4,False
2025-04-11 16:00:00,Kosovo,Kosovo,XK,322.58,357.66,56.25,55.52,16,11,4,4,False
2025-04-11 20:00:00,Kosovo,Kosovo,XK,344.48,380.22,53.55,52.47,20,11,4,4,False
2025-04-11 21:00:00,Kosovo,Kosovo,XK,366.56,403.77,50.89,49.22,21,11,4,4,False
2025-04-11 22:00:00,Kosovo,Kosovo,XK,442.05,485.02,40.46,38.86,22,11,4,4,False
2025-04-11 23:00:00,Kosovo,Kosovo,XK,497.71,543.97,33.47,31.48,23,11,4,4,False
2025-04-12 00:00:00,Kosovo,Kosovo,XK,555.22,605.41,25.87,23.89,0,12,4,5,False
2025-04-12 01:00:00,Kosovo,Kosovo,XK,599.65,652.02,20.15,19.14,1,12,4,5,False
2025-04-12 02:00:00,Kosovo,Kosovo,XK,614.38,667.94,18.15,16.98,2,12,4,5,False
2025-04-12 03:00:00,Kosovo,Kosovo,XK,555.51,605.64,25.84,24.44,3,12,4,5,False
2025-04-12 04:00:00,Kosovo,Kosovo,XK,515.58,563.23,31.18,29.19,4,12,4,5,False
2025-04-12 05:00:00,Kosovo,Kosovo,XK,497.98,543.85,33.68,32.15,5,12,4,5,False
2025-04-12 06:00:00,Kosovo,Kosovo,XK,493.35,538.98,34.43,32.06,6,12,4,5,False
2025-04-12 07:00:00,Kosovo,Kosovo,XK,464.31,509.47,38.14,33.88,7,12,4,5,False
2025-04-12 08:00:00,Kosovo,Kosovo,XK,465.37,510.22,38.19,33.72,8,12,4,5,False
2025-04-12 09:00:00,Kosovo,Kosovo,XK,473.83,520.14,36.75,33.21,9,12,4,5,False
2025-04-12 10:00:00,Kosovo,Kosovo,XK,476.47,523.47,36.3,32.49,10,12,4,5,False
2025-04-12 11:00:00,Kosovo,Kosovo,XK,483.54,531.12,35.32,31.39,11,12,4,5,False
2025-04-12 12:00:00,Kosovo,Kosovo,XK,502.77,551.15,32.88,29.1,12,12,4,5,False
2025-04-12 13:00:00,Kosovo,Kosovo,XK,515.41,564.59,31.2,27.23,13,12,4,5,False
2025-04-12 14:00:00,Kosovo,Kosovo,XK,505.58,553.55,32.55,29.33,14,12,4,5,False
2025-04-12 15:00:00,Kosovo,Kosovo,XK,447.93,492.46,40.08,36.66,15,12,4,5,False
2025-04-12 16:00:00,Kosovo,Kosovo,XK,339.21,375.33,54.29,52.77,16,12,4,5,False
2025-04-12 20:00:00,Kosovo,Kosovo,XK,348.42,384.58,53.38,51.13,20,12,4,5,False
2025-04-12 21:00:00,Kosovo,Kosovo,XK,385.11,424.25,48.39,45.56,21,12,4,5,False
2025-04-12 22:00:00,Kosovo,Kosovo,XK,411.97,453.79,44.74,40.63,22,12,4,5,False
2025-04-12 23:00:00,Kosovo,Kosovo,XK,461.4,507.22,38.23,32.42,23,12,4,5,False
2025-04-13 00:00:00,Kosovo,Kosovo,XK,506.69,555.55,32.25,26.43,0,13,4,6,False
2025-04-13 01:00:00,Kosovo,Kosovo,XK,536.13,587.1,28.31,22.32,1,13,4,6,False
2025-04-13 02:00:00,Kosovo,Kosovo,XK,539.91,591.35,27.79,21.58,2,13,4,6,False
2025-04-13 03:00:00,Kosovo,Kosovo,XK,526.79,577.4,29.52,23.23,3,13,4,6,False
2025-04-13 04:00:00,Kosovo,Kosovo,XK,521.14,570.3,30.41,26.23,4,13,4,6,False
2025-04-13 05:00:00,Kosovo,Kosovo,XK,549.77,599.43,26.94,24.32,5,13,4,6,False
2025-04-13 06:00:00,Kosovo,Kosovo,XK,519.03,566.32,31.41,26.77,6,13,4,6,False
2025-04-13 07:00:00,Kosovo,Kosovo,XK,514.83,562.73,32.12,25.02,7,13,4,6,False
2025-04-13 08:00:00,Kosovo,Kosovo,XK,507.3,555.04,33.22,24.71,8,13,4,6,False
2025-04-13 09:00:00,Kosovo,Kosovo,XK,510.53,558.73,32.67,24.45,9,13,4,6,False
2025-04-13 10:00:00,Kosovo,Kosovo,XK,518.86,567.4,31.55,23.72,10,13,4,6,False
2025-04-13 11:00:00,Kosovo,Kosovo,XK,531.58,580.96,29.79,21.97,11,13,4,6,False
2025-04-13 12:00:00,Kosovo,Kosovo,XK,539.61,589.9,28.53,20.64,12,13,4,6,False
2025-04-13 13:00:00,Kosovo,Kosovo,XK,566.03,617.77,25.06,17.7,13,13,4,6,False
2025-04-13 14:00:00,Kosovo,Kosovo,XK,563.35,614.69,25.21,20.04,14,13,4,6,False
2025-04-13 15:00:00,Kosovo,Kosovo,XK,489.61,535.35,34.81,32.67,15,13,4,6,False
2025-04-13 16:00:00,Kosovo,Kosovo,XK,416.64,457.96,44.26,42.07,16,13,4,6,False
2025-04-13 17:00:00,Kosovo,Kosovo,XK,365.92,402.01,51.24,49.81,17,13,4,6,False
2025-04-13 18:00:00,Kosovo,Kosovo,XK,358.68,393.98,52.17,50.83,18,13,4,6,False
2025-04-13 19:00:00,Kosovo,Kosovo,XK,386.93,424.15,48.32,47.08,19,13,4,6,False
2025-04-13 20:00:00,Kosovo,Kosovo,XK,390.34,429.23,47.67,45.37,20,13,4,6,False
2025-04-13 21:00:00,Kosovo,Kosovo,XK,338.85,376.43,53.94,50.9,21,13,4,6,False
2025-04-13 22:00:00,Kosovo,Kosovo,XK,479.14,525.13,35.57,33.34,22,13,4,6,False
2025-04-13 23:00:00,Kosovo,Kosovo,XK,542.62,592.85,27.12,25.16,23,13,4,6,False
2025-04-14 00:00:00,Kosovo,Kosovo,XK,575.0,626.89,22.99,21.49,0,14,4,0,False
2025-04-14 01:00:00,Kosovo,Kosovo,XK,602.09,655.31,19.55,18.48,1,14,4,0,False
2025-04-14 02:00:00,Kosovo,Kosovo,XK,591.74,644.68,20.86,19.22,2,14,4,0,False
2025-04-14 03:00:00,Kosovo,Kosovo,XK,564.94,616.16,24.43,22.61,3,14,4,0,False
2025-04-14 04:00:00,Kosovo,Kosovo,XK,438.97,480.77,41.28,40.96,4,14,4,0,False
2025-04-14 05:00:00,Kosovo,Kosovo,XK,397.13,435.79,46.85,46.73,5,14,4,0,False
2025-04-14 06:00:00,Kosovo,Kosovo,XK,368.23,403.47,51.38,51.27,6,14,4,0,False
2025-04-14 07:00:00,Kosovo,Kosovo,XK,472.91,516.53,37.1,35.1,7,14,4,0,False
2025-04-14 08:00:00,Kosovo,Kosovo,XK,490.17,536.03,34.89,31.36,8,14,4,0,False
2025-04-14 09:00:00,Kosovo,Kosovo,XK,486.42,532.09,35.73,30.39,9,14,4,0,False
2025-04-14 10:00:00,Kosovo,Kosovo,XK,477.45,523.11,36.65,32.17,10,14,4,0,False
2025-04-14 11:00:00,Kosovo,Kosovo,XK,497.38,543.43,34.15,30.48,11,14,4,0,False
2025-04-14 12:00:00,Kosovo,Kosovo,XK,516.92,564.05,31.49,28.25,12,14,4,0,False
2025-04-14 13:00:00,Kosovo,Kosovo,XK,518.43,565.49,31.22,27.74,13,14,4,0,False
2025-04-14 14:00:00,Kosovo,Kosovo,XK,472.65,515.87,37.3,36.47,14,14,4,0,False
2025-04-14 15:00:00,Kosovo,Kosovo,XK,379.11,416.42,49.46,49.12,15,14,4,0,False
2025-04-14 16:00:00,Kosovo,Kosovo,XK,320.26,354.47,56.76,56.59,16,14,4,0,False
2025-04-14 19:00:00,Kosovo,Kosovo,XK,337.06,371.72,54.57,54.44,19,14,4,0,False
2025-04-14 20:00:00,Kosovo,Kosovo,XK,422.82,463.6,43.41,42.7,20,14,4,0,False
2025-04-14 21:00:00,Kosovo,Kosovo,XK,366.37,404.72,50.41,49.02,21,14,4,0,False
2025-04-14 22:00:00,Kosovo,Kosovo,XK,508.96,556.64,31.66,29.77,22,14,4,0,False
2025-04-14 23:00:00,Kosovo,Kosovo,XK,562.24,613.46,24.66,22.34,23,14,4,0,False
2025-04-15 00:00:00,Kosovo,Kosovo,XK,586.12,638.61,21.69,19.3,0,15,4,1,False
2025-04-15 01:00:00,Kosovo,Kosovo,XK,595.35,648.44,20.48,18.21,1,15,4,1,False
2025-04-15 02:00:00,Kosovo,Kosovo,XK,581.99,634.47,22.12,19.96,2,15,4,1,False
2025-04-15 03:00:00,Kosovo,Kosovo,XK,534.36,583.79,28.29,26.9,3,15,4,1,False
2025-04-15 04:00:00,Kosovo,Kosovo,XK,451.2,492.99,39.99,39.75,4,15,4,1,False
2025-04-15 05:00:00,Kosovo,Kosovo,XK,374.63,411.17,50.2,49.87,5,15,4,1,False
2025-04-15 06:00:00,Kosovo,Kosovo,XK,382.81,420.13,49.06,48.74,6,15,4,1,False
2025-04-15 07:00:00,Kosovo,Kosovo,XK,426.36,466.74,43.33,42.9,7,15,4,1,False
2025-04-15 08:00:00,Kosovo,Kosovo,XK,452.82,495.02,40.02,39.18,8,15,4,1,False
2025-04-15 09:00:00,Kosovo,Kosovo,XK,473.12,516.65,37.46,35.82,9,15,4,1,False
2025-04-15 10:00:00,Kosovo,Kosovo,XK,479.82,524.6,36.23,34.45,10,15,4,1,False
2025-04-15 11:00:00,Kosovo,Kosovo,XK,476.55,520.19,36.94,36.18,11,15,4,1,False
2025-04-15 12:00:00,Kosovo,Kosovo,XK,466.69,509.55,38.27,37.91,12,15,4,1,False
2025-04-15 13:00:00,Kosovo,Kosovo,XK,483.49,528.03,35.79,35.23,13,15,4,1,False
2025-04-15 14:00:00,Kosovo,Kosovo,XK,480.5,524.7,36.16,35.75,14,15,4,1,False
2025-04-15 15:00:00,Kosovo,Kosovo,XK,436.91,479.71,41.33,40.25,15,15,4,1,False
2025-04-15 16:00:00,Kosovo,Kosovo,XK,373.56,411.54,49.48,49.07,16,15,4,1,False
2025-04-15 17:00:00,Kosovo,Kosovo,XK,343.08,378.5,53.73,53.22,17,15,4,1,False
2025-04-15 18:00:00,Kosovo,Kosovo,XK,337.98,372.98,54.4,53.9,18,15,4,1,False
2025-04-15 19:00:00,Kosovo,Kosovo,XK,368.37,406.28,50.19,49.5,19,15,4,1,False
2025-04-15 20:00:00,Kosovo,Kosovo,XK,425.65,467.69,42.69,41.1,20,15,4,1,False
2025-04-15 21:00:00,Kosovo,Kosovo,XK,467.86,512.81,37.07,35.15,21,15,4,1,False
2025-04-15 22:00:00,Kosovo,Kosovo,XK,519.49,567.95,30.23,28.18,22,15,4,1,False
2025-04-15 23:00:00,Kosovo,Kosovo,XK,564.21,615.81,24.27,22.1,23,15,4,1,False
2025-04-16 00:00:00,Kosovo,Kosovo,XK,589.75,643.04,20.89,18.75,0,16,4,2,False
2025-04-16 01:00:00,Kosovo,Kosovo,XK,598.09,652.03,19.76,17.72,1,16,4,2,False
2025-04-16 02:00:00,Kosovo,Kosovo,XK,589.31,643.0,20.8,18.8,2,16,4,2,False
2025-04-16 03:00:00,Kosovo,Kosovo,XK,569.24,620.98,23.71,22.4,3,16,4,2,False
2025-04-16 04:00:00,Kosovo,Kosovo,XK,499.43,544.62,33.55,33.2,4,16,4,2,False
2025-04-16 05:00:00,Kosovo,Kosovo,XK,450.05,490.65,40.62,40.55,5,16,4,2,False
2025-04-16 06:00:00,Kosovo,Kosovo,XK,462.83,505.98,38.77,35.1,6,16,4,2,False
2025-04-16 07:00:00,Kosovo,Kosovo,XK,471.86,518.37,37.08,30.8,7,16,4,2,False
2025-04-16 08:00:00,Kosovo,Kosovo,XK,507.1,554.6,33.1,25.36,8,16,4,2,False
2025-04-16 09:00:00,Kosovo,Kosovo,XK,535.31,584.04,29.57,21.47,9,16,4,2,False
2025-04-16 10:00:00,Kosovo,Kosovo,XK,555.77,605.82,26.9,18.74,10,16,4,2,False
2025-04-16 11:00:00,Kosovo,Kosovo,XK,553.64,603.51,27.06,19.87,11,16,4,2,False
2025-04-16 12:00:00,Kosovo,Kosovo,XK,566.95,617.55,25.34,18.03,12,16,4,2,False
2025-04-16 13:00:00,Kosovo,Kosovo,XK,535.49,584.27,29.62,20.93,13,16,4,2,False
2025-04-16 14:00:00,Kosovo,Kosovo,XK,535.42,583.61,29.44,23.46,14,16,4,2,False
2025-04-16 15:00:00,Kosovo,Kosovo,XK,519.43,566.29,30.72,29.98,15,16,4,2,False
2025-04-16 16:00:00,Kosovo,Kosovo,XK,380.1,417.16,49.2,49.09,16,16,4,2,False
2025-04-16 17:00:00,Kosovo,Kosovo,XK,322.41,356.04,56.54,56.34,17,16,4,2,False
2025-04-16 18:00:00,Kosovo,Kosovo,XK,322.18,356.03,56.53,56.36,18,16,4,2,False
2025-04-16 19:00:00,Kosovo,Kosovo,XK,361.77,398.29,51.44,51.28,19,16,4,2,False
2025-04-16 20:00:00,Kosovo,Kosovo,XK,444.46,486.58,40.6,40.18,20,16,4,2,False
2025-04-16 21:00:00,Kosovo,Kosovo,XK,502.21,548.71,32.75,31.93,21,16,4,2,False
2025-04-16 22:00:00,Kosovo,Kosovo,XK,546.6,596.52,26.75,25.38,22,16,4,2,False
2025-04-16 23:00:00,Kosovo,Kosovo,XK,576.35,628.14,22.83,21.72,23,16,4,2,False
2025-04-17 00:00:00,Kosovo,Kosovo,XK,602.59,655.59,19.64,18.4,0,17,4,3,False
2025-04-17 01:00:00,Kosovo,Kosovo,XK,611.52,665.13,18.42,17.44,1,17,4,3,False
2025-04-17 02:00:00,Kosovo,Kosovo,XK,587.93,640.47,21.39,20.45,2,17,4,3,False
2025-04-17 03:00:00,Kosovo,Kosovo,XK,547.33,597.25,26.71,26.05,3,17,4,3,False
2025-04-17 04:00:00,Kosovo,Kosovo,XK,509.07,554.63,32.37,32.21,4,17,4,3,False
2025-04-17 05:00:00,Kosovo,Kosovo,XK,488.26,530.81,35.75,35.75,5,17,4,3,False
2025-04-17 06:00:00,Kosovo,Kosovo,XK,471.14,514.56,37.87,33.71,6,17,4,3,False
2025-04-17 07:00:00,Kosovo,Kosovo,XK,424.0,467.82,43.39,36.55,7,17,4,3,False
2025-04-17 08:00:00,Kosovo,Kosovo,XK,412.78,457.24,44.84,36.17,8,17,4,3,False
2025-04-17 09:00:00,Kosovo,Kosovo,XK,411.53,456.24,44.94,36.56,9,17,4,3,False
2025-04-17 10:00:00,Kosovo,Kosovo,XK,449.47,496.11,39.97,32.09,10,17,4,3,False
2025-04-17 11:00:00,Kosovo,Kosovo,XK,493.48,541.83,34.41,26.26,11,17,4,3,False
2025-04-17 12:00:00,Kosovo,Kosovo,XK,479.12,526.57,36.25,28.78,12,17,4,3,False
2025-04-17 13:00:00,Kosovo,Kosovo,XK,505.91,553.28,33.26,25.54,13,17,4,3,False
2025-04-17 14:00:00,Kosovo,Kosovo,XK,558.33,607.76,26.07,23.18,14,17,4,3,False
2025-04-17 15:00:00,Kosovo,Kosovo,XK,504.83,550.32,32.87,32.49,15,17,4,3,False
2025-04-17 16:00:00,Kosovo,Kosovo,XK,379.63,416.54,49.53,49.43,16,17,4,3,False
2025-04-17 17:00:00,Kosovo,Kosovo,XK,342.7,376.63,54.4,54.29,17,17,4,3,False
2025-04-17 18:00:00,Kosovo,Kosovo,XK,354.17,388.57,52.98,52.83,18,17,4,3,False
2025-04-17 19:00:00,Kosovo,Kosovo,XK,407.8,446.05,45.76,45.49,19,17,4,3,False
2025-04-17 20:00:00,Kosovo,Kosovo,XK,501.18,547.04,33.12,32.28,20,17,4,3,False
2025-04-17 21:00:00,Kosovo,Kosovo,XK,543.63,592.46,27.47,26.41,21,17,4,3,False
2025-04-17 22:00:00,Kosovo,Kosovo,XK,565.73,615.58,25.1,23.13,22,17,4,3,False
2025-04-17 23:00:00,Kosovo,Kosovo,XK,607.18,659.4,19.73,17.78,23,17,4,3,False
2025-04-18 00:00:00,Kosovo,Kosovo,XK,633.47,687.16,16.34,14.48,0,18,4,4,False
2025-04-18 01:00:00,Kosovo,Kosovo,XK,643.63,697.93,15.0,13.63,1,18,4,4,False
2025-04-18 02:00:00,Kosovo,Kosovo,XK,624.06,677.3,17.51,16.23,2,18,4,4,False
2025-04-18 03:00:00,Kosovo,Kosovo,XK,612.22,664.86,19.05,17.2,3,18,4,4,False
2025-04-18 04:00:00,Kosovo,Kosovo,XK,614.81,666.32,18.84,17.67,4,18,4,4,False
2025-04-18 05:00:00,Kosovo,Kosovo,XK,553.7,602.36,26.61,22.59,5,18,4,4,False
2025-04-18 06:00:00,Kosovo,Kosovo,XK,444.4,490.05,39.98,36.31,6,18,4,4,False
2025-04-18 07:00:00,Kosovo,Kosovo,XK,415.65,460.24,43.75,39.16,7,18,4,4,False
2025-04-18 08:00:00,Kosovo,Kosovo,XK,417.75,463.08,43.52,37.22,8,18,4,4,False
2025-04-18 09:00:00,Kosovo,Kosovo,XK,403.22,448.41,45.36,39.47,9,18,4,4,False
2025-04-18 10:00:00,Kosovo,Kosovo,XK,405.9,451.24,44.94,40.18,10,18,4,4,False
2025-04-18 11:00:00,Kosovo,Kosovo,XK,404.92,450.38,45.02,40.3,11,18,4,4,False
2025-04-18 12:00:00,Kosovo,Kosovo,XK,428.1,474.53,42.03,37.57,12,18,4,4,False
2025-04-18 13:00:00,Kosovo,Kosovo,XK,423.5,469.57,42.39,39.69,13,18,4,4,False
2025-04-18 14:00:00,Kosovo,Kosovo,XK,467.38,514.08,37.2,33.39,14,18,4,4,False
2025-04-18 15:00:00,Kosovo,Kosovo,XK,547.5,595.4,27.66,26.03,15,18,4,4,False
2025-04-18 16:00:00,Kosovo,Kosovo,XK,462.22,503.48,39.09,39.0,16,18,4,4,False
2025-04-18 17:00:00,Kosovo,Kosovo,XK,388.47,424.38,48.86,48.83,17,18,4,4,False
2025-04-18 18:00:00,Kosovo,Kosovo,XK,396.33,432.71,47.81,47.79,18,18,4,4,False
2025-04-18 19:00:00,Kosovo,Kosovo,XK,426.57,464.81,43.76,43.68,19,18,4,4,False
2025-04-18 20:00:00,Kosovo,Kosovo,XK,458.02,498.91,39.48,38.95,20,18,4,4,False
2025-04-18 21:00:00,Kosovo,Kosovo,XK,486.06,529.15,35.72,34.94,21,18,4,4,False
2025-04-18 22:00:00,Kosovo,Kosovo,XK,531.68,577.92,29.73,28.61,22,18,4,4,False
2025-04-18 23:00:00,Kosovo,Kosovo,XK,605.35,656.26,20.15,19.52,23,18,4,4,False
2025-04-19 00:00:00,Kosovo,Kosovo,XK,640.0,693.37,15.58,14.82,0,19,4,5,False
2025-04-19 01:00:00,Kosovo,Kosovo,XK,648.95,703.11,14.36,13.78,1,19,4,5,False
2025-04-19 02:00:00,Kosovo,Kosovo,XK,645.73,699.76,14.77,14.07,2,19,4,5,False
2025-04-19 03:00:00,Kosovo,Kosovo,XK,636.57,689.92,15.99,15.29,3,19,4,5,False
2025-04-19 04:00:00,Kosovo,Kosovo,XK,628.68,680.89,17.16,16.87,4,19,4,5,False
2025-04-19 05:00:00,Kosovo,Kosovo,XK,524.48,572.68,29.48,29.46,5,19,4,5,False
2025-04-19 06:00:00,Kosovo,Kosovo,XK,420.47,465.14,42.67,42.65,6,19,4,5,False
2025-04-19 07:00:00,Kosovo,Kosovo,XK,397.49,440.9,45.85,45.7,7,19,4,5,False
2025-04-19 08:00:00,Kosovo,Kosovo,XK,480.45,527.92,35.36,34.94,8,19,4,5,False
2025-04-19 09:00:00,Kosovo,Kosovo,XK,505.86,552.82,32.72,32.24,9,19,4,5,False
2025-04-19 10:00:00,Kosovo,Kosovo,XK,544.85,593.92,27.79,26.53,10,19,4,5,False
2025-04-19 11:00:00,Kosovo,Kosovo,XK,536.3,585.67,28.69,27.05,11,19,4,5,False
2025-04-19 12:00:00,Kosovo,Kosovo,XK,545.24,594.34,27.84,25.93,12,19,4,5,False
2025-04-19 13:00:00,Kosovo,Kosovo,XK,533.0,581.55,29.43,26.94,13,19,4,5,False
2025-04-19 14:00:00,Kosovo,Kosovo,XK,503.66,551.41,32.97,29.41,14,19,4,5,False
2025-04-19 15:00:00,Kosovo,Kosovo,XK,487.71,534.02,34.99,32.06,15,19,4,5,False
2025-04-19 16:00:00,Kosovo,Kosovo,XK,441.73,483.41,41.24,39.28,16,19,4,5,False
2025-04-19 17:00:00,Kosovo,Kosovo,XK,386.41,422.99,48.73,47.74,17,19,4,5,False
2025-04-19 18:00:00,Kosovo,Kosovo,XK,363.86,399.0,51.69,50.57,18,19,4,5,False
2025-04-19 19:00:00,Kosovo,Kosovo,XK,385.51,422.46,48.8,47.49,19,19,4,5,False
2025-04-19 20:00:00,Kosovo,Kosovo,XK,417.22,456.48,44.53,42.82,20,19,4,5,False
2025-04-19 21:00:00,Kosovo,Kosovo,XK,438.29,479.73,41.63,38.82,21,19,4,5,False
2025-04-19 22:00:00,Kosovo,Kosovo,XK,495.71,541.39,34.0,30.54,22,19,4,5,False
2025-04-19 23:00:00,Kosovo,Kosovo,XK,544.73,593.8,27.49,24.12,23,19,4,5,False
2025-04-20 00:00:00,Kosovo,Kosovo,XK,567.28,618.22,24.54,21.5,0,20,4,6,False
2025-04-20 01:00:00,Kosovo,Kosovo,XK,593.36,645.8,21.22,19.06,1,20,4,6,False
2025-04-20 02:00:00,Kosovo,Kosovo,XK,595.74,648.37,20.89,18.74,2,20,4,6,False
2025-04-20 03:00:00,Kosovo,Kosovo,XK,606.03,658.88,19.69,17.46,3,20,4,6,False
2025-04-20 04:00:00,Kosovo,Kosovo,XK,608.38,660.64,19.6,17.94,4,20,4,6,False
2025-04-20 05:00:00,Kosovo,Kosovo,XK,564.28,613.57,25.65,21.13,5,20,4,6,False
2025-04-20 06:00:00,Kosovo,Kosovo,XK,475.18,521.34,36.83,28.71,6,20,4,6,False
2025-04-20 07:00:00,Kosovo,Kosovo,XK,515.27,562.96,32.17,22.64,7,20,4,6,False
2025-04-20 08:00:00,Kosovo,Kosovo,XK,511.97,560.54,32.2,23.54,8,20,4,6,False
2025-04-20 09:00:00,Kosovo,Kosovo,XK,544.23,594.5,28.03,19.72,9,20,4,6,False
2025-04-20 10:00:00,Kosovo,Kosovo,XK,564.18,615.23,25.49,17.66,10,20,4,6,False
2025-04-20 11:00:00,Kosovo,Kosovo,XK,576.16,627.66,23.86,17.28,11,20,4,6,False
2025-04-20 12:00:00,Kosovo,Kosovo,XK,610.25,663.34,19.62,12.36,12,20,4,6,False
2025-04-20 13:00:00,Kosovo,Kosovo,XK,597.03,649.65,21.28,13.78,13,20,4,6,False
2025-04-20 14:00:00,Kosovo,Kosovo,XK,594.35,647.22,21.37,16.44,14,20,4,6,False
2025-04-20 15:00:00,Kosovo,Kosovo,XK,583.65,635.0,22.84,19.38,15,20,4,6,False
2025-04-20 16:00:00,Kosovo,Kosovo,XK,537.73,586.07,28.7,26.51,16,20,4,6,False
2025-04-20 17:00:00,Kosovo,Kosovo,XK,470.83,514.03,37.59,36.31,17,20,4,6,False
2025-04-20 18:00:00,Kosovo,Kosovo,XK,437.11,477.61,42.18,41.12,18,20,4,6,False
2025-04-20 19:00:00,Kosovo,Kosovo,XK,454.64,496.54,39.82,38.43,19,20,4,6,False
2025-04-20 20:00:00,Kosovo,Kosovo,XK,461.63,504.17,38.85,37.26,20,20,4,6,False
2025-04-20 21:00:00,Kosovo,Kosovo,XK,486.59,531.43,35.46,32.85,21,20,4,6,False
2025-04-20 22:00:00,Kosovo,Kosovo,XK,526.24,574.78,29.99,25.66,22,20,4,6,False
2025-04-20 23:00:00,Kosovo,Kosovo,XK,570.66,621.72,24.24,20.46,23,20,4,6,False
2025-04-21 00:00:00,Kosovo,Kosovo,XK,598.12,650.71,20.71,17.34,0,21,4,0,False
2025-04-21 01:00:00,Kosovo,Kosovo,XK,600.49,653.14,20.41,17.13,1,21,4,0,False
2025-04-21 02:00:00,Kosovo,Kosovo,XK,595.33,647.81,21.01,17.78,2,21,4,0,False
2025-04-21 03:00:00,Kosovo,Kosovo,XK,602.19,654.74,20.22,17.3,3,21,4,0,False
2025-04-21 04:00:00,Kosovo,Kosovo,XK,619.33,672.26,18.18,16.09,4,21,4,0,False
2025-04-21 05:00:00,Kosovo,Kosovo,XK,520.98,569.05,30.95,23.18,5,21,4,0,False
2025-04-21 06:00:00,Kosovo,Kosovo,XK,455.24,500.8,39.25,32.51,6,21,4,0,False
2025-04-21 07:00:00,Kosovo,Kosovo,XK,473.32,520.66,36.91,28.07,7,21,4,0,False
2025-04-21 08:00:00,Kosovo,Kosovo,XK,494.92,542.68,34.6,23.43,8,21,4,0,False
2025-04-21 09:00:00,Kosovo,Kosovo,XK,510.34,559.14,32.52,21.38,9,21,4,0,False
2025-04-21 10:00:00,Kosovo,Kosovo,XK,545.15,595.74,27.99,18.06,10,21,4,0,False
2025-04-21 11:00:00,Kosovo,Kosovo,XK,547.12,597.85,27.65,18.24,11,21,4,0,False
2025-04-21 12:00:00,Kosovo,Kosovo,XK,562.99,614.53,25.56,16.65,12,21,4,0,False
2025-04-21 13:00:00,Kosovo,Kosovo,XK,555.08,605.93,26.72,17.73,13,21,4,0,False
2025-04-21 14:00:00,Kosovo,Kosovo,XK,576.78,628.97,23.61,17.8,14,21,4,0,False
2025-04-21 15:00:00,Kosovo,Kosovo,XK,535.6,584.45,28.87,25.79,15,21,4,0,False
2025-04-21 16:00:00,Kosovo,Kosovo,XK,503.97,550.04,32.97,31.22,16,21,4,0,False
2025-04-21 17:00:00,Kosovo,Kosovo,XK,419.43,458.06,44.67,44.23,17,21,4,0,False
2025-04-21 18:00:00,Kosovo,Kosovo,XK,410.78,448.57,45.83,45.51,18,21,4,0,False
2025-04-21 19:00:00,Kosovo,Kosovo,XK,412.5,451.2,45.16,44.61,19,21,4,0,False
2025-04-21 20:00:00,Kosovo,Kosovo,XK,488.56,533.37,34.81,32.13,20,21,4,0,False
2025-04-21 21:00:00,Kosovo,Kosovo,XK,510.05,557.02,31.8,28.03,21,21,4,0,False
2025-04-21 22:00:00,Kosovo,Kosovo,XK,540.32,590.31,27.77,23.5,22,21,4,0,False
2025-04-21 23:00:00,Kosovo,Kosovo,XK,574.48,626.65,23.29,19.1,23,21,4,0,False
2025-04-22 00:00:00,Kosovo,Kosovo,XK,620.39,674.93,17.37,14.09,0,22,4,1,False
2025-04-22 01:00:00,Kosovo,Kosovo,XK,648.15,703.93,13.85,11.37,1,22,4,1,False
2025-04-22 02:00:00,Kosovo,Kosovo,XK,640.8,696.33,14.74,12.18,2,22,4,1,False
2025-04-22 03:00:00,Kosovo,Kosovo,XK,640.68,695.76,14.86,12.9,3,22,4,1,False
2025-04-22 04:00:00,Kosovo,Kosovo,XK,691.58,747.46,8.91,8.75,4,22,4,1,False
2025-04-22 05:00:00,Kosovo,Kosovo,XK,628.13,680.32,17.16,16.25,5,22,4,1,False
2025-04-22 06:00:00,Kosovo,Kosovo,XK,510.21,558.98,31.42,28.26,6,22,4,1,False
2025-04-22 07:00:00,Kosovo,Kosovo,XK,526.81,577.35,29.51,24.76,7,22,4,1,False
2025-04-22 08:00:00,Kosovo,Kosovo,XK,510.36,560.02,31.89,25.36,8,22,4,1,False
2025-04-22 09:00:00,Kosovo,Kosovo,XK,513.91,563.53,31.59,24.79,9,22,4,1,False
2025-04-22 10:00:00,Kosovo,Kosovo,XK,531.42,581.79,29.35,22.99,10,22,4,1,False
2025-04-22 11:00:00,Kosovo,Kosovo,XK,552.14,603.21,26.78,20.2,11,22,4,1,False
2025-04-22 12:00:00,Kosovo,Kosovo,XK,572.29,624.16,24.11,18.03,12,22,4,1,False
2025-04-22 13:00:00,Kosovo,Kosovo,XK,567.2,618.35,24.69,20.08,13,22,4,1,False
2025-04-22 14:00:00,Kosovo,Kosovo,XK,595.6,647.57,21.09,18.83,14,22,4,1,False
2025-04-22 15:00:00,Kosovo,Kosovo,XK,511.36,558.28,31.88,29.68,15,22,4,1,False
2025-04-22 16:00:00,Kosovo,Kosovo,XK,451.25,493.03,40.06,39.07,16,22,4,1,False
2025-04-22 17:00:00,Kosovo,Kosovo,XK,407.73,445.51,46.04,45.66,17,22,4,1,False
2025-04-22 18:00:00,Kosovo,Kosovo,XK,411.63,449.26,45.69,45.57,18,22,4,1,False
2025-04-22 19:00:00,Kosovo,Kosovo,XK,431.19,470.52,42.85,42.4,19,22,4,1,False
2025-04-22 20:00:00,Kosovo,Kosovo,XK,462.66,505.28,38.44,37.49,20,22,4,1,False
2025-04-22 21:00:00,Kosovo,Kosovo,XK,516.9,563.68,31.14,29.85,21,22,4,1,False
2025-04-22 22:00:00,Kosovo,Kosovo,XK,560.67,610.84,25.26,23.25,22,22,4,1,False
2025-04-22 23:00:00,Kosovo,Kosovo,XK,652.03,707.61,13.42,11.79,23,22,4,1,False
2025-04-23 00:00:00,Kosovo,Kosovo,XK,676.84,733.61,10.3,8.99,0,23,4,2,False
2025-04-23 01:00:00,Kosovo,Kosovo,XK,690.32,747.63,8.62,7.65,1,23,4,2,False
2025-04-23 02:00:00,Kosovo,Kosovo,XK,679.15,735.91,10.02,8.99,2,23,4,2,False
2025-04-23 03:00:00,Kosovo,Kosovo,XK,635.34,688.99,15.87,14.91,3,23,4,2,False
2025-04-23 04:00:00,Kosovo,Kosovo,XK,555.21,602.23,26.88,26.81,4,23,4,2,False
2025-04-23 05:00:00,Kosovo,Kosovo,XK,532.38,579.61,29.18,28.62,5,23,4,2,False
2025-04-23 06:00:00,Kosovo,Kosovo,XK,477.98,524.29,35.85,33.48,6,23,4,2,False
2025-04-23 07:00:00,Kosovo,Kosovo,XK,464.05,510.43,37.89,33.37,7,23,4,2,False
2025-04-23 08:00:00,Kosovo,Kosovo,XK,470.79,518.15,37.14,30.35,8,23,4,2,False
2025-04-23 09:00:00,Kosovo,Kosovo,XK,475.51,523.4,36.54,29.3,9,23,4,2,False
2025-04-23 10:00:00,Kosovo,Kosovo,XK,467.9,515.73,37.4,30.66,10,23,4,2,False
2025-04-23 11:00:00,Kosovo,Kosovo,XK,470.15,518.41,36.94,30.45,11,23,4,2,False
2025-04-23 12:00:00,Kosovo,Kosovo,XK,517.0,566.71,31.21,24.0,12,23,4,2,False
2025-04-23 13:00:00,Kosovo,Kosovo,XK,552.28,603.39,26.58,20.32,13,23,4,2,False
2025-04-23 14:00:00,Kosovo,Kosovo,XK,583.72,634.4,22.82,20.01,14,23,4,2,False
2025-04-23 15:00:00,Kosovo,Kosovo,XK,469.52,513.51,37.2,37.11,15,23,4,2,False
2025-04-23 16:00:00,Kosovo,Kosovo,XK,411.59,452.48,44.38,44.13,16,23,4,2,False
2025-04-23 17:00:00,Kosovo,Kosovo,XK,392.72,432.04,46.75,46.35,17,23,4,2,False
2025-04-23 18:00:00,Kosovo,Kosovo,XK,399.02,438.72,45.85,45.34,18,23,4,2,False
2025-04-23 19:00:00,Kosovo,Kosovo,XK,422.9,464.42,42.55,42.06,19,23,4,2,False
2025-04-23 20:00:00,Kosovo,Kosovo,XK,465.87,510.24,37.32,35.68,20,23,4,2,False
2025-04-23 21:00:00,Kosovo,Kosovo,XK,523.18,570.91,30.13,28.16,21,23,4,2,False
2025-04-23 22:00:00,Kosovo,Kosovo,XK,582.68,635.02,22.22,19.04,22,23,4,2,False
2025-04-23 23:00:00,Kosovo,Kosovo,XK,602.48,656.26,19.64,16.08,23,23,4,2,False
2025-04-24 00:00:00,Kosovo,Kosovo,XK,623.83,678.81,16.89,13.53,0,24,4,3,False
2025-04-24 01:00:00,Kosovo,Kosovo,XK,633.89,689.26,15.63,12.63,1,24,4,3,False
2025-04-24 02:00:00,Kosovo,Kosovo,XK,626.46,681.68,16.54,13.08,2,24,4,3,False
2025-04-24 03:00:00,Kosovo,Kosovo,XK,599.92,654.07,19.83,15.45,3,24,4,3,False
2025-04-24 04:00:00,Kosovo,Kosovo,XK,595.97,646.57,21.22,20.67,4,24,4,3,False
2025-04-24 05:00:00,Kosovo,Kosovo,XK,592.14,641.77,21.96,21.86,5,24,4,3,False
2025-04-24 06:00:00,Kosovo,Kosovo,XK,439.05,484.43,39.88,37.05,6,24,4,3,False
2025-04-24 07:00:00,Kosovo,Kosovo,XK,412.6,455.82,44.21,40.83,7,24,4,3,False
2025-04-24 08:00:00,Kosovo,Kosovo,XK,423.04,465.48,43.84,38.57,8,24,4,3,False
2025-04-24 09:00:00,Kosovo,Kosovo,XK,454.99,500.33,39.41,33.49,9,24,4,3,False
2025-04-24 10:00:00,Kosovo,Kosovo,XK,474.33,520.27,37.08,31.35,10,24,4,3,False
2025-04-24 11:00:00,Kosovo,Kosovo,XK,451.51,496.41,39.88,34.91,11,24,4,3,False
2025-04-24 12:00:00,Kosovo,Kosovo,XK,469.32,514.25,37.82,32.7,12,24,4,3,False
2025-04-24 13:00:00,Kosovo,Kosovo,XK,597.18,649.11,21.34,15.52,13,24,4,3,False
2025-04-24 14:00:00,Kosovo,Kosovo,XK,623.44,676.78,17.54,15.96,14,24,4,3,False
2025-04-24 15:00:00,Kosovo,Kosovo,XK,486.26,534.6,33.94,33.58,15,24,4,3,False
2025-04-24 16:00:00,Kosovo,Kosovo,XK,413.18,459.01,42.03,41.78,16,24,4,3,False
2025-04-24 17:00:00,Kosovo,Kosovo,XK,388.71,431.55,45.47,45.26,17,24,4,3,False
2025-04-24 18:00:00,Kosovo,Kosovo,XK,380.43,424.2,45.63,45.37,18,24,4,3,False
2025-04-24 19:00:00,Kosovo,Kosovo,XK,415.01,459.07,42.14,41.86,19,24,4,3,False
2025-04-24 20:00:00,Kosovo,Kosovo,XK,467.95,516.11,35.25,34.58,20,24,4,3,False
2025-04-24 21:00:00,Kosovo,Kosovo,XK,572.27,624.67,22.84,22.07,21,24,4,3,False
2025-04-24 22:00:00,Kosovo,Kosovo,XK,644.29,699.32,14.45,12.78,22,24,4,3,False
2025-04-24 23:00:00,Kosovo,Kosovo,XK,675.45,731.97,10.56,9.32,23,24,4,3,False
2025-04-25 00:00:00,Kosovo,Kosovo,XK,704.26,762.1,6.94,6.06,0,25,4,4,False
2025-04-25 01:00:00,Kosovo,Kosovo,XK,724.65,783.35,4.38,3.84,1,25,4,4,False
2025-04-25 02:00:00,Kosovo,Kosovo,XK,707.47,765.58,6.48,5.59,2,25,4,4,False
2025-04-25 03:00:00,Kosovo,Kosovo,XK,689.54,746.81,8.71,7.63,3,25,4,4,False
2025-04-25 04:00:00,Kosovo,Kosovo,XK,681.09,736.23,10.31,10.26,4,25,4,4,False
2025-04-25 05:00:00,Kosovo,Kosovo,XK,684.51,739.65,9.93,9.93,5,25,4,4,False
2025-04-25 06:00:00,Kosovo,Kosovo,XK,649.46,702.97,14.58,12.9,6,25,4,4,False
2025-04-25 07:00:00,Kosovo,Kosovo,XK,624.39,677.13,17.88,14.09,7,25,4,4,False
2025-04-25 08:00:00,Kosovo,Kosovo,XK,629.73,683.24,17.24,12.34,8,25,4,4,False
2025-04-25 09:00:00,Kosovo,Kosovo,XK,637.39,691.34,16.29,11.29,9,25,4,4,False
2025-04-25 10:00:00,Kosovo,Kosovo,XK,636.22,690.14,16.4,11.63,10,25,4,4,False
2025-04-25 11:00:00,Kosovo,Kosovo,XK,653.31,708.09,14.13,9.86,11,25,4,4,False
2025-04-25 12:00:00,Kosovo,Kosovo,XK,674.38,729.96,11.34,8.31,12,25,4,4,False
2025-04-25 13:00:00,Kosovo,Kosovo,XK,725.9,783.98,4.53,3.51,13,25,4,4,False
2025-04-25 14:00:00,Kosovo,Kosovo,XK,724.21,782.39,4.65,4.62,14,25,4,4,False
2025-04-25 15:00:00,Kosovo,Kosovo,XK,591.58,642.41,21.65,21.51,15,25,4,4,False
2025-04-25 16:00:00,Kosovo,Kosovo,XK,515.78,562.04,31.36,31.16,16,25,4,4,False
2025-04-25 17:00:00,Kosovo,Kosovo,XK,475.09,518.46,36.63,36.53,17,25,4,4,False
2025-04-25 18:00:00,Kosovo,Kosovo,XK,450.12,491.77,39.91,39.78,18,25,4,4,False
2025-04-25 19:00:00,Kosovo,Kosovo,XK,550.59,597.75,27.17,27.1,19,25,4,4,False
2025-04-25 20:00:00,Kosovo,Kosovo,XK,632.39,685.39,16.43,15.8,20,25,4,4,False
2025-04-25 21:00:00,Kosovo,Kosovo,XK,638.33,692.09,15.56,14.54,21,25,4,4,False
2025-04-25 22:00:00,Kosovo,Kosovo,XK,629.15,682.93,16.63,14.76,22,25,4,4,False
2025-04-25 23:00:00,Kosovo,Kosovo,XK,665.77,721.35,11.99,10.49,23,25,4,4,False
2025-04-26 00:00:00,Kosovo,Kosovo,XK,699.98,757.36,7.59,6.43,0,26,4,5,False
2025-04-26 01:00:00,Kosovo,Kosovo,XK,699.56,756.91,7.64,6.48,1,26,4,5,False
2025-04-26 02:00:00,Kosovo,Kosovo,XK,702.29,759.79,7.29,6.24,2,26,4,5,False
2025-04-26 03:00:00,Kosovo,Kosovo,XK,693.44,750.51,8.42,7.27,3,26,4,5,False
2025-04-26 04:00:00,Kosovo,Kosovo,XK,697.13,754.17,8.01,7.06,4,26,4,5,False
2025-04-26 05:00:00,Kosovo,Kosovo,XK,669.47,724.85,11.67,10.26,5,26,4,5,False
2025-04-26 06:00:00,Kosovo,Kosovo,XK,626.04,679.04,17.55,13.93,6,26,4,5,False
2025-04-26 07:00:00,Kosovo,Kosovo,XK,611.65,664.06,19.44,15.3,7,26,4,5,False
2025-04-26 08:00:00,Kosovo,Kosovo,XK,633.19,687.31,16.37,13.33,8,26,4,5,False
2025-04-26 09:00:00,Kosovo,Kosovo,XK,620.05,673.9,17.96,14.14,9,26,4,5,False
2025-04-26 10:00:00,Kosovo,Kosovo,XK,615.72,669.51,18.47,14.39,10,26,4,5,False
2025-04-26 11:00:00,Kosovo,Kosovo,XK,622.8,677.3,17.48,13.13,11,26,4,5,False
2025-04-26 12:00:00,Kosovo,Kosovo,XK,626.58,681.39,16.97,12.69,12,26,4,5,False
2025-04-26 13:00:00,Kosovo,Kosovo,XK,622.24,676.97,17.46,13.43,13,26,4,5,False
2025-04-26 14:00:00,Kosovo,Kosovo,XK,615.39,669.58,18.34,14.52,14,26,4,5,False
2025-04-26 15:00:00,Kosovo,Kosovo,XK,592.32,644.94,21.26,17.91,15,26,4,5,False
2025-04-26 16:00:00,Kosovo,Kosovo,XK,594.78,645.78,21.24,20.25,16,26,4,5,False
2025-04-26 17:00:00,Kosovo,Kosovo,XK,583.8,633.54,22.77,22.23,17,26,4,5,False
2025-04-26 18:00:00,Kosovo,Kosovo,XK,597.69,647.77,21.13,20.86,18,26,4,5,False
2025-04-26 19:00:00,Kosovo,Kosovo,XK,608.58,659.75,19.59,19.12,19,26,4,5,False
2025-04-26 20:00:00,Kosovo,Kosovo,XK,656.16,710.98,13.23,11.99,20,26,4,5,False
2025-04-26 21:00:00,Kosovo,Kosovo,XK,652.59,707.6,13.61,11.73,21,26,4,5,False
2025-04-26 22:00:00,Kosovo,Kosovo,XK,629.02,683.2,16.61,13.43,22,26,4,5,False
2025-04-26 23:00:00,Kosovo,Kosovo,XK,666.04,721.99,11.87,9.49,23,26,4,5,False
2025-04-27 00:00:00,Kosovo,Kosovo,XK,684.16,740.91,9.56,7.78,0,27,4,6,False
2025-04-27 01:00:00,Kosovo,Kosovo,XK,686.64,743.43,9.28,7.6,1,27,4,6,False
2025-04-27 02:00:00,Kosovo,Kosovo,XK,693.79,750.89,8.36,7.15,2,27,4,6,False
2025-04-27 03:00:00,Kosovo,Kosovo,XK,695.1,752.19,8.21,7.0,3,27,4,6,False
2025-04-27 04:00:00,Kosovo,Kosovo,XK,711.79,769.6,6.11,5.27,4,27,4,6,False
2025-04-27 05:00:00,Kosovo,Kosovo,XK,719.3,777.41,5.19,4.32,5,27,4,6,False
2025-04-27 06:00:00,Kosovo,Kosovo,XK,710.03,767.68,6.43,4.91,6,27,4,6,False
2025-04-27 07:00:00,Kosovo,Kosovo,XK,654.95,710.63,13.41,10.84,7,27,4,6,False
2025-04-27 08:00:00,Kosovo,Kosovo,XK,601.88,655.33,20.2,16.29,8,27,4,6,False
2025-04-27 09:00:00,Kosovo,Kosovo,XK,594.32,647.02,21.42,17.28,9,27,4,6,False
2025-04-27 10:00:00,Kosovo,Kosovo,XK,600.02,652.98,20.7,16.67,10,27,4,6,False
2025-04-27 11:00:00,Kosovo,Kosovo,XK,612.07,665.71,19.16,15.3,11,27,4,6,False
2025-04-27 12:00:00,Kosovo,Kosovo,XK,615.71,669.63,18.64,14.79,12,27,4,6,False
2025-04-27 13:00:00,Kosovo,Kosovo,XK,616.42,670.5,18.5,14.53,13,27,4,6,False
2025-04-27 14:00:00,Kosovo,Kosovo,XK,605.81,659.39,19.81,15.89,14,27,4,6,False
2025-04-27 15:00:00,Kosovo,Kosovo,XK,653.13,708.32,13.73,11.82,15,27,4,6,False
2025-04-27 16:00:00,Kosovo,Kosovo,XK,673.44,728.24,11.31,11.13,16,27,4,6,False
2025-04-27 17:00:00,Kosovo,Kosovo,XK,599.83,649.91,20.8,20.74,17,27,4,6,False
2025-04-27 18:00:00,Kosovo,Kosovo,XK,574.05,622.91,23.85,23.78,18,27,4,6,False
2025-04-27 19:00:00,Kosovo,Kosovo,XK,529.92,576.49,29.16,29.03,19,27,4,6,False
2025-04-27 20:00:00,Kosovo,Kosovo,XK,465.51,508.95,37.12,37.01,20,27,4,6,False
2025-04-27 21:00:00,Kosovo,Kosovo,XK,479.76,525.31,34.84,34.84,21,27,4,6,False
2025-04-27 22:00:00,Kosovo,Kosovo,XK,573.22,624.46,22.76,22.75,22,27,4,6,False
2025-04-27 23:00:00,Kosovo,Kosovo,XK,622.49,676.73,16.38,16.38,23,27,4,6,False
2025-04-28 00:00:00,Kosovo,Kosovo,XK,639.78,695.13,14.13,14.13,0,28,4,0,False
2025-04-28 01:00:00,Kosovo,Kosovo,XK,715.63,774.26,5.03,5.03,1,28,4,0,False
2025-04-28 02:00:00,Kosovo,Kosovo,XK,638.13,692.76,14.69,14.69,2,28,4,0,False
2025-04-28 03:00:00,Kosovo,Kosovo,XK,590.72,642.82,20.6,20.59,3,28,4,0,False
2025-04-28 04:00:00,Kosovo,Kosovo,XK,549.94,600.25,25.35,25.23,4,28,4,0,False
2025-04-28 05:00:00,Kosovo,Kosovo,XK,526.47,575.47,28.84,28.17,5,28,4,0,False
2025-04-28 06:00:00,Kosovo,Kosovo,XK,450.54,495.43,39.22,37.77,6,28,4,0,False
2025-04-28 07:00:00,Kosovo,Kosovo,XK,448.59,493.44,39.67,36.7,7,28,4,0,False
2025-04-28 08:00:00,Kosovo,Kosovo,XK,479.74,526.65,35.67,31.83,8,28,4,0,False
2025-04-28 09:00:00,Kosovo,Kosovo,XK,581.66,634.02,22.8,17.76,9,28,4,0,False
2025-04-28 10:00:00,Kosovo,Kosovo,XK,593.02,646.06,21.25,16.87,10,28,4,0,False
2025-04-28 11:00:00,Kosovo,Kosovo,XK,592.81,646.11,21.16,17.19,11,28,4,0,False
2025-04-28 12:00:00,Kosovo,Kosovo,XK,575.15,627.74,23.4,18.77,12,28,4,0,False
2025-04-28 13:00:00,Kosovo,Kosovo,XK,587.02,639.59,22.05,16.99,13,28,4,0,False
2025-04-28 14:00:00,Kosovo,Kosovo,XK,516.99,567.16,29.99,27.33,14,28,4,0,False
2025-04-28 15:00:00,Kosovo,Kosovo,XK,547.04,596.91,26.71,24.62,15,28,4,0,False
2025-04-28 16:00:00,Kosovo,Kosovo,XK,531.42,578.45,28.91,28.78,16,28,4,0,False
2025-04-28 17:00:00,Kosovo,Kosovo,XK,400.14,439.09,45.88,45.76,17,28,4,0,False
2025-04-28 18:00:00,Kosovo,Kosovo,XK,386.15,424.88,47.22,47.06,18,28,4,0,False
2025-04-28 19:00:00,Kosovo,Kosovo,XK,435.1,477.35,40.48,40.28,19,28,4,0,False
2025-04-28 20:00:00,Kosovo,Kosovo,XK,499.14,544.24,32.93,32.8,20,28,4,0,False
2025-04-28 21:00:00,Kosovo,Kosovo,XK,545.3,593.39,26.96,26.86,21,28,4,0,False
2025-04-28 22:00:00,Kosovo,Kosovo,XK,624.72,676.11,17.74,17.68,22,28,4,0,False
2025-04-28 23:00:00,Kosovo,Kosovo,XK,721.99,779.75,4.93,4.85,23,28,4,0,False
2025-04-29 00:00:00,Kosovo,Kosovo,XK,753.53,813.11,0.85,0.85,0,29,4,1,False
2025-04-29 01:00:00,Kosovo,Kosovo,XK,734.74,793.11,3.32,3.32,1,29,4,1,False
2025-04-29 02:00:00,Kosovo,Kosovo,XK,732.81,791.06,3.58,3.58,2,29,4,1,False
2025-04-29 03:00:00,Kosovo,Kosovo,XK,648.58,701.43,14.66,14.66,3,29,4,1,False
2025-04-29 04:00:00,Kosovo,Kosovo,XK,602.91,653.55,20.25,20.25,4,29,4,1,False
2025-04-29 05:00:00,Kosovo,Kosovo,XK,491.29,538.15,33.69,32.96,5,29,4,1,False
2025-04-29 06:00:00,Kosovo,Kosovo,XK,448.02,492.61,39.64,38.94,6,29,4,1,False
2025-04-29 07:00:00,Kosovo,Kosovo,XK,455.57,501.19,38.66,36.97,7,29,4,1,False
2025-04-29 08:00:00,Kosovo,Kosovo,XK,557.77,608.94,25.67,21.84,8,29,4,1,False
2025-04-29 09:00:00,Kosovo,Kosovo,XK,572.21,624.4,23.93,18.71,9,29,4,1,False
2025-04-29 10:00:00,Kosovo,Kosovo,XK,581.48,634.55,22.57,18.31,10,29,4,1,False
2025-04-29 11:00:00,Kosovo,Kosovo,XK,588.65,642.05,21.67,17.15,11,29,4,1,False
2025-04-29 12:00:00,Kosovo,Kosovo,XK,589.91,643.62,21.45,17.02,12,29,4,1,False
2025-04-29 13:00:00,Kosovo,Kosovo,XK,596.83,650.22,20.8,15.5,13,29,4,1,False
2025-04-29 14:00:00,Kosovo,Kosovo,XK,538.65,590.4,27.17,23.79,14,29,4,1,False
2025-04-29 15:00:00,Kosovo,Kosovo,XK,587.22,639.85,21.11,20.5,15,29,4,1,False
2025-04-29 16:00:00,Kosovo,Kosovo,XK,528.78,574.48,30.05,30.02,16,29,4,1,False
2025-04-29 17:00:00,Kosovo,Kosovo,XK,383.27,421.1,48.37,48.36,17,29,4,1,False
2025-04-29 18:00:00,Kosovo,Kosovo,XK,367.1,404.04,50.34,50.31,18,29,4,1,False
2025-04-29 19:00:00,Kosovo,Kosovo,XK,397.58,435.2,46.98,46.95,19,29,4,1,False
2025-04-29 20:00:00,Kosovo,Kosovo,XK,489.52,532.5,35.25,35.22,20,29,4,1,False
2025-04-29 21:00:00,Kosovo,Kosovo,XK,543.27,590.04,28.02,28.0,21,29,4,1,False
2025-04-29 22:00:00,Kosovo,Kosovo,XK,524.91,570.36,30.54,30.54,22,29,4,1,False
2025-04-29 23:00:00,Kosovo,Kosovo,XK,529.23,575.36,29.77,29.77,23,29,4,1,False
2025-04-30 00:00:00,Kosovo,Kosovo,XK,543.33,590.47,27.87,27.87,0,30,4,2,False
2025-04-30 01:00:00,Kosovo,Kosovo,XK,691.35,747.54,8.69,8.69,1,30,4,2,False
2025-04-30 02:00:00,Kosovo,Kosovo,XK,693.81,749.56,8.71,8.71,2,30,4,2,False
2025-04-30 03:00:00,Kosovo,Kosovo,XK,597.2,646.74,21.42,21.42,3,30,4,2,False
2025-04-30 04:00:00,Kosovo,Kosovo,XK,538.88,587.57,27.57,27.57,4,30,4,2,False
2025-04-30 05:00:00,Kosovo,Kosovo,XK,460.45,505.3,37.96,37.45,5,30,4,2,False
2025-04-30 06:00:00,Kosovo,Kosovo,XK,471.11,517.08,36.64,35.83,6,30,4,2,False
2025-04-30 07:00:00,Kosovo,Kosovo,XK,489.0,536.54,34.39,32.53,7,30,4,2,False
2025-04-30 08:00:00,Kosovo,Kosovo,XK,553.18,603.77,26.44,23.21,8,30,4,2,False
2025-04-30 09:00:00,Kosovo,Kosovo,XK,594.96,648.44,21.08,16.19,9,30,4,2,False
2025-04-30 10:00:00,Kosovo,Kosovo,XK,614.28,668.8,18.5,14.08,10,30,4,2,False
2025-04-30 11:00:00,Kosovo,Kosovo,XK,611.34,665.89,18.78,14.43,11,30,4,2,False
2025-04-30 12:00:00,Kosovo,Kosovo,XK,631.41,686.68,16.28,12.17,12,30,4,2,False
2025-04-30 13:00:00,Kosovo,Kosovo,XK,661.34,717.38,12.6,9.26,13,30,4,2,False
2025-04-30 14:00:00,Kosovo,Kosovo,XK,569.15,622.06,23.33,22.05,14,30,4,2,False
2025-04-30 15:00:00,Kosovo,Kosovo,XK,650.81,705.79,13.63,12.89,15,30,4,2,False
2025-04-30 16:00:00,Kosovo,Kosovo,XK,554.0,601.46,26.8,26.79,16,30,4,2,False
2025-04-30 17:00:00,Kosovo,Kosovo,XK,376.17,413.79,49.12,49.11,17,30,4,2,False
2025-04-30 18:00:00,Kosovo,Kosovo,XK,357.77,394.75,51.27,51.23,18,30,4,2,False
2025-04-30 19:00:00,Kosovo,Kosovo,XK,398.28,436.41,46.56,46.51,19,30,4,2,False
2025-04-30 20:00:00,Kosovo,Kosovo,XK,476.6,521.74,35.1,35.02,20,30,4,2,False
2025-04-30 21:00:00,Kosovo,Kosovo,XK,526.99,574.44,29.17,29.15,21,30,4,2,False
2025-04-30 22:00:00,Kosovo,Kosovo,XK,591.65,641.94,21.49,21.49,22,30,4,2,False
2025-04-30 23:00:00,Kosovo,Kosovo,XK,619.67,672.23,17.56,17.56,23,30,4,2,False
2025-05-01 00:00:00,Kosovo,Kosovo,XK,616.3,668.2,18.25,18.25,0,1,5,3,False
2025-05-01 01:00:00,Kosovo,Kosovo,XK,620.66,673.0,17.59,17.59,1,1,5,3,False
2025-05-01 02:00:00,Kosovo,Kosovo,XK,607.47,658.93,19.42,19.42,2,1,5,3,False
2025-05-01 03:00:00,Kosovo,Kosovo,XK,616.87,669.54,17.85,17.85,3,1,5,3,False
2025-05-01 04:00:00,Kosovo,Kosovo,XK,615.57,669.92,17.21,17.21,4,1,5,3,False
2025-05-01 05:00:00,Kosovo,Kosovo,XK,540.78,591.29,27.11,26.12,5,1,5,3,False
2025-05-01 06:00:00,Kosovo,Kosovo,XK,493.87,542.47,33.23,31.26,6,1,5,3,False
2025-05-01 07:00:00,Kosovo,Kosovo,XK,610.12,662.2,19.95,14.13,7,1,5,3,False
2025-05-01 08:00:00,Kosovo,Kosovo,XK,574.85,626.05,24.26,18.89,8,1,5,3,False
2025-05-01 09:00:00,Kosovo,Kosovo,XK,557.78,608.68,26.43,20.1,9,1,5,3,False
2025-05-01 10:00:00,Kosovo,Kosovo,XK,552.77,603.87,26.98,20.57,10,1,5,3,False
2025-05-01 11:00:00,Kosovo,Kosovo,XK,554.78,606.05,26.65,20.46,11,1,5,3,False
2025-05-01 12:00:00,Kosovo,Kosovo,XK,557.19,608.62,26.35,20.36,12,1,5,3,False
2025-05-01 13:00:00,Kosovo,Kosovo,XK,539.13,589.68,28.68,22.33,13,1,5,3,False
2025-05-01 14:00:00,Kosovo,Kosovo,XK,651.75,706.87,14.04,11.29,14,1,5,3,False
2025-05-01 15:00:00,Kosovo,Kosovo,XK,619.65,672.72,17.42,17.39,15,1,5,3,False
2025-05-01 16:00:00,Kosovo,Kosovo,XK,538.2,585.68,28.1,28.03,16,1,5,3,False
2025-05-01 17:00:00,Kosovo,Kosovo,XK,455.69,497.75,39.01,38.95,17,1,5,3,False
2025-05-01 18:00:00,Kosovo,Kosovo,XK,438.25,479.45,41.14,41.06,18,1,5,3,False
2025-05-01 19:00:00,Kosovo,Kosovo,XK,450.18,493.39,38.57,38.44,19,1,5,3,False
2025-05-01 20:00:00,Kosovo,Kosovo,XK,489.91,536.57,32.9,32.78,20,1,5,3,False
2025-05-01 21:00:00,Kosovo,Kosovo,XK,549.61,599.79,25.44,24.85,21,1,5,3,False
2025-05-01 22:00:00,Kosovo,Kosovo,XK,655.7,710.9,13.03,10.55,22,1,5,3,False
2025-05-01 23:00:00,Kosovo,Kosovo,XK,625.43,679.6,16.61,12.89,23,1,5,3,False
2025-05-02 00:00:00,Kosovo,Kosovo,XK,612.56,665.7,18.56,13.56,0,2,5,4,False
2025-05-02 01:00:00,Kosovo,Kosovo,XK,600.31,653.1,19.96,14.4,1,2,5,4,False
2025-05-02 02:00:00,Kosovo,Kosovo,XK,605.32,658.42,19.3,14.33,2,2,5,4,False
2025-05-02 03:00:00,Kosovo,Kosovo,XK,594.43,646.49,20.94,16.39,3,2,5,4,False
2025-05-02 04:00:00,Kosovo,Kosovo,XK,559.93,610.84,25.02,20.2,4,2,5,4,False
2025-05-02 05:00:00,Kosovo,Kosovo,XK,492.46,540.02,33.81,28.65,5,2,5,4,False
2025-05-02 06:00:00,Kosovo,Kosovo,XK,444.95,490.35,40.01,35.24,6,2,5,4,False
2025-05-02 07:00:00,Kosovo,Kosovo,XK,468.83,515.36,37.53,31.17,7,2,5,4,False
2025-05-02 08:00:00,Kosovo,Kosovo,XK,535.02,583.41,30.03,20.57,8,2,5,4,False
2025-05-02 09:00:00,Kosovo,Kosovo,XK,554.6,605.29,27.0,19.67,9,2,5,4,False
2025-05-02 10:00:00,Kosovo,Kosovo,XK,565.86,617.67,25.34,18.46,10,2,5,4,False
2025-05-02 11:00:00,Kosovo,Kosovo,XK,551.58,602.99,27.17,19.87,11,2,5,4,False
2025-05-02 12:00:00,Kosovo,Kosovo,XK,546.84,598.1,27.77,20.66,12,2,5,4,False
2025-05-02 13:00:00,Kosovo,Kosovo,XK,611.78,665.55,19.31,14.45,13,2,5,4,False
2025-05-02 14:00:00,Kosovo,Kosovo,XK,642.85,696.91,15.31,13.21,14,2,5,4,False
2025-05-02 15:00:00,Kosovo,Kosovo,XK,646.69,701.45,14.75,11.55,15,2,5,4,False
2025-05-02 16:00:00,Kosovo,Kosovo,XK,637.82,690.67,15.76,15.35,16,2,5,4,False
2025-05-02 17:00:00,Kosovo,Kosovo,XK,534.53,582.45,28.07,27.96,17,2,5,4,False
2025-05-02 18:00:00,Kosovo,Kosovo,XK,474.42,521.47,34.01,33.82,18,2,5,4,False
2025-05-02 19:00:00,Kosovo,Kosovo,XK,511.23,559.79,29.68,29.11,19,2,5,4,False
2025-05-02 20:00:00,Kosovo,Kosovo,XK,558.61,610.29,23.76,22.02,20,2,5,4,False
2025-05-02 21:00:00,Kosovo,Kosovo,XK,583.35,635.53,21.51,18.8,21,2,5,4,False
2025-05-02 22:00:00,Kosovo,Kosovo,XK,651.51,705.77,14.01,12.36,22,2,5,4,False
2025-05-02 23:00:00,Kosovo,Kosovo,XK,676.64,732.61,10.81,8.59,23,2,5,4,False
2025-05-03 00:00:00,Kosovo,Kosovo,XK,691.05,747.74,8.93,7.08,0,3,5,5,False
2025-05-03 01:00:00,Kosovo,Kosovo,XK,686.71,743.18,9.49,7.57,1,3,5,5,False
2025-05-03 02:00:00,Kosovo,Kosovo,XK,676.58,732.56,10.81,8.55,2,3,5,5,False
2025-05-03 03:00:00,Kosovo,Kosovo,XK,671.12,726.77,11.54,9.2,3,3,5,5,False
2025-05-03 04:00:00,Kosovo,Kosovo,XK,608.04,660.81,19.34,14.19,4,3,5,5,False
2025-05-03 05:00:00,Kosovo,Kosovo,XK,511.4,560.57,31.4,24.97,5,3,5,5,False
2025-05-03 06:00:00,Kosovo,Kosovo,XK,445.46,491.68,40.2,34.43,6,3,5,5,False
2025-05-03 07:00:00,Kosovo,Kosovo,XK,451.86,499.33,39.06,34.56,7,3,5,5,False
2025-05-03 08:00:00,Kosovo,Kosovo,XK,510.14,558.97,32.46,24.29,8,3,5,5,False
2025-05-03 09:00:00,Kosovo,Kosovo,XK,546.6,595.9,28.45,19.07,9,3,5,5,False
2025-05-03 10:00:00,Kosovo,Kosovo,XK,558.77,608.93,26.74,18.11,10,3,5,5,False
2025-05-03 11:00:00,Kosovo,Kosovo,XK,599.15,651.73,21.09,15.93,11,3,5,5,False
2025-05-03 12:00:00,Kosovo,Kosovo,XK,615.28,668.5,19.01,14.1,12,3,5,5,False
2025-05-03 13:00:00,Kosovo,Kosovo,XK,632.1,685.76,16.98,11.33,13,3,5,5,False
2025-05-03 14:00:00,Kosovo,Kosovo,XK,607.68,660.74,19.88,15.03,14,3,5,5,False
2025-05-03 15:00:00,Kosovo,Kosovo,XK,595.65,647.72,21.46,16.67,15,3,5,5,False
2025-05-03 16:00:00,Kosovo,Kosovo,XK,596.93,648.32,21.25,18.49,16,3,5,5,False
2025-05-03 17:00:00,Kosovo,Kosovo,XK,615.86,666.94,18.93,18.59,17,3,5,5,False
2025-05-03 18:00:00,Kosovo,Kosovo,XK,554.26,603.17,25.88,23.77,18,3,5,5,False
2025-05-03 19:00:00,Kosovo,Kosovo,XK,588.24,638.13,22.35,19.82,19,3,5,5,False
2025-05-03 20:00:00,Kosovo,Kosovo,XK,618.52,671.07,18.46,15.34,20,3,5,5,False
2025-05-03 21:00:00,Kosovo,Kosovo,XK,583.38,634.15,23.04,18.71,21,3,5,5,False
2025-05-03 22:00:00,Kosovo,Kosovo,XK,573.07,623.41,24.38,19.4,22,3,5,5,False
2025-05-03 23:00:00,Kosovo,Kosovo,XK,588.17,639.55,22.37,17.51,23,3,5,5,False
2025-05-04 00:00:00,Kosovo,Kosovo,XK,603.49,656.19,20.35,14.8,0,4,5,6,False
2025-05-04 01:00:00,Kosovo,Kosovo,XK,608.47,661.62,19.68,13.91,1,4,5,6,False
2025-05-04 02:00:00,Kosovo,Kosovo,XK,604.91,657.89,20.14,14.25,2,4,5,6,False
2025-05-04 03:00:00,Kosovo,Kosovo,XK,614.24,667.5,18.95,13.46,3,4,5,6,False
2025-05-04 04:00:00,Kosovo,Kosovo,XK,618.11,671.24,18.5,13.59,4,4,5,6,False
2025-05-04 05:00:00,Kosovo,Kosovo,XK,596.47,647.88,21.61,15.2,5,4,5,6,False
2025-05-04 06:00:00,Kosovo,Kosovo,XK,564.21,613.98,25.96,17.99,6,4,5,6,False
2025-05-04 07:00:00,Kosovo,Kosovo,XK,590.26,642.19,22.27,16.33,7,4,5,6,False
2025-05-04 08:00:00,Kosovo,Kosovo,XK,563.52,614.2,25.79,19.09,8,4,5,6,False
2025-05-04 09:00:00,Kosovo,Kosovo,XK,570.0,621.12,24.9,18.74,9,4,5,6,False
2025-05-04 10:00:00,Kosovo,Kosovo,XK,590.85,643.07,22.15,16.58,10,4,5,6,False
2025-05-04 11:00:00,Kosovo,Kosovo,XK,596.96,649.56,21.34,15.58,11,4,5,6,False
2025-05-04 12:00:00,Kosovo,Kosovo,XK,582.51,634.81,23.12,17.24,12,4,5,6,False
2025-05-04 13:00:00,Kosovo,Kosovo,XK,622.34,676.25,17.95,12.56,13,4,5,6,False
2025-05-04 14:00:00,Kosovo,Kosovo,XK,623.18,676.99,17.82,12.87,14,4,5,6,False
2025-05-04 15:00:00,Kosovo,Kosovo,XK,622.1,675.45,17.98,13.82,15,4,5,6,False
2025-05-04 16:00:00,Kosovo,Kosovo,XK,627.42,680.35,17.28,15.28,16,4,5,6,False
2025-05-04 17:00:00,Kosovo,Kosovo,XK,617.5,669.15,18.44,17.34,17,4,5,6,False
2025-05-04 18:00:00,Kosovo,Kosovo,XK,542.99,591.79,26.78,25.53,18,4,5,6,False
2025-05-04 19:00:00,Kosovo,Kosovo,XK,572.42,622.09,23.71,21.98,19,4,5,6,False
2025-05-04 20:00:00,Kosovo,Kosovo,XK,594.5,645.2,21.44,18.51,20,4,5,6,False
2025-05-04 21:00:00,Kosovo,Kosovo,XK,634.8,687.77,16.43,14.08,21,4,5,6,False
2025-05-04 22:00:00,Kosovo,Kosovo,XK,680.99,737.74,9.73,8.69,22,4,5,6,False
2025-05-04 23:00:00,Kosovo,Kosovo,XK,710.81,769.06,5.97,5.23,23,4,5,6,False
2025-05-05 00:00:00,Kosovo,Kosovo,XK,725.45,784.46,4.11,3.52,0,5,5,0,False
2025-05-05 01:00:00,Kosovo,Kosovo,XK,719.68,777.99,5.02,4.49,1,5,5,0,False
2025-05-05 02:00:00,Kosovo,Kosovo,XK,680.28,736.78,10.15,8.57,2,5,5,0,False
2025-05-05 03:00:00,Kosovo,Kosovo,XK,670.09,725.84,11.55,9.82,3,5,5,0,False
2025-05-05 04:00:00,Kosovo,Kosovo,XK,716.84,774.46,5.6,5.19,4,5,5,0,False
2025-05-05 05:00:00,Kosovo,Kosovo,XK,635.61,690.16,15.29,14.24,5,5,5,0,False
2025-05-05 06:00:00,Kosovo,Kosovo,XK,518.05,570.18,28.5,26.68,6,5,5,0,False
2025-05-05 07:00:00,Kosovo,Kosovo,XK,476.13,528.49,33.03,31.09,7,5,5,0,False
2025-05-05 08:00:00,Kosovo,Kosovo,XK,474.32,523.68,35.61,32.52,8,5,5,0,False
2025-05-05 09:00:00,Kosovo,Kosovo,XK,484.83,533.46,35.25,32.17,9,5,5,0,False
2025-05-05 10:00:00,Kosovo,Kosovo,XK,467.59,515.76,37.0,35.26,10,5,5,0,False
2025-05-05 11:00:00,Kosovo,Kosovo,XK,459.34,507.48,37.64,36.94,11,5,5,0,False
2025-05-05 12:00:00,Kosovo,Kosovo,XK,466.44,515.16,36.48,36.3,12,5,5,0,False
2025-05-05 13:00:00,Kosovo,Kosovo,XK,462.12,510.62,36.7,36.64,13,5,5,0,False
2025-05-05 14:00:00,Kosovo,Kosovo,XK,469.77,517.99,35.47,35.47,14,5,5,0,False
2025-05-05 15:00:00,Kosovo,Kosovo,XK,472.44,519.37,35.16,35.0,15,5,5,0,False
2025-05-05 16:00:00,Kosovo,Kosovo,XK,429.43,469.7,42.83,42.59,16,5,5,0,False
2025-05-05 17:00:00,Kosovo,Kosovo,XK,345.18,382.74,52.48,52.46,17,5,5,0,False
2025-05-05 18:00:00,Kosovo,Kosovo,XK,357.55,395.84,50.66,50.62,18,5,5,0,False
2025-05-05 19:00:00,Kosovo,Kosovo,XK,416.57,455.48,44.44,44.38,19,5,5,0,False
2025-05-05 20:00:00,Kosovo,Kosovo,XK,524.02,569.46,30.81,30.17,20,5,5,0,False
2025-05-05 21:00:00,Kosovo,Kosovo,XK,582.52,632.06,22.97,22.25,21,5,5,0,False
2025-05-05 22:00:00,Kosovo,Kosovo,XK,625.8,678.65,17.3,15.69,22,5,5,0,False
2025-05-05 23:00:00,Kosovo,Kosovo,XK,648.63,703.38,14.2,12.22,23,5,5,0,False
2025-05-06 00:00:00,Kosovo,Kosovo,XK,673.29,729.22,11.06,9.56,0,6,5,1,False
2025-05-06 01:00:00,Kosovo,Kosovo,XK,667.99,723.69,11.75,10.01,1,6,5,1,False
2025-05-06 02:00:00,Kosovo,Kosovo,XK,648.5,703.25,14.26,12.06,2,6,5,1,False
2025-05-06 03:00:00,Kosovo,Kosovo,XK,684.4,740.59,9.73,8.51,3,6,5,1,False
2025-05-06 04:00:00,Kosovo,Kosovo,XK,705.07,761.63,7.22,7.16,4,6,5,1,False
2025-05-06 05:00:00,Kosovo,Kosovo,XK,576.58,630.35,21.53,20.51,5,6,5,1,False
2025-05-06 06:00:00,Kosovo,Kosovo,XK,528.48,581.78,27.01,25.63,6,6,5,1,False
2025-05-06 07:00:00,Kosovo,Kosovo,XK,498.06,550.31,31.25,29.18,7,6,5,1,False
2025-05-06 08:00:00,Kosovo,Kosovo,XK,504.4,556.39,31.02,28.41,8,6,5,1,False
2025-05-06 09:00:00,Kosovo,Kosovo,XK,483.67,534.27,33.97,31.24,9,6,5,1,False
2025-05-06 10:00:00,Kosovo,Kosovo,XK,471.72,520.89,36.05,33.7,10,6,5,1,False
2025-05-06 11:00:00,Kosovo,Kosovo,XK,487.31,537.44,33.78,32.74,11,6,5,1,False
2025-05-06 12:00:00,Kosovo,Kosovo,XK,509.99,561.33,30.76,30.28,12,6,5,1,False
2025-05-06 13:00:00,Kosovo,Kosovo,XK,545.87,601.11,24.55,24.27,13,6,5,1,False
2025-05-06 14:00:00,Kosovo,Kosovo,XK,564.55,620.95,21.35,21.27,14,6,5,1,False
2025-05-06 15:00:00,Kosovo,Kosovo,XK,539.24,591.25,25.63,25.54,15,6,5,1,False
2025-05-06 16:00:00,Kosovo,Kosovo,XK,394.3,432.86,47.18,47.16,16,6,5,1,False
2025-05-06 17:00:00,Kosovo,Kosovo,XK,353.41,390.03,52.02,51.96,17,6,5,1,False
2025-05-06 18:00:00,Kosovo,Kosovo,XK,371.87,410.75,48.77,48.67,18,6,5,1,False
2025-05-06 19:00:00,Kosovo,Kosovo,XK,414.36,454.28,44.15,44.1,19,6,5,1,False
2025-05-06 20:00:00,Kosovo,Kosovo,XK,492.74,536.82,34.37,34.24,20,6,5,1,False
2025-05-06 21:00:00,Kosovo,Kosovo,XK,601.83,652.39,20.43,20.16,21,6,5,1,False
2025-05-06 22:00:00,Kosovo,Kosovo,XK,678.2,733.75,10.33,10.18,22,6,5,1,False
2025-05-06 23:00:00,Kosovo,Kosovo,XK,719.22,777.53,5.08,4.4,23,6,5,1,False
2025-05-07 00:00:00,Kosovo,Kosovo,XK,728.1,786.81,3.96,3.44,0,7,5,2,False
2025-05-07 01:00:00,Kosovo,Kosovo,XK,714.06,772.22,5.73,4.81,1,7,5,2,False
2025-05-07 02:00:00,Kosovo,Kosovo,XK,683.34,740.2,9.63,7.82,2,7,5,2,False
2025-05-07 03:00:00,Kosovo,Kosovo,XK,677.13,732.75,10.7,9.63,3,7,5,2,False
2025-05-07 04:00:00,Kosovo,Kosovo,XK,539.51,585.77,28.79,28.78,4,7,5,2,False
2025-05-07 05:00:00,Kosovo,Kosovo,XK,483.31,534.14,32.05,32.03,5,7,5,2,False
2025-05-07 06:00:00,Kosovo,Kosovo,XK,482.78,533.62,32.94,32.47,6,7,5,2,False
2025-05-07 07:00:00,Kosovo,Kosovo,XK,485.13,536.39,33.27,32.17,7,7,5,2,False
2025-05-07 08:00:00,Kosovo,Kosovo,XK,484.35,535.14,33.64,33.14,8,7,5,2,False
2025-05-07 09:00:00,Kosovo,Kosovo,XK,458.43,507.54,37.42,36.85,9,7,5,2,False
2025-05-07 10:00:00,Kosovo,Kosovo,XK,495.26,545.89,32.84,32.38,10,7,5,2,False
2025-05-07 11:00:00,Kosovo,Kosovo,XK,511.16,562.35,30.83,30.48,11,7,5,2,False
2025-05-07 12:00:00,Kosovo,Kosovo,XK,514.1,565.29,30.43,30.11,12,7,5,2,False
2025-05-07 13:00:00,Kosovo,Kosovo,XK,497.24,548.17,32.01,31.71,13,7,5,2,False
2025-05-07 14:00:00,Kosovo,Kosovo,XK,493.42,544.52,31.76,31.62,14,7,5,2,False
2025-05-07 15:00:00,Kosovo,Kosovo,XK,490.91,539.44,32.53,32.51,15,7,5,2,False
2025-05-07 16:00:00,Kosovo,Kosovo,XK,440.23,482.42,40.87,40.85,16,7,5,2,False
2025-05-07 17:00:00,Kosovo,Kosovo,XK,380.16,418.84,48.32,48.27,17,7,5,2,False
2025-05-07 18:00:00,Kosovo,Kosovo,XK,377.92,416.35,48.59,48.52,18,7,5,2,False
2025-05-07 19:00:00,Kosovo,Kosovo,XK,416.33,456.21,44.09,44.03,19,7,5,2,False
2025-05-07 20:00:00,Kosovo,Kosovo,XK,515.43,561.01,31.55,31.23,20,7,5,2,False
2025-05-07 21:00:00,Kosovo,Kosovo,XK,541.53,588.5,28.3,28.01,21,7,5,2,False
2025-05-07 22:00:00,Kosovo,Kosovo,XK,592.99,644.84,21.16,19.22,22,7,5,2,False
2025-05-07 23:00:00,Kosovo,Kosovo,XK,638.42,692.82,15.35,13.58,23,7,5,2,False
2025-05-08 00:00:00,Kosovo,Kosovo,XK,680.9,737.99,9.74,8.34,0,8,5,3,False
2025-05-08 01:00:00,Kosovo,Kosovo,XK,680.26,737.24,9.84,8.62,1,8,5,3,False
2025-05-08 02:00:00,Kosovo,Kosovo,XK,650.01,705.13,13.87,12.08,2,8,5,3,False
2025-05-08 03:00:00,Kosovo,Kosovo,XK,601.62,654.02,19.97,19.01,3,8,5,3,False
2025-05-08 04:00:00,Kosovo,Kosovo,XK,495.63,539.18,34.61,34.49,4,8,5,3,False
2025-05-08 05:00:00,Kosovo,Kosovo,XK,530.62,577.33,29.57,29.57,5,8,5,3,False
2025-05-08 06:00:00,Kosovo,Kosovo,XK,469.74,520.13,34.6,34.54,6,8,5,3,False
2025-05-08 07:00:00,Kosovo,Kosovo,XK,477.88,529.99,33.83,33.29,7,8,5,3,False
2025-05-08 08:00:00,Kosovo,Kosovo,XK,464.17,514.36,36.49,35.71,8,8,5,3,False
2025-05-08 09:00:00,Kosovo,Kosovo,XK,498.52,549.93,32.25,31.77,9,8,5,3,False
2025-05-08 10:00:00,Kosovo,Kosovo,XK,478.65,529.16,34.76,34.5,10,8,5,3,False
2025-05-08 11:00:00,Kosovo,Kosovo,XK,492.23,543.38,32.98,32.76,11,8,5,3,False
2025-05-08 12:00:00,Kosovo,Kosovo,XK,512.79,563.94,30.45,30.32,12,8,5,3,False
2025-05-08 13:00:00,Kosovo,Kosovo,XK,517.25,569.07,29.29,29.2,13,8,5,3,False
2025-05-08 14:00:00,Kosovo,Kosovo,XK,574.57,628.11,21.97,21.93,14,8,5,3,False
2025-05-08 15:00:00,Kosovo,Kosovo,XK,591.98,642.24,21.74,21.31,15,8,5,3,False
2025-05-08 16:00:00,Kosovo,Kosovo,XK,443.89,486.64,40.19,40.17,16,8,5,3,False
2025-05-08 17:00:00,Kosovo,Kosovo,XK,400.96,440.57,45.92,45.87,17,8,5,3,False
2025-05-08 18:00:00,Kosovo,Kosovo,XK,367.9,405.07,50.35,50.32,18,8,5,3,False
2025-05-08 19:00:00,Kosovo,Kosovo,XK,402.41,440.99,46.11,46.02,19,8,5,3,False
2025-05-08 20:00:00,Kosovo,Kosovo,XK,489.75,533.3,35.18,34.45,20,8,5,3,False
2025-05-08 21:00:00,Kosovo,Kosovo,XK,550.34,598.83,26.96,25.08,21,8,5,3,False
2025-05-08 22:00:00,Kosovo,Kosovo,XK,596.65,647.95,20.97,19.12,22,8,5,3,False
2025-05-08 23:00:00,Kosovo,Kosovo,XK,650.52,705.53,13.8,11.95,23,8,5,3,False
2025-05-09 00:00:00,Kosovo,Kosovo,XK,674.7,731.39,10.54,8.79,0,9,5,4,False
2025-05-09 01:00:00,Kosovo,Kosovo,XK,673.54,730.24,10.66,9.0,1,9,5,4,False
2025-05-09 02:00:00,Kosovo,Kosovo,XK,662.56,718.68,12.12,9.95,2,9,5,4,False
2025-05-09 03:00:00,Kosovo,Kosovo,XK,685.51,742.15,9.38,8.08,3,9,5,4,False
2025-05-09 04:00:00,Kosovo,Kosovo,XK,671.79,726.14,11.61,11.61,4,9,5,4,False
2025-05-09 05:00:00,Kosovo,Kosovo,XK,599.49,650.09,21.32,19.47,5,9,5,4,False
2025-05-09 06:00:00,Kosovo,Kosovo,XK,513.47,560.4,32.42,29.22,6,9,5,4,False
2025-05-09 07:00:00,Kosovo,Kosovo,XK,491.88,539.32,34.88,30.85,7,9,5,4,False
2025-05-09 08:00:00,Kosovo,Kosovo,XK,530.0,579.95,30.09,25.17,8,9,5,4,False
2025-05-09 09:00:00,Kosovo,Kosovo,XK,590.0,643.52,21.8,17.27,9,9,5,4,False
2025-05-09 10:00:00,Kosovo,Kosovo,XK,607.92,662.4,19.21,15.54,10,9,5,4,False
2025-05-09 11:00:00,Kosovo,Kosovo,XK,604.31,658.54,19.66,16.1,11,9,5,4,False
2025-05-09 12:00:00,Kosovo,Kosovo,XK,625.58,680.74,16.9,13.75,12,9,5,4,False
2025-05-09 13:00:00,Kosovo,Kosovo,XK,640.1,695.79,15.04,12.32,13,9,5,4,False
2025-05-09 14:00:00,Kosovo,Kosovo,XK,622.68,677.18,17.2,14.95,14,9,5,4,False
2025-05-09 15:00:00,Kosovo,Kosovo,XK,501.36,547.54,33.33,31.1,15,9,5,4,False
2025-05-09 16:00:00,Kosovo,Kosovo,XK,447.75,488.86,40.82,39.65,16,9,5,4,False
2025-05-09 17:00:00,Kosovo,Kosovo,XK,414.75,452.83,45.27,44.87,17,9,5,4,False
2025-05-09 18:00:00,Kosovo,Kosovo,XK,398.51,435.48,47.42,47.11,18,9,5,4,False
2025-05-09 19:00:00,Kosovo,Kosovo,XK,423.74,462.38,44.04,43.38,19,9,5,4,False
2025-05-09 20:00:00,Kosovo,Kosovo,XK,462.51,504.64,38.77,37.2,20,9,5,4,False
2025-05-09 21:00:00,Kosovo,Kosovo,XK,514.79,561.25,31.61,29.37,21,9,5,4,False
2025-05-09 22:00:00,Kosovo,Kosovo,XK,564.84,613.51,25.42,23.62,22,9,5,4,False
2025-05-09 23:00:00,Kosovo,Kosovo,XK,608.64,660.26,19.66,17.57,23,9,5,4,False
2025-05-10 00:00:00,Kosovo,Kosovo,XK,657.47,712.28,13.21,11.39,0,10,5,5,False
2025-05-10 01:00:00,Kosovo,Kosovo,XK,672.41,727.86,11.33,9.91,1,10,5,5,False
2025-05-10 02:00:00,Kosovo,Kosovo,XK,685.98,742.03,9.6,8.55,2,10,5,5,False
2025-05-10 03:00:00,Kosovo,Kosovo,XK,707.78,765.18,6.68,5.95,3,10,5,5,False
2025-05-10 04:00:00,Kosovo,Kosovo,XK,759.21,819.18,0.1,0.09,4,10,5,5,False
2025-05-10 05:00:00,Kosovo,Kosovo,XK,694.24,750.5,8.43,8.43,5,10,5,5,False
2025-05-10 06:00:00,Kosovo,Kosovo,XK,577.67,629.76,22.59,22.59,6,10,5,5,False
2025-05-10 07:00:00,Kosovo,Kosovo,XK,510.51,557.25,32.36,31.18,7,10,5,5,False
2025-05-10 08:00:00,Kosovo,Kosovo,XK,525.17,572.86,30.65,28.49,8,10,5,5,False
2025-05-10 09:00:00,Kosovo,Kosovo,XK,571.37,621.77,24.59,22.37,9,10,5,5,False
2025-05-10 10:00:00,Kosovo,Kosovo,XK,574.28,625.03,24.21,21.7,10,10,5,5,False
2025-05-10 11:00:00,Kosovo,Kosovo,XK,572.84,623.69,24.39,21.54,11,10,5,5,False
2025-05-10 12:00:00,Kosovo,Kosovo,XK,576.29,627.39,23.94,20.84,12,10,5,5,False
2025-05-10 13:00:00,Kosovo,Kosovo,XK,568.13,619.62,24.88,20.52,13,10,5,5,False
2025-05-10 14:00:00,Kosovo,Kosovo,XK,562.51,612.68,25.72,22.3,14,10,5,5,False
2025-05-10 15:00:00,Kosovo,Kosovo,XK,543.27,591.17,28.33,26.07,15,10,5,5,False
2025-05-10 16:00:00,Kosovo,Kosovo,XK,498.83,542.73,34.17,33.53,16,10,5,5,False
2025-05-10 17:00:00,Kosovo,Kosovo,XK,378.5,415.82,49.19,49.11,17,10,5,5,False
2025-05-10 18:00:00,Kosovo,Kosovo,XK,382.08,418.23,49.51,49.27,18,10,5,5,False
2025-05-10 19:00:00,Kosovo,Kosovo,XK,410.93,448.71,45.73,45.5,19,10,5,5,False
2025-05-10 20:00:00,Kosovo,Kosovo,XK,433.9,473.39,42.78,41.76,20,10,5,5,False
2025-05-10 21:00:00,Kosovo,Kosovo,XK,516.49,561.92,31.82,29.78,21,10,5,5,False
2025-05-10 22:00:00,Kosovo,Kosovo,XK,527.16,573.95,30.29,27.56,22,10,5,5,False
2025-05-10 23:00:00,Kosovo,Kosovo,XK,585.89,636.32,22.58,20.46,23,10,5,5,False
2025-05-11 00:00:00,Kosovo,Kosovo,XK,637.76,691.8,15.73,13.13,0,11,5,6,False
2025-05-11 01:00:00,Kosovo,Kosovo,XK,645.9,700.29,14.67,12.66,1,11,5,6,False
2025-05-11 02:00:00,Kosovo,Kosovo,XK,641.75,695.94,15.2,13.24,2,11,5,6,False
2025-05-11 03:00:00,Kosovo,Kosovo,XK,633.3,687.16,16.28,13.96,3,11,5,6,False
2025-05-11 04:00:00,Kosovo,Kosovo,XK,652.43,707.26,13.79,12.39,4,11,5,6,False
2025-05-11 05:00:00,Kosovo,Kosovo,XK,653.86,708.76,13.85,11.84,5,11,5,6,False
2025-05-11 06:00:00,Kosovo,Kosovo,XK,565.07,616.23,24.52,23.93,6,11,5,6,False
2025-05-11 07:00:00,Kosovo,Kosovo,XK,559.01,610.68,25.91,19.67,7,11,5,6,False
2025-05-11 08:00:00,Kosovo,Kosovo,XK,548.77,600.08,27.24,21.36,8,11,5,6,False
2025-05-11 09:00:00,Kosovo,Kosovo,XK,543.96,595.45,27.86,21.48,9,11,5,6,False
2025-05-11 10:00:00,Kosovo,Kosovo,XK,529.63,580.6,29.69,23.21,10,11,5,6,False
2025-05-11 11:00:00,Kosovo,Kosovo,XK,515.35,565.86,31.6,24.15,11,11,5,6,False
2025-05-11 12:00:00,Kosovo,Kosovo,XK,505.4,555.2,32.89,25.51,12,11,5,6,False
2025-05-11 13:00:00,Kosovo,Kosovo,XK,492.23,541.05,34.61,27.33,13,11,5,6,False
2025-05-11 14:00:00,Kosovo,Kosovo,XK,502.88,551.55,33.22,27.01,14,11,5,6,False
2025-05-11 15:00:00,Kosovo,Kosovo,XK,468.05,513.41,37.8,32.69,15,11,5,6,False
2025-05-11 16:00:00,Kosovo,Kosovo,XK,427.37,468.47,43.24,40.23,16,11,5,6,False
2025-05-11 17:00:00,Kosovo,Kosovo,XK,336.56,370.35,55.41,54.59,17,11,5,6,False
2025-05-11 19:00:00,Kosovo,Kosovo,XK,344.62,378.85,54.29,53.25,19,11,5,6,False
2025-05-11 20:00:00,Kosovo,Kosovo,XK,389.18,427.31,48.24,45.28,20,11,5,6,False
2025-05-11 21:00:00,Kosovo,Kosovo,XK,438.4,481.09,41.45,36.87,21,11,5,6,False
2025-05-11 22:00:00,Kosovo,Kosovo,XK,513.17,561.66,31.36,26.06,22,11,5,6,False
2025-05-11 23:00:00,Kosovo,Kosovo,XK,543.48,594.12,27.32,21.93,23,11,5,6,False
2025-05-12 00:00:00,Kosovo,Kosovo,XK,557.09,608.44,25.69,20.09,0,12,5,0,False
2025-05-12 01:00:00,Kosovo,Kosovo,XK,557.67,609.12,25.6,19.8,1,12,5,0,False
2025-05-12 02:00:00,Kosovo,Kosovo,XK,550.01,601.18,26.59,20.36,2,12,5,0,False
2025-05-12 03:00:00,Kosovo,Kosovo,XK,551.66,602.24,26.28,21.28,3,12,5,0,False
2025-05-12 04:00:00,Kosovo,Kosovo,XK,556.79,605.34,26.23,24.68,4,12,5,0,False
2025-05-12 05:00:00,Kosovo,Kosovo,XK,578.11,627.65,23.57,23.2,5,12,5,0,False
2025-05-12 06:00:00,Kosovo,Kosovo,XK,492.6,541.93,32.77,32.1,6,12,5,0,False
2025-05-12 07:00:00,Kosovo,Kosovo,XK,489.64,539.37,33.35,32.75,7,12,5,0,False
2025-05-12 08:00:00,Kosovo,Kosovo,XK,525.0,575.84,29.62,27.85,8,12,5,0,False
2025-05-12 09:00:00,Kosovo,Kosovo,XK,566.32,618.49,24.56,22.65,9,12,5,0,False
2025-05-12 10:00:00,Kosovo,Kosovo,XK,538.36,589.28,27.92,26.64,10,12,5,0,False
2025-05-12 11:00:00,Kosovo,Kosovo,XK,523.28,574.1,29.26,28.47,11,12,5,0,False
2025-05-12 12:00:00,Kosovo,Kosovo,XK,551.12,603.18,25.57,24.89,12,12,5,0,False
2025-05-12 13:00:00,Kosovo,Kosovo,XK,586.81,639.76,21.49,20.17,13,12,5,0,False
2025-05-12 14:00:00,Kosovo,Kosovo,XK,559.35,610.21,24.91,24.3,14,12,5,0,False
2025-05-12 15:00:00,Kosovo,Kosovo,XK,417.3,457.4,44.7,42.87,15,12,5,0,False
2025-05-12 16:00:00,Kosovo,Kosovo,XK,333.3,368.15,55.18,54.9,16,12,5,0,False
2025-05-12 17:00:00,Kosovo,Kosovo,XK,320.62,354.01,57.0,56.92,17,12,5,0,False
2025-05-12 19:00:00,Kosovo,Kosovo,XK,336.06,370.49,54.87,54.71,19,12,5,0,False
2025-05-12 20:00:00,Kosovo,Kosovo,XK,379.81,417.64,48.95,48.46,20,12,5,0,False
2025-05-12 21:00:00,Kosovo,Kosovo,XK,421.54,460.98,44.14,43.04,21,12,5,0,False
2025-05-12 22:00:00,Kosovo,Kosovo,XK,516.73,562.75,31.56,30.01,22,12,5,0,False
2025-05-12 23:00:00,Kosovo,Kosovo,XK,583.84,634.07,22.72,21.62,23,12,5,0,False
2025-05-13 00:00:00,Kosovo,Kosovo,XK,647.57,702.34,14.17,13.03,0,13,5,1,False
2025-05-13 01:00:00,Kosovo,Kosovo,XK,672.81,728.63,10.97,10.51,1,13,5,1,False
2025-05-13 02:00:00,Kosovo,Kosovo,XK,633.49,686.53,16.28,15.85,2,13,5,1,False
2025-05-13 03:00:00,Kosovo,Kosovo,XK,612.72,663.93,19.22,18.75,3,13,5,1,False
2025-05-13 04:00:00,Kosovo,Kosovo,XK,522.08,566.85,31.3,31.24,4,13,5,1,False
2025-05-13 05:00:00,Kosovo,Kosovo,XK,493.09,537.68,34.39,34.37,5,13,5,1,False
2025-05-13 06:00:00,Kosovo,Kosovo,XK,473.58,520.7,35.41,34.98,6,13,5,1,False
2025-05-13 07:00:00,Kosovo,Kosovo,XK,522.8,572.3,30.08,27.8,7,13,5,1,False
2025-05-13 08:00:00,Kosovo,Kosovo,XK,568.96,621.28,24.48,20.15,8,13,5,1,False
2025-05-13 09:00:00,Kosovo,Kosovo,XK,583.24,636.77,22.54,18.06,9,13,5,1,False
2025-05-13 10:00:00,Kosovo,Kosovo,XK,582.23,635.87,22.7,17.97,10,13,5,1,False
2025-05-13 11:00:00,Kosovo,Kosovo,XK,584.95,638.69,22.4,17.66,11,13,5,1,False
2025-05-13 12:00:00,Kosovo,Kosovo,XK,588.51,641.94,21.98,17.75,12,13,5,1,False
2025-05-13 13:00:00,Kosovo,Kosovo,XK,577.29,629.81,23.25,19.71,13,13,5,1,False
2025-05-13 14:00:00,Kosovo,Kosovo,XK,559.43,609.93,25.54,23.43,14,13,5,1,False
2025-05-13 15:00:00,Kosovo,Kosovo,XK,460.57,503.97,38.85,36.88,15,13,5,1,False
2025-05-13 16:00:00,Kosovo,Kosovo,XK,355.23,391.37,52.38,51.81,16,13,5,1,False
2025-05-13 17:00:00,Kosovo,Kosovo,XK,320.77,354.1,56.93,56.74,17,13,5,1,False
2025-05-13 20:00:00,Kosovo,Kosovo,XK,351.74,389.0,51.97,51.51,20,13,5,1,False
2025-05-13 21:00:00,Kosovo,Kosovo,XK,427.98,467.7,43.25,42.63,21,13,5,1,False
2025-05-13 22:00:00,Kosovo,Kosovo,XK,572.15,622.1,24.03,22.62,22,13,5,1,False
2025-05-13 23:00:00,Kosovo,Kosovo,XK,637.93,691.32,15.52,15.12,23,13,5,1,False
2025-05-14 00:00:00,Kosovo,Kosovo,XK,687.85,744.73,9.04,8.19,0,14,5,2,False
2025-05-14 01:00:00,Kosovo,Kosovo,XK,698.64,755.98,7.69,6.98,1,14,5,2,False
2025-05-14 02:00:00,Kosovo,Kosovo,XK,665.14,720.83,12.01,10.67,2,14,5,2,False
2025-05-14 03:00:00,Kosovo,Kosovo,XK,583.15,632.61,23.11,22.14,3,14,5,2,False
2025-05-14 04:00:00,Kosovo,Kosovo,XK,545.06,591.23,28.28,28.28,4,14,5,2,False
2025-05-14 05:00:00,Kosovo,Kosovo,XK,537.36,585.66,28.64,27.35,5,14,5,2,False
2025-05-14 06:00:00,Kosovo,Kosovo,XK,499.53,549.11,32.86,29.93,6,14,5,2,False
2025-05-14 07:00:00,Kosovo,Kosovo,XK,525.49,575.74,30.65,26.19,7,14,5,2,False
2025-05-14 08:00:00,Kosovo,Kosovo,XK,569.78,622.35,24.75,19.65,8,14,5,2,False
2025-05-14 09:00:00,Kosovo,Kosovo,XK,481.65,530.3,36.11,29.78,9,14,5,2,False
2025-05-14 10:00:00,Kosovo,Kosovo,XK,577.09,630.01,23.86,19.24,10,14,5,2,False
2025-05-14 11:00:00,Kosovo,Kosovo,XK,566.97,620.17,24.32,21.51,11,14,5,2,False
2025-05-14 12:00:00,Kosovo,Kosovo,XK,570.54,624.29,23.65,20.64,12,14,5,2,False
2025-05-14 13:00:00,Kosovo,Kosovo,XK,607.64,662.27,19.34,15.94,13,14,5,2,False
2025-05-14 14:00:00,Kosovo,Kosovo,XK,573.11,625.69,23.55,20.56,14,14,5,2,False
2025-05-14 15:00:00,Kosovo,Kosovo,XK,571.55,622.44,24.05,22.03,15,14,5,2,False
2025-05-14 16:00:00,Kosovo,Kosovo,XK,386.0,425.61,47.6,47.44,16,14,5,2,False
2025-05-14 17:00:00,Kosovo,Kosovo,XK,339.42,375.79,53.55,53.4,17,14,5,2,False
2025-05-14 19:00:00,Kosovo,Kosovo,XK,331.33,367.19,54.49,54.37,19,14,5,2,False
2025-05-14 20:00:00,Kosovo,Kosovo,XK,387.32,426.88,47.41,46.28,20,14,5,2,False
2025-05-14 21:00:00,Kosovo,Kosovo,XK,445.21,487.68,40.35,38.89,21,14,5,2,False
2025-05-14 22:00:00,Kosovo,Kosovo,XK,596.37,648.49,20.73,18.79,22,14,5,2,False
2025-05-14 23:00:00,Kosovo,Kosovo,XK,635.38,690.45,15.48,13.22,23,14,5,2,False
2025-05-15 00:00:00,Kosovo,Kosovo,XK,636.81,692.63,15.14,12.18,0,15,5,3,False
2025-05-15 01:00:00,Kosovo,Kosovo,XK,651.26,707.93,13.28,10.26,1,15,5,3,False
2025-05-15 02:00:00,Kosovo,Kosovo,XK,652.83,709.29,13.16,10.32,2,15,5,3,False
2025-05-15 03:00:00,Kosovo,Kosovo,XK,619.11,672.66,17.83,15.19,3,15,5,3,False
2025-05-15 04:00:00,Kosovo,Kosovo,XK,609.14,660.6,19.47,19.0,4,15,5,3,False
2025-05-15 05:00:00,Kosovo,Kosovo,XK,568.41,618.67,25.14,22.5,5,15,5,3,False
2025-05-15 06:00:00,Kosovo,Kosovo,XK,489.74,539.16,34.25,30.75,6,15,5,3,False
2025-05-15 07:00:00,Kosovo,Kosovo,XK,473.4,522.57,36.74,33.03,7,15,5,3,False
2025-05-15 08:00:00,Kosovo,Kosovo,XK,512.6,561.92,32.76,27.74,8,15,5,3,False
2025-05-15 09:00:00,Kosovo,Kosovo,XK,526.96,576.95,30.83,25.67,9,15,5,3,False
2025-05-15 10:00:00,Kosovo,Kosovo,XK,522.82,572.44,31.4,26.12,10,15,5,3,False
2025-05-15 11:00:00,Kosovo,Kosovo,XK,519.44,568.76,31.88,26.62,11,15,5,3,False
2025-05-15 12:00:00,Kosovo,Kosovo,XK,511.92,560.8,32.91,27.6,12,15,5,3,False
2025-05-15 13:00:00,Kosovo,Kosovo,XK,515.72,564.79,32.19,27.13,13,15,5,3,False
2025-05-15 14:00:00,Kosovo,Kosovo,XK,542.8,593.0,28.68,23.71,14,15,5,3,False
2025-05-15 15:00:00,Kosovo,Kosovo,XK,596.16,648.68,20.89,18.81,15,15,5,3,False
2025-05-15 16:00:00,Kosovo,Kosovo,XK,431.47,472.73,42.33,41.8,16,15,5,3,False
2025-05-15 17:00:00,Kosovo,Kosovo,XK,351.82,388.17,52.14,52.11,17,15,5,3,False
2025-05-15 18:00:00,Kosovo,Kosovo,XK,324.86,359.68,55.65,55.62,18,15,5,3,False
2025-05-15 19:00:00,Kosovo,Kosovo,XK,359.99,395.33,51.77,51.69,19,15,5,3,False
2025-05-15 20:00:00,Kosovo,Kosovo,XK,434.09,474.22,42.51,41.83,20,15,5,3,False
2025-05-15 21:00:00,Kosovo,Kosovo,XK,535.11,583.23,28.83,27.18,21,15,5,3,False
2025-05-15 22:00:00,Kosovo,Kosovo,XK,610.56,663.64,18.78,17.83,22,15,5,3,False
2025-05-15 23:00:00,Kosovo,Kosovo,XK,649.32,704.8,13.72,12.87,23,15,5,3,False
2025-05-16 00:00:00,Kosovo,Kosovo,XK,676.49,733.49,10.18,9.35,0,16,5,4,False
2025-05-16 01:00:00,Kosovo,Kosovo,XK,685.45,742.9,9.07,8.18,1,16,5,4,False
2025-05-16 02:00:00,Kosovo,Kosovo,XK,696.56,754.11,7.83,7.27,2,16,5,4,False
2025-05-16 03:00:00,Kosovo,Kosovo,XK,668.4,723.87,11.68,11.06,3,16,5,4,False
2025-05-16 04:00:00,Kosovo,Kosovo,XK,590.06,639.56,22.29,22.09,4,16,5,4,False
2025-05-16 05:00:00,Kosovo,Kosovo,XK,500.97,545.36,33.83,33.3,5,16,5,4,False
2025-05-16 06:00:00,Kosovo,Kosovo,XK,435.55,476.68,42.29,40.9,6,16,5,4,False
2025-05-16 07:00:00,Kosovo,Kosovo,XK,421.49,462.89,44.0,41.64,7,16,5,4,False
2025-05-16 08:00:00,Kosovo,Kosovo,XK,409.49,451.27,45.46,41.9,8,16,5,4,False
2025-05-16 09:00:00,Kosovo,Kosovo,XK,390.46,431.89,47.87,43.32,9,16,5,4,False
2025-05-16 10:00:00,Kosovo,Kosovo,XK,372.03,412.46,50.33,45.85,10,16,5,4,False
2025-05-16 11:00:00,Kosovo,Kosovo,XK,354.5,393.39,52.69,48.67,11,16,5,4,False
2025-05-16 12:00:00,Kosovo,Kosovo,XK,358.45,397.2,52.18,48.61,12,16,5,4,False
2025-05-16 13:00:00,Kosovo,Kosovo,XK,357.98,396.67,52.17,48.51,13,16,5,4,False
2025-05-16 14:00:00,Kosovo,Kosovo,XK,337.52,373.76,55.07,51.94,14,16,5,4,False
2025-05-16 15:00:00,Kosovo,Kosovo,XK,342.6,378.66,54.44,51.9,15,16,5,4,False
2025-05-16 20:00:00,Kosovo,Kosovo,XK,336.35,371.03,54.93,53.96,20,16,5,4,False
2025-05-16 21:00:00,Kosovo,Kosovo,XK,429.58,470.64,42.66,40.68,21,16,5,4,False
2025-05-16 22:00:00,Kosovo,Kosovo,XK,492.32,538.71,33.48,32.24,22,16,5,4,False
2025-05-16 23:00:00,Kosovo,Kosovo,XK,500.76,548.79,31.82,30.6,23,16,5,4,False
2025-05-17 00:00:00,Kosovo,Kosovo,XK,562.4,613.06,24.78,22.67,0,17,5,5,False
2025-05-17 01:00:00,Kosovo,Kosovo,XK,591.14,643.53,21.18,18.79,1,17,5,5,False
2025-05-17 02:00:00,Kosovo,Kosovo,XK,582.91,635.09,22.26,19.54,2,17,5,5,False
2025-05-17 03:00:00,Kosovo,Kosovo,XK,582.51,635.02,22.42,18.38,3,17,5,5,False
2025-05-17 04:00:00,Kosovo,Kosovo,XK,612.48,666.39,18.47,15.76,4,17,5,5,False
2025-05-17 05:00:00,Kosovo,Kosovo,XK,428.82,473.06,41.02,40.67,5,17,5,5,False
2025-05-17 06:00:00,Kosovo,Kosovo,XK,382.85,424.42,47.63,47.38,6,17,5,5,False
2025-05-17 07:00:00,Kosovo,Kosovo,XK,406.03,447.07,45.92,43.51,7,17,5,5,False
2025-05-17 08:00:00,Kosovo,Kosovo,XK,415.55,457.72,44.57,41.47,8,17,5,5,False
2025-05-17 09:00:00,Kosovo,Kosovo,XK,437.14,481.7,41.69,36.96,9,17,5,5,False
2025-05-17 10:00:00,Kosovo,Kosovo,XK,414.15,458.65,44.61,37.8,10,17,5,5,False
2025-05-17 11:00:00,Kosovo,Kosovo,XK,394.89,438.25,47.16,40.06,11,17,5,5,False
2025-05-17 12:00:00,Kosovo,Kosovo,XK,395.8,439.72,46.95,39.2,12,17,5,5,False
2025-05-17 13:00:00,Kosovo,Kosovo,XK,385.78,428.99,48.25,40.63,13,17,5,5,False
2025-05-17 14:00:00,Kosovo,Kosovo,XK,384.05,425.42,48.66,43.43,14,17,5,5,False
2025-05-17 15:00:00,Kosovo,Kosovo,XK,366.15,405.13,51.09,46.85,15,17,5,5,False
2025-05-17 16:00:00,Kosovo,Kosovo,XK,336.8,372.05,55.15,52.61,16,17,5,5,False
2025-05-17 22:00:00,Kosovo,Kosovo,XK,430.87,473.68,41.99,38.19,22,17,5,5,False
2025-05-17 23:00:00,Kosovo,Kosovo,XK,489.78,536.03,34.19,31.6,23,17,5,5,False
2025-05-18 00:00:00,Kosovo,Kosovo,XK,550.88,600.45,26.64,23.6,0,18,5,6,False
2025-05-18 01:00:00,Kosovo,Kosovo,XK,569.65,620.51,24.19,20.99,1,18,5,6,False
2025-05-18 02:00:00,Kosovo,Kosovo,XK,624.99,680.1,16.66,13.31,2,18,5,6,False
2025-05-18 03:00:00,Kosovo,Kosovo,XK,638.49,693.76,15.13,12.38,3,18,5,6,False
2025-05-18 04:00:00,Kosovo,Kosovo,XK,637.18,692.29,15.38,13.09,4,18,5,6,False
2025-05-18 05:00:00,Kosovo,Kosovo,XK,528.56,578.94,28.88,26.99,5,18,5,6,False
2025-05-18 06:00:00,Kosovo,Kosovo,XK,428.4,476.01,41.22,39.36,6,18,5,6,False
2025-05-18 07:00:00,Kosovo,Kosovo,XK,463.93,512.55,36.86,34.97,7,18,5,6,False
2025-05-18 08:00:00,Kosovo,Kosovo,XK,516.9,566.14,31.45,25.87,8,18,5,6,False
2025-05-18 09:00:00,Kosovo,Kosovo,XK,477.84,526.35,36.14,28.82,9,18,5,6,False
2025-05-18 10:00:00,Kosovo,Kosovo,XK,466.32,513.71,37.75,31.03,10,18,5,6,False
2025-05-18 11:00:00,Kosovo,Kosovo,XK,445.1,491.98,40.45,32.51,11,18,5,6,False
2025-05-18 12:00:00,Kosovo,Kosovo,XK,447.43,494.53,40.1,32.18,12,18,5,6,False
2025-05-18 13:00:00,Kosovo,Kosovo,XK,438.57,484.89,41.29,33.84,13,18,5,6,False
2025-05-18 14:00:00,Kosovo,Kosovo,XK,425.67,470.71,43.06,35.95,14,18,5,6,False
2025-05-18 15:00:00,Kosovo,Kosovo,XK,415.73,458.38,44.56,39.64,15,18,5,6,False
2025-05-18 16:00:00,Kosovo,Kosovo,XK,342.16,378.23,54.28,52.88,16,18,5,6,False
2025-05-18 21:00:00,Kosovo,Kosovo,XK,350.59,388.39,52.64,50.19,21,18,5,6,False
2025-05-18 22:00:00,Kosovo,Kosovo,XK,432.68,475.38,42.15,37.38,22,18,5,6,False
2025-05-18 23:00:00,Kosovo,Kosovo,XK,497.56,544.65,33.52,29.2,23,18,5,6,False
2025-05-19 00:00:00,Kosovo,Kosovo,XK,565.27,616.51,24.59,21.1,0,19,5,0,False
2025-05-19 01:00:00,Kosovo,Kosovo,XK,593.97,647.47,20.71,16.88,1,19,5,0,False
2025-05-19 02:00:00,Kosovo,Kosovo,XK,564.23,616.0,24.61,20.16,2,19,5,0,False
2025-05-19 03:00:00,Kosovo,Kosovo,XK,558.46,608.83,25.62,22.23,3,19,5,0,False
2025-05-19 04:00:00,Kosovo,Kosovo,XK,483.69,526.33,36.14,36.08,4,19,5,0,False
2025-05-19 05:00:00,Kosovo,Kosovo,XK,433.98,481.96,38.97,38.04,5,19,5,0,False
2025-05-19 06:00:00,Kosovo,Kosovo,XK,383.39,429.69,46.05,44.17,6,19,5,0,False
2025-05-19 07:00:00,Kosovo,Kosovo,XK,389.28,434.74,46.74,44.13,7,19,5,0,False
2025-05-19 08:00:00,Kosovo,Kosovo,XK,405.9,451.55,44.87,42.47,8,19,5,0,False
2025-05-19 09:00:00,Kosovo,Kosovo,XK,427.98,474.62,42.04,39.93,9,19,5,0,False
2025-05-19 10:00:00,Kosovo,Kosovo,XK,468.69,517.02,36.71,34.97,10,19,5,0,False
2025-05-19 11:00:00,Kosovo,Kosovo,XK,491.16,540.35,33.86,31.89,11,19,5,0,False
2025-05-19 12:00:00,Kosovo,Kosovo,XK,493.18,542.89,33.22,32.05,12,19,5,0,False
2025-05-19 13:00:00,Kosovo,Kosovo,XK,486.89,536.93,33.84,32.39,13,19,5,0,False
2025-05-19 14:00:00,Kosovo,Kosovo,XK,501.58,550.76,32.16,31.52,14,19,5,0,False
2025-05-19 15:00:00,Kosovo,Kosovo,XK,491.44,537.44,33.97,33.78,15,19,5,0,False
2025-05-19 16:00:00,Kosovo,Kosovo,XK,380.14,418.86,48.58,48.34,16,19,5,0,False
2025-05-19 19:00:00,Kosovo,Kosovo,XK,321.95,358.26,54.97,54.9,19,19,5,0,False
2025-05-19 20:00:00,Kosovo,Kosovo,XK,355.26,393.59,50.87,50.82,20,19,5,0,False
2025-05-19 21:00:00,Kosovo,Kosovo,XK,422.34,464.42,42.52,42.24,21,19,5,0,False
2025-05-19 22:00:00,Kosovo,Kosovo,XK,615.86,668.56,18.15,17.45,22,19,5,0,False
2025-05-19 23:00:00,Kosovo,Kosovo,XK,689.61,746.84,8.66,7.76,23,19,5,0,False
2025-05-20 00:00:00,Kosovo,Kosovo,XK,720.27,779.04,4.81,4.08,0,20,5,1,False
2025-05-20 01:00:00,Kosovo,Kosovo,XK,715.27,773.63,5.45,4.94,1,20,5,1,False
2025-05-20 02:00:00,Kosovo,Kosovo,XK,688.32,744.97,8.98,8.44,2,20,5,1,False
2025-05-20 03:00:00,Kosovo,Kosovo,XK,661.63,716.59,12.57,11.56,3,20,5,1,False
2025-05-20 04:00:00,Kosovo,Kosovo,XK,663.83,718.52,12.3,12.12,4,20,5,1,False
2025-05-20 05:00:00,Kosovo,Kosovo,XK,513.91,565.52,29.49,27.76,5,20,5,1,False
2025-05-20 06:00:00,Kosovo,Kosovo,XK,443.23,492.18,38.85,36.64,6,20,5,1,False
2025-05-20 07:00:00,Kosovo,Kosovo,XK,454.2,502.56,38.46,36.16,7,20,5,1,False
2025-05-20 08:00:00,Kosovo,Kosovo,XK,486.45,536.35,34.71,31.28,8,20,5,1,False
2025-05-20 09:00:00,Kosovo,Kosovo,XK,535.48,586.85,28.85,24.96,9,20,5,1,False
2025-05-20 10:00:00,Kosovo,Kosovo,XK,571.64,624.0,24.46,20.74,10,20,5,1,False
2025-05-20 11:00:00,Kosovo,Kosovo,XK,599.75,653.33,20.82,17.4,11,20,5,1,False
2025-05-20 12:00:00,Kosovo,Kosovo,XK,604.23,658.08,20.23,16.65,12,20,5,1,False
2025-05-20 13:00:00,Kosovo,Kosovo,XK,609.67,663.51,19.55,16.09,13,20,5,1,False
2025-05-20 14:00:00,Kosovo,Kosovo,XK,574.63,627.17,23.23,21.13,14,20,5,1,False
2025-05-20 15:00:00,Kosovo,Kosovo,XK,580.56,632.78,22.68,20.08,15,20,5,1,False
2025-05-20 16:00:00,Kosovo,Kosovo,XK,403.87,445.25,44.95,43.8,16,20,5,1,False
2025-05-20 17:00:00,Kosovo,Kosovo,XK,349.78,386.87,52.09,51.82,17,20,5,1,False
2025-05-20 18:00:00,Kosovo,Kosovo,XK,324.86,360.18,55.45,55.27,18,20,5,1,False
2025-05-20 19:00:00,Kosovo,Kosovo,XK,355.78,393.02,51.33,50.77,19,20,5,1,False
2025-05-20 20:00:00,Kosovo,Kosovo,XK,379.55,419.45,48.03,46.57,20,20,5,1,False
2025-05-20 21:00:00,Kosovo,Kosovo,XK,428.93,471.06,42.25,40.38,21,20,5,1,False
2025-05-20 22:00:00,Kosovo,Kosovo,XK,444.63,487.95,39.83,39.59,22,20,5,1,False
2025-05-20 23:00:00,Kosovo,Kosovo,XK,522.81,570.81,29.86,29.58,23,20,5,1,False
2025-05-21 00:00:00,Kosovo,Kosovo,XK,530.06,578.91,28.78,28.51,0,21,5,2,False
2025-05-21 01:00:00,Kosovo,Kosovo,XK,541.43,591.38,27.06,26.76,1,21,5,2,False
2025-05-21 02:00:00,Kosovo,Kosovo,XK,537.82,588.19,27.37,26.95,2,21,5,2,False
2025-05-21 03:00:00,Kosovo,Kosovo,XK,501.71,551.47,31.32,30.89,3,21,5,2,False
2025-05-21 04:00:00,Kosovo,Kosovo,XK,457.82,503.75,37.51,37.32,4,21,5,2,False
2025-05-21 05:00:00,Kosovo,Kosovo,XK,472.0,515.35,37.04,37.02,5,21,5,2,False
2025-05-21 06:00:00,Kosovo,Kosovo,XK,505.27,554.89,31.06,30.09,6,21,5,2,False
2025-05-21 07:00:00,Kosovo,Kosovo,XK,524.8,573.51,29.95,28.58,7,21,5,2,False
2025-05-21 08:00:00,Kosovo,Kosovo,XK,515.5,564.5,31.05,29.3,8,21,5,2,False
2025-05-21 09:00:00,Kosovo,Kosovo,XK,535.48,583.74,29.29,27.49,9,21,5,2,False
2025-05-21 10:00:00,Kosovo,Kosovo,XK,547.53,596.99,27.29,26.25,10,21,5,2,False
2025-05-21 11:00:00,Kosovo,Kosovo,XK,509.28,557.28,31.8,31.55,11,21,5,2,False
2025-05-21 12:00:00,Kosovo,Kosovo,XK,516.53,564.22,31.18,31.12,12,21,5,2,False
2025-05-21 13:00:00,Kosovo,Kosovo,XK,540.83,589.12,28.21,28.17,13,21,5,2,False
2025-05-21 14:00:00,Kosovo,Kosovo,XK,479.28,524.85,35.6,35.6,14,21,5,2,False
2025-05-21 15:00:00,Kosovo,Kosovo,XK,419.12,460.07,43.79,43.74,15,21,5,2,False
2025-05-21 16:00:00,Kosovo,Kosovo,XK,351.38,388.5,52.36,52.28,16,21,5,2,False
2025-05-21 19:00:00,Kosovo,Kosovo,XK,344.36,381.54,52.49,52.42,19,21,5,2,False
2025-05-21 20:00:00,Kosovo,Kosovo,XK,376.39,415.88,48.42,48.24,20,21,5,2,False
2025-05-21 21:00:00,Kosovo,Kosovo,XK,404.53,445.53,44.96,44.75,21,21,5,2,False
2025-05-21 22:00:00,Kosovo,Kosovo,XK,642.76,697.85,14.36,13.38,22,21,5,2,False
2025-05-21 23:00:00,Kosovo,Kosovo,XK,684.44,742.22,9.18,7.52,23,21,5,2,False
2025-05-22 00:00:00,Kosovo,Kosovo,XK,693.3,751.33,8.09,6.67,0,22,5,3,False
2025-05-22 01:00:00,Kosovo,Kosovo,XK,689.48,747.5,8.55,6.91,1,22,5,3,False
2025-05-22 02:00:00,Kosovo,Kosovo,XK,682.08,739.91,9.46,7.48,2,22,5,3,False
2025-05-22 03:00:00,Kosovo,Kosovo,XK,720.19,778.98,4.82,4.1,3,22,5,3,False
2025-05-22 04:00:00,Kosovo,Kosovo,XK,646.39,699.49,14.81,14.67,4,22,5,3,False
2025-05-22 05:00:00,Kosovo,Kosovo,XK,546.8,599.33,25.41,23.97,5,22,5,3,False
2025-05-22 06:00:00,Kosovo,Kosovo,XK,477.23,528.97,33.54,31.93,6,22,5,3,False
2025-05-22 07:00:00,Kosovo,Kosovo,XK,457.07,506.67,37.4,35.22,7,22,5,3,False
2025-05-22 08:00:00,Kosovo,Kosovo,XK,455.99,505.42,37.82,35.68,8,22,5,3,False
2025-05-22 09:00:00,Kosovo,Kosovo,XK,453.4,502.43,38.25,36.37,9,22,5,3,False
2025-05-22 10:00:00,Kosovo,Kosovo,XK,468.04,517.68,36.27,34.71,10,22,5,3,False
2025-05-22 11:00:00,Kosovo,Kosovo,XK,477.24,526.97,35.07,34.0,11,22,5,3,False
2025-05-22 12:00:00,Kosovo,Kosovo,XK,484.68,534.76,33.94,33.24,12,22,5,3,False
2025-05-22 13:00:00,Kosovo,Kosovo,XK,499.56,549.48,32.15,31.86,13,22,5,3,False
2025-05-22 14:00:00,Kosovo,Kosovo,XK,488.51,538.22,32.88,32.67,14,22,5,3,False
2025-05-22 15:00:00,Kosovo,Kosovo,XK,504.72,553.16,31.14,31.01,15,22,5,3,False
2025-05-22 16:00:00,Kosovo,Kosovo,XK,380.51,419.5,48.67,48.52,16,22,5,3,False
2025-05-22 17:00:00,Kosovo,Kosovo,XK,358.66,396.23,51.48,51.23,17,22,5,3,False
2025-05-22 18:00:00,Kosovo,Kosovo,XK,343.44,379.98,53.36,53.15,18,22,5,3,False
2025-05-22 19:00:00,Kosovo,Kosovo,XK,351.36,388.34,52.21,52.0,19,22,5,3,False
2025-05-22 20:00:00,Kosovo,Kosovo,XK,362.68,399.51,51.26,50.27,20,22,5,3,False
2025-05-22 21:00:00,Kosovo,Kosovo,XK,415.2,455.12,44.74,43.05,21,22,5,3,False
2025-05-22 22:00:00,Kosovo,Kosovo,XK,535.51,582.87,29.04,27.5,22,22,5,3,False
2025-05-22 23:00:00,Kosovo,Kosovo,XK,623.84,677.56,17.21,15.3,23,22,5,3,False
2025-05-23 00:00:00,Kosovo,Kosovo,XK,672.85,729.55,10.85,8.99,0,23,5,4,False
2025-05-23 01:00:00,Kosovo,Kosovo,XK,660.62,716.76,12.42,10.17,1,23,5,4,False
2025-05-23 02:00:00,Kosovo,Kosovo,XK,634.44,688.96,15.84,13.54,2,23,5,4,False
2025-05-23 03:00:00,Kosovo,Kosovo,XK,593.42,645.59,21.2,18.57,3,23,5,4,False
2025-05-23 04:00:00,Kosovo,Kosovo,XK,507.76,551.8,33.09,33.04,4,23,5,4,False
2025-05-23 05:00:00,Kosovo,Kosovo,XK,538.62,587.08,28.17,27.4,5,23,5,4,False
2025-05-23 06:00:00,Kosovo,Kosovo,XK,495.16,546.51,31.78,30.5,6,23,5,4,False
2025-05-23 07:00:00,Kosovo,Kosovo,XK,503.13,553.81,31.51,30.21,7,23,5,4,False
2025-05-23 08:00:00,Kosovo,Kosovo,XK,527.69,578.98,28.97,27.33,8,23,5,4,False
2025-05-23 09:00:00,Kosovo,Kosovo,XK,552.69,604.47,25.79,25.25,9,23,5,4,False
2025-05-23 10:00:00,Kosovo,Kosovo,XK,624.74,678.21,17.34,16.75,10,23,5,4,False
2025-05-23 11:00:00,Kosovo,Kosovo,XK,660.75,715.48,13.14,11.94,11,23,5,4,False
2025-05-23 12:00:00,Kosovo,Kosovo,XK,665.78,720.37,12.44,11.89,12,23,5,4,False
2025-05-23 13:00:00,Kosovo,Kosovo,XK,617.05,669.69,18.62,17.64,13,23,5,4,False
2025-05-23 14:00:00,Kosovo,Kosovo,XK,577.83,627.99,23.68,22.73,14,23,5,4,False
2025-05-23 15:00:00,Kosovo,Kosovo,XK,565.28,614.03,25.37,24.66,15,23,5,4,False
2025-05-23 16:00:00,Kosovo,Kosovo,XK,388.31,428.7,47.03,46.93,16,23,5,4,False
2025-05-23 17:00:00,Kosovo,Kosovo,XK,363.65,402.29,50.18,50.02,17,23,5,4,False
2025-05-23 18:00:00,Kosovo,Kosovo,XK,346.54,383.52,52.61,52.45,18,23,5,4,False
2025-05-23 19:00:00,Kosovo,Kosovo,XK,356.37,393.08,51.6,51.44,19,23,5,4,False
2025-05-23 20:00:00,Kosovo,Kosovo,XK,378.6,417.87,48.53,47.73,20,23,5,4,False
2025-05-23 21:00:00,Kosovo,Kosovo,XK,434.37,474.89,42.43,41.23,21,23,5,4,False
2025-05-23 22:00:00,Kosovo,Kosovo,XK,537.84,585.83,28.6,26.74,22,23,5,4,False
2025-05-23 23:00:00,Kosovo,Kosovo,XK,600.44,652.52,20.41,18.38,23,23,5,4,False
2025-05-24 00:00:00,Kosovo,Kosovo,XK,615.0,668.63,18.36,15.77,0,24,5,5,False
2025-05-24 01:00:00,Kosovo,Kosovo,XK,623.54,677.57,17.25,14.91,1,24,5,5,False
2025-05-24 02:00:00,Kosovo,Kosovo,XK,634.63,689.05,15.85,14.05,2,24,5,5,False
2025-05-24 03:00:00,Kosovo,Kosovo,XK,647.37,702.41,14.24,12.63,3,24,5,5,False
2025-05-24 04:00:00,Kosovo,Kosovo,XK,675.7,732.27,10.51,9.35,4,24,5,5,False
2025-05-24 05:00:00,Kosovo,Kosovo,XK,671.51,727.0,11.34,10.49,5,24,5,5,False
2025-05-24 06:00:00,Kosovo,Kosovo,XK,587.05,637.32,22.33,22.18,6,24,5,5,False
2025-05-24 07:00:00,Kosovo,Kosovo,XK,464.09,508.1,38.58,35.86,7,24,5,5,False
2025-05-24 08:00:00,Kosovo,Kosovo,XK,478.83,524.87,36.43,32.65,8,24,5,5,False
2025-05-24 09:00:00,Kosovo,Kosovo,XK,483.5,529.92,35.81,32.01,9,24,5,5,False
2025-05-24 10:00:00,Kosovo,Kosovo,XK,501.19,548.34,33.59,30.11,10,24,5,5,False
2025-05-24 11:00:00,Kosovo,Kosovo,XK,508.1,555.96,32.66,28.46,11,24,5,5,False
2025-05-24 12:00:00,Kosovo,Kosovo,XK,486.72,533.03,35.48,31.51,12,24,5,5,False
2025-05-24 13:00:00,Kosovo,Kosovo,XK,498.71,545.59,33.88,30.08,13,24,5,5,False
2025-05-24 14:00:00,Kosovo,Kosovo,XK,457.5,501.3,39.3,36.08,14,24,5,5,False
2025-05-24 15:00:00,Kosovo,Kosovo,XK,443.74,485.93,41.18,38.51,15,24,5,5,False
2025-05-24 16:00:00,Kosovo,Kosovo,XK,403.18,441.82,46.58,45.51,16,24,5,5,False
2025-05-24 17:00:00,Kosovo,Kosovo,XK,381.75,418.94,49.33,48.88,17,24,5,5,False
2025-05-24 18:00:00,Kosovo,Kosovo,XK,378.48,415.99,49.48,49.19,18,24,5,5,False
2025-05-24 19:00:00,Kosovo,Kosovo,XK,394.05,432.21,47.49,47.26,19,24,5,5,False
2025-05-24 20:00:00,Kosovo,Kosovo,XK,425.94,466.06,43.45,42.36,20,24,5,5,False
2025-05-24 21:00:00,Kosovo,Kosovo,XK,450.18,492.14,40.3,38.15,21,24,5,5,False
2025-05-24 22:00:00,Kosovo,Kosovo,XK,540.84,589.45,28.27,24.93,22,24,5,5,False
2025-05-24 23:00:00,Kosovo,Kosovo,XK,569.66,620.61,24.38,20.46,23,24,5,5,False
2025-05-25 00:00:00,Kosovo,Kosovo,XK,568.29,619.37,24.52,20.2,0,25,5,6,False
2025-05-25 01:00:00,Kosovo,Kosovo,XK,562.88,613.63,25.24,20.76,1,25,5,6,False
2025-05-25 02:00:00,Kosovo,Kosovo,XK,570.33,621.35,24.3,20.15,2,25,5,6,False
2025-05-25 03:00:00,Kosovo,Kosovo,XK,598.38,650.55,20.82,17.43,3,25,5,6,False
2025-05-25 04:00:00,Kosovo,Kosovo,XK,598.7,650.88,20.82,17.17,4,25,5,6,False
2025-05-25 05:00:00,Kosovo,Kosovo,XK,585.01,636.64,22.6,18.63,5,25,5,6,False
2025-05-25 06:00:00,Kosovo,Kosovo,XK,522.17,570.36,30.86,26.16,6,25,5,6,False
2025-05-25 07:00:00,Kosovo,Kosovo,XK,463.28,508.73,38.51,33.29,7,25,5,6,False
2025-05-25 08:00:00,Kosovo,Kosovo,XK,451.42,496.99,39.98,33.77,8,25,5,6,False
2025-05-25 09:00:00,Kosovo,Kosovo,XK,459.32,506.02,38.85,32.1,9,25,5,6,False
2025-05-25 10:00:00,Kosovo,Kosovo,XK,455.21,501.73,39.42,32.27,10,25,5,6,False
2025-05-25 11:00:00,Kosovo,Kosovo,XK,452.25,498.49,39.8,32.89,11,25,5,6,False
2025-05-25 12:00:00,Kosovo,Kosovo,XK,459.36,506.16,38.82,32.05,12,25,5,6,False
2025-05-25 13:00:00,Kosovo,Kosovo,XK,463.29,510.12,38.32,32.07,13,25,5,6,False
2025-05-25 14:00:00,Kosovo,Kosovo,XK,438.14,482.62,41.67,36.61,14,25,5,6,False
2025-05-25 15:00:00,Kosovo,Kosovo,XK,428.47,471.21,43.03,38.85,15,25,5,6,False
2025-05-25 16:00:00,Kosovo,Kosovo,XK,486.23,530.38,35.7,33.84,16,25,5,6,False
2025-05-25 17:00:00,Kosovo,Kosovo,XK,422.62,462.31,43.83,43.53,17,25,5,6,False
2025-05-25 18:00:00,Kosovo,Kosovo,XK,331.23,365.93,55.21,55.08,18,25,5,6,False
2025-05-25 19:00:00,Kosovo,Kosovo,XK,341.71,376.64,53.92,53.77,19,25,5,6,False
2025-05-25 20:00:00,Kosovo,Kosovo,XK,387.19,424.04,48.51,48.1,20,25,5,6,False
2025-05-25 21:00:00,Kosovo,Kosovo,XK,452.06,494.11,39.52,39.01,21,25,5,6,False
2025-05-25 22:00:00,Kosovo,Kosovo,XK,575.17,625.75,23.01,22.62,22,25,5,6,False
2025-05-25 23:00:00,Kosovo,Kosovo,XK,617.44,672.06,16.56,16.55,23,25,5,6,False
2025-05-26 00:00:00,Kosovo,Kosovo,XK,654.89,711.23,12.03,12.03,0,26,5,0,False
2025-05-26 01:00:00,Kosovo,Kosovo,XK,642.03,696.97,14.05,14.05,1,26,5,0,False
2025-05-26 02:00:00,Kosovo,Kosovo,XK,661.53,717.47,11.67,11.67,2,26,5,0,False
2025-05-26 03:00:00,Kosovo,Kosovo,XK,631.61,686.85,14.92,14.91,3,26,5,0,False
2025-05-26 04:00:00,Kosovo,Kosovo,XK,501.04,550.55,30.74,30.73,4,26,5,0,False
2025-05-26 05:00:00,Kosovo,Kosovo,XK,425.13,470.85,40.82,40.82,5,26,5,0,False
2025-05-26 06:00:00,Kosovo,Kosovo,XK,401.47,444.6,45.0,44.96,6,26,5,0,False
2025-05-26 07:00:00,Kosovo,Kosovo,XK,408.99,452.09,44.61,44.61,7,26,5,0,False
2025-05-26 08:00:00,Kosovo,Kosovo,XK,425.27,469.28,42.6,42.6,8,26,5,0,False
2025-05-26 09:00:00,Kosovo,Kosovo,XK,485.6,532.71,34.82,34.82,9,26,5,0,False
2025-05-26 10:00:00,Kosovo,Kosovo,XK,547.83,597.33,27.09,26.9,10,26,5,0,False
2025-05-26 11:00:00,Kosovo,Kosovo,XK,548.83,598.72,26.82,26.72,11,26,5,0,False
2025-05-26 12:00:00,Kosovo,Kosovo,XK,571.55,622.25,24.0,23.83,12,26,5,0,False
2025-05-26 13:00:00,Kosovo,Kosovo,XK,522.45,572.42,29.48,29.15,13,26,5,0,False
2025-05-26 14:00:00,Kosovo,Kosovo,XK,491.14,540.67,32.83,32.59,14,26,5,0,False
2025-05-26 15:00:00,Kosovo,Kosovo,XK,484.55,532.16,33.66,33.38,15,26,5,0,False
2025-05-26 16:00:00,Kosovo,Kosovo,XK,434.64,475.01,42.36,42.26,16,26,5,0,False
2025-05-26 17:00:00,Kosovo,Kosovo,XK,374.97,413.67,48.89,48.88,17,26,5,0,False
2025-05-26 18:00:00,Kosovo,Kosovo,XK,363.16,402.19,49.55,49.41,18,26,5,0,False
2025-05-26 19:00:00,Kosovo,Kosovo,XK,396.31,436.17,46.07,45.87,19,26,5,0,False
2025-05-26 20:00:00,Kosovo,Kosovo,XK,458.18,499.64,39.31,38.99,20,26,5,0,False
2025-05-26 21:00:00,Kosovo,Kosovo,XK,545.5,592.92,27.8,27.29,21,26,5,0,False
2025-05-26 22:00:00,Kosovo,Kosovo,XK,628.5,682.58,16.44,15.32,22,26,5,0,False
2025-05-26 23:00:00,Kosovo,Kosovo,XK,645.01,701.06,13.85,12.3,23,26,5,0,False
2025-05-27 00:00:00,Kosovo,Kosovo,XK,672.54,729.58,10.61,9.5,0,27,5,1,False
2025-05-27 01:00:00,Kosovo,Kosovo,XK,679.18,736.39,9.85,9.14,1,27,5,1,False
2025-05-27 02:00:00,Kosovo,Kosovo,XK,676.1,733.16,10.23,9.41,2,27,5,1,False
2025-05-27 03:00:00,Kosovo,Kosovo,XK,695.44,753.05,7.9,7.36,3,27,5,1,False
2025-05-27 04:00:00,Kosovo,Kosovo,XK,717.3,775.13,5.39,5.35,4,27,5,1,False
2025-05-27 05:00:00,Kosovo,Kosovo,XK,554.24,609.04,23.12,22.86,5,27,5,1,False
2025-05-27 06:00:00,Kosovo,Kosovo,XK,499.62,550.75,31.14,30.96,6,27,5,1,False
2025-05-27 07:00:00,Kosovo,Kosovo,XK,502.35,551.88,31.97,31.5,7,27,5,1,False
2025-05-27 08:00:00,Kosovo,Kosovo,XK,556.68,608.16,25.41,24.51,8,27,5,1,False
2025-05-27 09:00:00,Kosovo,Kosovo,XK,631.95,686.79,16.23,13.57,9,27,5,1,False
2025-05-27 10:00:00,Kosovo,Kosovo,XK,621.97,676.71,17.54,14.1,10,27,5,1,False
2025-05-27 11:00:00,Kosovo,Kosovo,XK,613.88,668.19,18.62,14.97,11,27,5,1,False
2025-05-27 12:00:00,Kosovo,Kosovo,XK,625.18,679.9,17.21,13.75,12,27,5,1,False
2025-05-27 13:00:00,Kosovo,Kosovo,XK,593.62,647.16,21.19,17.5,13,27,5,1,False
2025-05-27 14:00:00,Kosovo,Kosovo,XK,581.57,634.3,22.61,19.31,14,27,5,1,False
2025-05-27 15:00:00,Kosovo,Kosovo,XK,585.74,638.83,21.33,19.61,15,27,5,1,False
2025-05-27 16:00:00,Kosovo,Kosovo,XK,515.46,559.89,32.14,32.1,16,27,5,1,False
2025-05-27 17:00:00,Kosovo,Kosovo,XK,388.22,426.34,47.91,47.88,17,27,5,1,False
2025-05-27 18:00:00,Kosovo,Kosovo,XK,356.12,391.89,52.2,52.18,18,27,5,1,False
2025-05-27 19:00:00,Kosovo,Kosovo,XK,406.52,446.56,44.99,44.93,19,27,5,1,False
2025-05-27 20:00:00,Kosovo,Kosovo,XK,434.95,476.34,41.62,41.49,20,27,5,1,False
2025-05-27 21:00:00,Kosovo,Kosovo,XK,540.59,588.17,28.3,27.49,21,27,5,1,False
2025-05-27 22:00:00,Kosovo,Kosovo,XK,620.79,674.59,17.5,15.86,22,27,5,1,False
2025-05-27 23:00:00,Kosovo,Kosovo,XK,637.22,692.61,15.24,13.15,23,27,5,1,False
2025-05-28 00:00:00,Kosovo,Kosovo,XK,644.7,700.73,14.2,12.12,0,28,5,2,False
2025-05-28 01:00:00,Kosovo,Kosovo,XK,640.72,696.61,14.67,12.54,1,28,5,2,False
2025-05-28 02:00:00,Kosovo,Kosovo,XK,639.0,694.83,14.87,12.5,2,28,5,2,False
2025-05-28 03:00:00,Kosovo,Kosovo,XK,650.62,706.75,13.46,11.82,3,28,5,2,False
2025-05-28 04:00:00,Kosovo,Kosovo,XK,631.32,685.33,16.38,14.96,4,28,5,2,False
2025-05-28 05:00:00,Kosovo,Kosovo,XK,533.8,586.91,26.68,24.82,5,28,5,2,False
2025-05-28 06:00:00,Kosovo,Kosovo,XK,449.3,500.8,36.35,34.99,6,28,5,2,False
2025-05-28 07:00:00,Kosovo,Kosovo,XK,432.98,481.51,39.68,38.8,7,28,5,2,False
2025-05-28 08:00:00,Kosovo,Kosovo,XK,439.45,487.0,39.77,38.75,8,28,5,2,False
2025-05-28 09:00:00,Kosovo,Kosovo,XK,453.54,501.25,38.33,37.02,9,28,5,2,False
2025-05-28 10:00:00,Kosovo,Kosovo,XK,481.76,531.34,34.63,33.09,10,28,5,2,False
2025-05-28 11:00:00,Kosovo,Kosovo,XK,499.92,550.12,32.44,30.6,11,28,5,2,False
2025-05-28 12:00:00,Kosovo,Kosovo,XK,491.48,541.58,33.01,31.85,12,28,5,2,False
2025-05-28 13:00:00,Kosovo,Kosovo,XK,495.35,548.16,30.76,29.92,13,28,5,2,False
2025-05-28 14:00:00,Kosovo,Kosovo,XK,509.62,562.65,28.92,27.91,14,28,5,2,False
2025-05-28 15:00:00,Kosovo,Kosovo,XK,523.74,574.25,28.04,27.8,15,28,5,2,False
2025-05-28 16:00:00,Kosovo,Kosovo,XK,448.75,490.04,40.47,40.34,16,28,5,2,False
2025-05-28 17:00:00,Kosovo,Kosovo,XK,370.7,410.11,49.24,48.92,17,28,5,2,False
2025-05-28 18:00:00,Kosovo,Kosovo,XK,347.33,384.76,52.36,51.98,18,28,5,2,False
2025-05-28 19:00:00,Kosovo,Kosovo,XK,386.35,425.4,47.47,47.23,19,28,5,2,False
2025-05-28 20:00:00,Kosovo,Kosovo,XK,501.41,546.31,33.42,32.64,20,28,5,2,False
2025-05-28 21:00:00,Kosovo,Kosovo,XK,531.85,580.87,28.48,27.04,21,28,5,2,False
2025-05-28 22:00:00,Kosovo,Kosovo,XK,573.64,626.88,22.21,20.42,22,28,5,2,False
2025-05-28 23:00:00,Kosovo,Kosovo,XK,624.12,680.01,15.98,14.21,23,28,5,2,False
2025-05-29 00:00:00,Kosovo,Kosovo,XK,656.88,714.73,11.73,10.03,0,29,5,3,False
2025-05-29 01:00:00,Kosovo,Kosovo,XK,670.1,728.82,9.8,8.7,1,29,5,3,False
2025-05-29 02:00:00,Kosovo,Kosovo,XK,684.41,741.75,9.24,8.31,2,29,5,3,False
2025-05-29 03:00:00,Kosovo,Kosovo,XK,677.14,733.96,10.19,9.29,3,29,5,3,False
2025-05-29 04:00:00,Kosovo,Kosovo,XK,632.56,689.19,14.36,13.88,4,29,5,3,False
2025-05-29 05:00:00,Kosovo,Kosovo,XK,494.57,547.21,30.43,29.61,5,29,5,3,False
2025-05-29 06:00:00,Kosovo,Kosovo,XK,425.31,475.81,38.86,38.73,6,29,5,3,False
2025-05-29 07:00:00,Kosovo,Kosovo,XK,399.33,447.32,43.35,43.14,7,29,5,3,False
2025-05-29 08:00:00,Kosovo,Kosovo,XK,448.37,495.19,38.96,38.71,8,29,5,3,False
2025-05-29 09:00:00,Kosovo,Kosovo,XK,446.75,490.59,40.42,39.07,9,29,5,3,False
2025-05-29 10:00:00,Kosovo,Kosovo,XK,479.74,525.02,36.21,34.79,10,29,5,3,False
2025-05-29 11:00:00,Kosovo,Kosovo,XK,472.63,516.57,37.46,35.79,11,29,5,3,False
2025-05-29 12:00:00,Kosovo,Kosovo,XK,461.11,504.32,39.05,36.9,12,29,5,3,False
2025-05-29 13:00:00,Kosovo,Kosovo,XK,455.24,497.91,39.89,37.74,13,29,5,3,False
2025-05-29 14:00:00,Kosovo,Kosovo,XK,421.38,461.73,44.33,42.21,14,29,5,3,False
2025-05-29 15:00:00,Kosovo,Kosovo,XK,406.66,445.78,46.23,44.53,15,29,5,3,False
2025-05-29 16:00:00,Kosovo,Kosovo,XK,399.12,436.9,47.33,46.55,16,29,5,3,False
2025-05-29 17:00:00,Kosovo,Kosovo,XK,352.95,387.88,53.11,52.94,17,29,5,3,False
2025-05-29 18:00:00,Kosovo,Kosovo,XK,333.51,368.22,55.12,54.97,18,29,5,3,False
2025-05-29 19:00:00,Kosovo,Kosovo,XK,385.18,422.37,48.67,48.48,19,29,5,3,False
2025-05-29 20:00:00,Kosovo,Kosovo,XK,495.02,543.02,31.87,31.85,20,29,5,3,False
2025-05-29 21:00:00,Kosovo,Kosovo,XK,558.26,607.7,25.46,24.88,21,29,5,3,False
2025-05-29 22:00:00,Kosovo,Kosovo,XK,616.36,669.15,18.24,17.17,22,29,5,3,False
2025-05-29 23:00:00,Kosovo,Kosovo,XK,670.8,726.96,11.22,9.87,23,29,5,3,False
2025-05-30 00:00:00,Kosovo,Kosovo,XK,676.56,733.25,10.43,8.9,0,30,5,4,False
2025-05-30 01:00:00,Kosovo,Kosovo,XK,705.96,764.13,6.58,5.81,1,30,5,4,False
2025-05-30 02:00:00,Kosovo,Kosovo,XK,724.8,783.6,4.26,3.98,2,30,5,4,False
2025-05-30 03:00:00,Kosovo,Kosovo,XK,757.46,817.36,0.3,0.3,3,30,5,4,False
2025-05-30 04:00:00,Kosovo,Kosovo,XK,671.11,727.04,10.85,10.85,4,30,5,4,False
2025-05-30 05:00:00,Kosovo,Kosovo,XK,574.05,625.64,22.81,22.81,5,30,5,4,False
2025-05-30 06:00:00,Kosovo,Kosovo,XK,530.57,580.0,28.46,28.41,6,30,5,4,False
2025-05-30 07:00:00,Kosovo,Kosovo,XK,569.67,619.79,24.38,24.07,7,30,5,4,False
2025-05-30 08:00:00,Kosovo,Kosovo,XK,529.9,576.98,30.17,29.02,8,30,5,4,False
2025-05-30 09:00:00,Kosovo,Kosovo,XK,536.72,585.17,29.19,26.55,9,30,5,4,False
2025-05-30 10:00:00,Kosovo,Kosovo,XK,572.49,622.99,24.48,22.06,10,30,5,4,False
2025-05-30 11:00:00,Kosovo,Kosovo,XK,610.98,664.35,19.31,16.54,11,30,5,4,False
2025-05-30 12:00:00,Kosovo,Kosovo,XK,610.33,663.47,19.39,16.74,12,30,5,4,False
2025-05-30 13:00:00,Kosovo,Kosovo,XK,658.54,713.84,13.1,11.56,13,30,5,4,False
2025-05-30 14:00:00,Kosovo,Kosovo,XK,662.82,717.56,12.56,12.12,14,30,5,4,False
2025-05-30 15:00:00,Kosovo,Kosovo,XK,616.27,668.32,18.37,18.36,15,30,5,4,False
2025-05-30 16:00:00,Kosovo,Kosovo,XK,587.22,637.53,21.92,21.88,16,30,5,4,False
2025-05-30 17:00:00,Kosovo,Kosovo,XK,495.03,542.47,31.9,31.71,17,30,5,4,False
2025-05-30 18:00:00,Kosovo,Kosovo,XK,472.45,517.8,35.29,35.12,18,30,5,4,False
2025-05-30 19:00:00,Kosovo,Kosovo,XK,479.37,526.23,33.68,33.47,19,30,5,4,False
2025-05-30 20:00:00,Kosovo,Kosovo,XK,535.37,586.29,26.03,25.6,20,30,5,4,False
2025-05-30 21:00:00,Kosovo,Kosovo,XK,570.47,624.77,21.21,20.79,21,30,5,4,False
2025-05-30 22:00:00,Kosovo,Kosovo,XK,565.67,622.18,20.6,20.15,22,30,5,4,False
2025-05-30 23:00:00,Kosovo,Kosovo,XK,588.93,646.54,17.77,17.35,23,30,5,4,False
2025-05-31 00:00:00,Kosovo,Kosovo,XK,594.04,652.12,16.96,16.85,0,31,5,5,False
2025-05-31 01:00:00,Kosovo,Kosovo,XK,578.42,635.55,18.96,18.88,1,31,5,5,False
2025-05-31 02:00:00,Kosovo,Kosovo,XK,574.55,631.45,19.52,19.41,2,31,5,5,False
2025-05-31 03:00:00,Kosovo,Kosovo,XK,581.48,638.76,18.64,18.54,3,31,5,5,False
2025-05-31 04:00:00,Kosovo,Kosovo,XK,613.45,669.44,16.36,16.21,4,31,5,5,False
2025-05-31 05:00:00,Kosovo,Kosovo,XK,602.43,657.26,18.27,18.13,5,31,5,5,False
2025-05-31 06:00:00,Kosovo,Kosovo,XK,558.07,610.57,24.41,23.81,6,31,5,5,False
2025-05-31 07:00:00,Kosovo,Kosovo,XK,655.41,709.46,13.63,13.49,7,31,5,5,False
2025-05-31 08:00:00,Kosovo,Kosovo,XK,616.9,669.86,18.68,16.36,8,31,5,5,False
2025-05-31 09:00:00,Kosovo,Kosovo,XK,610.26,663.4,19.52,16.53,9,31,5,5,False
2025-05-31 10:00:00,Kosovo,Kosovo,XK,629.12,683.67,17.0,13.59,10,31,5,5,False
2025-05-31 11:00:00,Kosovo,Kosovo,XK,598.92,652.07,20.96,16.81,11,31,5,5,False
2025-05-31 12:00:00,Kosovo,Kosovo,XK,589.63,642.6,22.14,17.26,12,31,5,5,False
2025-05-31 13:00:00,Kosovo,Kosovo,XK,582.65,635.62,22.96,17.83,13,31,5,5,False
2025-05-31 14:00:00,Kosovo,Kosovo,XK,582.23,634.26,23.02,19.05,14,31,5,5,False
2025-05-31 15:00:00,Kosovo,Kosovo,XK,646.87,701.11,14.36,13.99,15,31,5,5,False
2025-05-31 16:00:00,Kosovo,Kosovo,XK,617.95,672.01,16.91,16.59,16,31,5,5,False
2025-05-31 17:00:00,Kosovo,Kosovo,XK,500.48,550.11,29.98,29.72,17,31,5,5,False
2025-05-31 18:00:00,Kosovo,Kosovo,XK,441.03,486.79,38.0,37.78,18,31,5,5,False
2025-05-31 19:00:00,Kosovo,Kosovo,XK,461.81,509.22,34.92,34.67,19,31,5,5,False
2025-05-31 20:00:00,Kosovo,Kosovo,XK,525.35,576.52,26.64,26.37,20,31,5,5,False
2025-05-31 21:00:00,Kosovo,Kosovo,XK,591.21,645.21,19.34,19.3,21,31,5,5,False
2025-05-31 22:00:00,Kosovo,Kosovo,XK,703.2,760.35,7.21,6.7,22,31,5,5,False
2025-05-31 23:00:00,Kosovo,Kosovo,XK,713.59,771.62,5.87,4.86,23,31,5,5,False
2025-06-01 00:00:00,Kosovo,Kosovo,XK,724.0,782.59,4.54,3.62,0,1,6,6,False
2025-06-01 01:00:00,Kosovo,Kosovo,XK,681.39,737.91,10.06,7.86,1,1,6,6,False
2025-06-01 02:00:00,Kosovo,Kosovo,XK,704.98,762.78,6.96,5.55,2,1,6,6,False
2025-06-01 03:00:00,Kosovo,Kosovo,XK,724.75,783.56,4.41,3.47,3,1,6,6,False
2025-06-01 04:00:00,Kosovo,Kosovo,XK,685.01,741.67,9.85,7.6,4,1,6,6,False
2025-06-01 05:00:00,Kosovo,Kosovo,XK,657.41,712.7,13.6,10.74,5,1,6,6,False
2025-06-01 06:00:00,Kosovo,Kosovo,XK,670.51,726.7,11.69,9.37,6,1,6,6,False
2025-06-01 07:00:00,Kosovo,Kosovo,XK,684.83,742.12,9.63,7.21,7,1,6,6,False
2025-06-01 08:00:00,Kosovo,Kosovo,XK,626.91,681.96,17.15,12.72,8,1,6,6,False
2025-06-01 09:00:00,Kosovo,Kosovo,XK,616.55,671.27,18.5,14.07,9,1,6,6,False
2025-06-01 10:00:00,Kosovo,Kosovo,XK,599.26,653.3,20.71,15.75,10,1,6,6,False
2025-06-01 11:00:00,Kosovo,Kosovo,XK,600.33,654.44,20.59,15.33,11,1,6,6,False
2025-06-01 12:00:00,Kosovo,Kosovo,XK,588.76,642.42,22.08,16.34,12,1,6,6,False
2025-06-01 13:00:00,Kosovo,Kosovo,XK,583.17,636.56,22.82,16.68,13,1,6,6,False
2025-06-01 14:00:00,Kosovo,Kosovo,XK,577.26,630.41,23.48,17.26,14,1,6,6,False
2025-06-01 15:00:00,Kosovo,Kosovo,XK,642.31,697.01,15.09,12.69,15,1,6,6,False
2025-06-01 16:00:00,Kosovo,Kosovo,XK,642.27,696.1,15.07,14.2,16,1,6,6,False
2025-06-01 17:00:00,Kosovo,Kosovo,XK,564.9,613.02,25.3,25.28,17,1,6,6,False
2025-06-01 18:00:00,Kosovo,Kosovo,XK,467.92,512.86,36.55,36.34,18,1,6,6,False
2025-06-01 19:00:00,Kosovo,Kosovo,XK,483.95,529.0,34.81,34.66,19,1,6,6,False
2025-06-01 20:00:00,Kosovo,Kosovo,XK,550.73,598.66,27.11,25.76,20,1,6,6,False
2025-06-01 21:00:00,Kosovo,Kosovo,XK,592.35,644.17,21.26,18.82,21,1,6,6,False
2025-06-01 22:00:00,Kosovo,Kosovo,XK,608.9,662.52,18.92,15.51,22,1,6,6,False
2025-06-01 23:00:00,Kosovo,Kosovo,XK,643.9,699.67,14.29,11.4,23,1,6,6,False
2025-06-02 00:00:00,Kosovo,Kosovo,XK,654.34,710.88,12.9,9.87,0,2,6,0,False
2025-06-02 01:00:00,Kosovo,Kosovo,XK,666.3,723.5,11.34,8.68,1,2,6,0,False
2025-06-02 02:00:00,Kosovo,Kosovo,XK,680.39,738.01,9.62,7.62,2,2,6,0,False
2025-06-02 03:00:00,Kosovo,Kosovo,XK,669.47,726.28,11.09,9.15,3,2,6,0,False
2025-06-02 04:00:00,Kosovo,Kosovo,XK,708.37,766.39,6.3,5.9,4,2,6,0,False
2025-06-02 05:00:00,Kosovo,Kosovo,XK,704.82,763.52,6.54,5.69,5,2,6,0,False
2025-06-02 06:00:00,Kosovo,Kosovo,XK,569.12,625.96,21.72,20.78,6,2,6,0,False
2025-06-02 07:00:00,Kosovo,Kosovo,XK,551.72,605.1,25.81,24.51,7,2,6,0,False
2025-06-02 08:00:00,Kosovo,Kosovo,XK,553.97,606.74,25.99,24.41,8,2,6,0,False
2025-06-02 09:00:00,Kosovo,Kosovo,XK,576.52,630.07,23.18,21.52,9,2,6,0,False
2025-06-02 10:00:00,Kosovo,Kosovo,XK,641.03,696.41,15.5,13.33,10,2,6,0,False
2025-06-02 11:00:00,Kosovo,Kosovo,XK,625.19,680.98,16.72,15.29,11,2,6,0,False
2025-06-02 12:00:00,Kosovo,Kosovo,XK,666.67,723.28,11.85,10.34,12,2,6,0,False
2025-06-02 13:00:00,Kosovo,Kosovo,XK,663.06,718.98,12.74,10.68,13,2,6,0,False
2025-06-02 14:00:00,Kosovo,Kosovo,XK,695.42,752.64,8.45,7.02,14,2,6,0,False
2025-06-02 15:00:00,Kosovo,Kosovo,XK,586.58,639.44,21.45,21.1,15,2,6,0,False
2025-06-02 16:00:00,Kosovo,Kosovo,XK,485.56,535.05,33.09,33.06,16,2,6,0,False
2025-06-02 17:00:00,Kosovo,Kosovo,XK,437.14,484.09,38.72,38.39,17,2,6,0,False
2025-06-02 18:00:00,Kosovo,Kosovo,XK,408.41,453.28,42.49,41.95,18,2,6,0,False
2025-06-02 19:00:00,Kosovo,Kosovo,XK,414.64,460.4,41.41,40.95,19,2,6,0,False
2025-06-02 20:00:00,Kosovo,Kosovo,XK,488.72,540.45,31.12,30.6,20,2,6,0,False
2025-06-02 21:00:00,Kosovo,Kosovo,XK,567.08,621.23,22.3,21.86,21,2,6,0,False
2025-06-02 22:00:00,Kosovo,Kosovo,XK,724.89,783.04,4.5,4.22,22,2,6,0,False
2025-06-02 23:00:00,Kosovo,Kosovo,XK,711.77,769.4,6.15,5.52,23,2,6,0,False
2025-06-03 00:00:00,Kosovo,Kosovo,XK,735.63,794.43,3.12,2.75,0,3,6,1,False
2025-06-03 01:00:00,Kosovo,Kosovo,XK,725.6,783.91,4.41,3.89,1,3,6,1,False
2025-06-03 02:00:00,Kosovo,Kosovo,XK,704.47,761.78,7.1,6.19,2,3,6,1,False
2025-06-03 03:00:00,Kosovo,Kosovo,XK,702.79,759.9,7.34,6.62,3,3,6,1,False
2025-06-03 04:00:00,Kosovo,Kosovo,XK,745.06,805.37,1.31,1.14,4,3,6,1,False
2025-06-03 05:00:00,Kosovo,Kosovo,XK,613.54,673.46,15.02,14.0,5,3,6,1,False
2025-06-03 06:00:00,Kosovo,Kosovo,XK,551.12,606.26,24.62,22.99,6,3,6,1,False
2025-06-03 07:00:00,Kosovo,Kosovo,XK,525.56,578.67,28.85,26.88,7,3,6,1,False
2025-06-03 08:00:00,Kosovo,Kosovo,XK,586.24,640.77,21.67,20.03,8,3,6,1,False
2025-06-03 09:00:00,Kosovo,Kosovo,XK,649.31,705.35,14.34,11.51,9,3,6,1,False
2025-06-03 10:00:00,Kosovo,Kosovo,XK,651.53,707.71,13.94,11.14,10,3,6,1,False
2025-06-03 11:00:00,Kosovo,Kosovo,XK,652.77,709.12,13.66,10.88,11,3,6,1,False
2025-06-03 12:00:00,Kosovo,Kosovo,XK,661.48,718.26,12.42,9.87,12,3,6,1,False
2025-06-03 13:00:00,Kosovo,Kosovo,XK,668.49,725.45,11.59,9.13,13,3,6,1,False
2025-06-03 14:00:00,Kosovo,Kosovo,XK,688.58,745.98,9.23,7.22,14,3,6,1,False
2025-06-03 15:00:00,Kosovo,Kosovo,XK,673.87,729.95,10.9,10.03,15,3,6,1,False
2025-06-03 16:00:00,Kosovo,Kosovo,XK,555.8,606.14,25.38,25.14,16,3,6,1,False
2025-06-03 17:00:00,Kosovo,Kosovo,XK,459.43,508.51,35.22,35.07,17,3,6,1,False
2025-06-03 18:00:00,Kosovo,Kosovo,XK,443.48,488.47,38.79,38.65,18,3,6,1,False
2025-06-03 19:00:00,Kosovo,Kosovo,XK,476.72,523.51,34.62,34.48,19,3,6,1,False
2025-06-03 20:00:00,Kosovo,Kosovo,XK,528.49,578.8,27.86,27.64,20,3,6,1,False
2025-06-03 21:00:00,Kosovo,Kosovo,XK,583.47,637.39,20.87,20.14,21,3,6,1,False
2025-06-03 22:00:00,Kosovo,Kosovo,XK,627.99,683.2,16.08,13.86,22,3,6,1,False
2025-06-03 23:00:00,Kosovo,Kosovo,XK,665.14,722.78,11.21,9.02,23,3,6,1,False
2025-06-04 00:00:00,Kosovo,Kosovo,XK,665.3,723.15,11.21,8.57,0,4,6,2,False
2025-06-04 01:00:00,Kosovo,Kosovo,XK,672.7,730.85,10.28,7.92,1,4,6,2,False
2025-06-04 02:00:00,Kosovo,Kosovo,XK,674.47,732.53,10.09,8.04,2,4,6,2,False
2025-06-04 03:00:00,Kosovo,Kosovo,XK,679.08,737.04,9.56,8.2,3,4,6,2,False
2025-06-04 04:00:00,Kosovo,Kosovo,XK,656.69,712.93,12.65,11.58,4,4,6,2,False
2025-06-04 05:00:00,Kosovo,Kosovo,XK,598.34,652.52,19.86,17.67,5,4,6,2,False
2025-06-04 06:00:00,Kosovo,Kosovo,XK,534.89,592.08,24.75,23.6,6,4,6,2,False
2025-06-04 07:00:00,Kosovo,Kosovo,XK,536.87,590.07,27.54,25.37,7,4,6,2,False
2025-06-04 08:00:00,Kosovo,Kosovo,XK,615.26,669.98,18.53,15.91,8,4,6,2,False
2025-06-04 09:00:00,Kosovo,Kosovo,XK,609.39,664.14,19.32,16.0,9,4,6,2,False
2025-06-04 10:00:00,Kosovo,Kosovo,XK,621.01,676.45,17.7,14.31,10,4,6,2,False
2025-06-04 11:00:00,Kosovo,Kosovo,XK,637.88,693.94,15.47,12.58,11,4,6,2,False
2025-06-04 12:00:00,Kosovo,Kosovo,XK,626.57,681.67,17.0,13.94,12,4,6,2,False
2025-06-04 13:00:00,Kosovo,Kosovo,XK,672.44,729.33,11.0,9.46,13,4,6,2,False
2025-06-04 14:00:00,Kosovo,Kosovo,XK,619.43,676.53,15.86,15.42,14,4,6,2,False
2025-06-04 15:00:00,Kosovo,Kosovo,XK,599.48,650.55,20.76,20.01,15,4,6,2,False
2025-06-04 16:00:00,Kosovo,Kosovo,XK,457.19,505.85,35.97,35.95,16,4,6,2,False
2025-06-04 17:00:00,Kosovo,Kosovo,XK,441.86,490.6,37.26,37.1,17,4,6,2,False
2025-06-04 18:00:00,Kosovo,Kosovo,XK,415.49,461.72,40.96,40.65,18,4,6,2,False
2025-06-04 19:00:00,Kosovo,Kosovo,XK,441.82,490.43,37.23,36.92,19,4,6,2,False
2025-06-04 20:00:00,Kosovo,Kosovo,XK,504.13,557.44,28.79,28.35,20,4,6,2,False
2025-06-04 21:00:00,Kosovo,Kosovo,XK,569.29,622.32,22.61,22.06,21,4,6,2,False
2025-06-04 22:00:00,Kosovo,Kosovo,XK,660.56,715.84,12.49,11.81,22,4,6,2,False
2025-06-04 23:00:00,Kosovo,Kosovo,XK,662.98,719.14,11.89,10.89,23,4,6,2,False
2025-06-05 00:00:00,Kosovo,Kosovo,XK,677.84,735.01,9.91,8.97,0,5,6,3,False
2025-06-05 01:00:00,Kosovo,Kosovo,XK,696.74,754.71,7.58,6.88,1,5,6,3,False
2025-06-05 02:00:00,Kosovo,Kosovo,XK,700.5,758.67,7.09,6.51,2,5,6,3,False
2025-06-05 03:00:00,Kosovo,Kosovo,XK,696.24,754.16,7.65,7.06,3,5,6,3,False
2025-06-05 04:00:00,Kosovo,Kosovo,XK,685.85,742.66,9.32,8.58,4,5,6,3,False
2025-06-05 05:00:00,Kosovo,Kosovo,XK,622.63,678.16,16.39,15.09,5,5,6,3,False
2025-06-05 06:00:00,Kosovo,Kosovo,XK,544.5,597.5,26.14,24.37,6,5,6,3,False
2025-06-05 07:00:00,Kosovo,Kosovo,XK,493.7,545.65,32.63,30.3,7,5,6,3,False
2025-06-05 08:00:00,Kosovo,Kosovo,XK,483.58,533.91,34.72,32.56,8,5,6,3,False
2025-06-05 09:00:00,Kosovo,Kosovo,XK,536.35,587.43,29.06,25.01,9,5,6,3,False
2025-06-05 10:00:00,Kosovo,Kosovo,XK,551.87,603.75,26.85,23.33,10,5,6,3,False
2025-06-05 11:00:00,Kosovo,Kosovo,XK,582.41,635.8,22.7,19.4,11,5,6,3,False
2025-06-05 12:00:00,Kosovo,Kosovo,XK,607.98,662.87,18.95,16.79,12,5,6,3,False
2025-06-05 13:00:00,Kosovo,Kosovo,XK,588.05,642.87,20.95,18.71,13,5,6,3,False
2025-06-05 14:00:00,Kosovo,Kosovo,XK,584.73,639.31,20.61,19.68,14,5,6,3,False
2025-06-05 15:00:00,Kosovo,Kosovo,XK,576.48,627.35,22.84,22.44,15,5,6,3,False
2025-06-05 16:00:00,Kosovo,Kosovo,XK,464.53,512.39,35.79,35.54,16,5,6,3,False
2025-06-05 17:00:00,Kosovo,Kosovo,XK,448.68,497.14,36.5,36.22,17,5,6,3,False
2025-06-05 18:00:00,Kosovo,Kosovo,XK,436.81,483.65,38.44,38.15,18,5,6,3,False
2025-06-05 19:00:00,Kosovo,Kosovo,XK,459.21,507.66,35.52,35.24,19,5,6,3,False
2025-06-05 20:00:00,Kosovo,Kosovo,XK,506.14,556.64,29.88,29.52,20,5,6,3,False
2025-06-05 21:00:00,Kosovo,Kosovo,XK,589.87,640.64,21.46,20.89,21,5,6,3,False
2025-06-05 22:00:00,Kosovo,Kosovo,XK,679.56,736.17,9.81,8.77,22,5,6,3,False
2025-06-05 23:00:00,Kosovo,Kosovo,XK,687.13,745.36,8.68,7.13,23,5,6,3,False
2025-06-06 00:00:00,Kosovo,Kosovo,XK,702.2,761.18,6.77,5.42,0,6,6,4,False
2025-06-06 01:00:00,Kosovo,Kosovo,XK,706.87,765.94,6.21,5.1,1,6,6,4,False
2025-06-06 02:00:00,Kosovo,Kosovo,XK,711.15,770.32,5.69,4.76,2,6,6,4,False
2025-06-06 03:00:00,Kosovo,Kosovo,XK,701.22,760.08,6.89,5.87,3,6,6,4,False
2025-06-06 04:00:00,Kosovo,Kosovo,XK,638.64,695.6,13.74,12.72,4,6,6,4,False
2025-06-06 05:00:00,Kosovo,Kosovo,XK,583.94,640.07,19.76,18.87,5,6,6,4,False
2025-06-06 06:00:00,Kosovo,Kosovo,XK,543.3,596.18,26.46,24.53,6,6,6,4,False
2025-06-06 07:00:00,Kosovo,Kosovo,XK,584.22,637.53,21.92,20.13,7,6,6,4,False
2025-06-06 08:00:00,Kosovo,Kosovo,XK,656.51,711.86,13.12,11.43,8,6,6,4,False
2025-06-06 09:00:00,Kosovo,Kosovo,XK,644.65,699.86,14.73,12.74,9,6,6,4,False
2025-06-06 10:00:00,Kosovo,Kosovo,XK,623.06,677.32,17.62,15.21,10,6,6,4,False
2025-06-06 11:00:00,Kosovo,Kosovo,XK,623.27,677.08,17.72,15.26,11,6,6,4,False
2025-06-06 12:00:00,Kosovo,Kosovo,XK,650.62,705.67,14.1,11.89,12,6,6,4,False
2025-06-06 13:00:00,Kosovo,Kosovo,XK,726.74,785.21,4.22,3.65,13,6,6,4,False
2025-06-06 14:00:00,Kosovo,Kosovo,XK,743.26,802.97,1.82,1.75,14,6,6,4,False
2025-06-06 15:00:00,Kosovo,Kosovo,XK,661.21,715.86,12.56,12.29,15,6,6,4,False
2025-06-06 16:00:00,Kosovo,Kosovo,XK,520.96,570.78,29.1,28.99,16,6,6,4,False
2025-06-06 17:00:00,Kosovo,Kosovo,XK,479.17,528.55,33.35,33.1,17,6,6,4,False
2025-06-06 18:00:00,Kosovo,Kosovo,XK,465.8,513.91,35.15,34.82,18,6,6,4,False
2025-06-06 19:00:00,Kosovo,Kosovo,XK,501.99,549.88,31.73,31.5,19,6,6,4,False
2025-06-06 20:00:00,Kosovo,Kosovo,XK,644.32,696.91,15.16,15.15,20,6,6,4,False
2025-06-06 21:00:00,Kosovo,Kosovo,XK,642.35,695.83,14.95,14.23,21,6,6,4,False
2025-06-06 22:00:00,Kosovo,Kosovo,XK,705.51,762.98,6.68,6.15,22,6,6,4,False
2025-06-06 23:00:00,Kosovo,Kosovo,XK,694.17,751.65,7.93,6.7,23,6,6,4,False
2025-06-07 00:00:00,Kosovo,Kosovo,XK,688.5,746.32,8.69,7.36,0,7,6,5,False
2025-06-07 01:00:00,Kosovo,Kosovo,XK,687.63,745.28,8.81,7.67,1,7,6,5,False
2025-06-07 02:00:00,Kosovo,Kosovo,XK,677.25,734.49,10.12,8.82,2,7,6,5,False
2025-06-07 03:00:00,Kosovo,Kosovo,XK,684.07,741.62,9.23,7.9,3,7,6,5,False
2025-06-07 04:00:00,Kosovo,Kosovo,XK,657.26,712.99,12.95,11.27,4,7,6,5,False
2025-06-07 05:00:00,Kosovo,Kosovo,XK,622.68,677.44,17.11,14.77,5,7,6,5,False
2025-06-07 06:00:00,Kosovo,Kosovo,XK,559.38,612.24,25.0,22.35,6,7,6,5,False
2025-06-07 07:00:00,Kosovo,Kosovo,XK,565.4,617.81,24.77,22.3,7,7,6,5,False
2025-06-07 08:00:00,Kosovo,Kosovo,XK,579.16,632.37,23.07,20.63,8,7,6,5,False
2025-06-07 09:00:00,Kosovo,Kosovo,XK,648.33,704.49,14.29,11.69,9,7,6,5,False
2025-06-07 10:00:00,Kosovo,Kosovo,XK,607.12,661.7,19.55,15.75,10,7,6,5,False
2025-06-07 11:00:00,Kosovo,Kosovo,XK,595.85,649.89,20.95,16.91,11,7,6,5,False
2025-06-07 12:00:00,Kosovo,Kosovo,XK,585.91,639.64,22.22,17.67,12,7,6,5,False
2025-06-07 13:00:00,Kosovo,Kosovo,XK,570.25,623.21,24.21,19.32,13,7,6,5,False
2025-06-07 14:00:00,Kosovo,Kosovo,XK,588.33,641.2,21.91,17.89,14,7,6,5,False
2025-06-07 15:00:00,Kosovo,Kosovo,XK,674.83,730.86,10.75,9.46,15,7,6,5,False
2025-06-07 16:00:00,Kosovo,Kosovo,XK,575.85,628.56,21.85,21.62,16,7,6,5,False
2025-06-07 17:00:00,Kosovo,Kosovo,XK,502.42,551.39,31.01,30.65,17,7,6,5,False
2025-06-07 18:00:00,Kosovo,Kosovo,XK,517.05,566.56,28.84,28.67,18,7,6,5,False
2025-06-07 19:00:00,Kosovo,Kosovo,XK,540.51,591.25,25.94,25.8,19,7,6,5,False
2025-06-07 20:00:00,Kosovo,Kosovo,XK,554.54,604.88,25.36,24.99,20,7,6,5,False
2025-06-07 21:00:00,Kosovo,Kosovo,XK,686.54,743.32,9.18,8.2,21,7,6,5,False
2025-06-07 22:00:00,Kosovo,Kosovo,XK,644.92,699.85,14.64,12.07,22,7,6,5,False
2025-06-07 23:00:00,Kosovo,Kosovo,XK,625.81,680.19,17.13,13.25,23,7,6,5,False
2025-06-08 00:00:00,Kosovo,Kosovo,XK,629.01,683.7,16.76,12.7,0,8,6,6,False
2025-06-08 01:00:00,Kosovo,Kosovo,XK,626.88,681.57,17.04,12.79,1,8,6,6,False
2025-06-08 02:00:00,Kosovo,Kosovo,XK,640.52,696.03,15.22,11.36,2,8,6,6,False
2025-06-08 03:00:00,Kosovo,Kosovo,XK,647.99,703.93,14.23,10.45,3,8,6,6,False
2025-06-08 04:00:00,Kosovo,Kosovo,XK,642.78,698.34,14.9,11.7,4,8,6,6,False
2025-06-08 05:00:00,Kosovo,Kosovo,XK,631.09,686.22,16.5,12.64,5,8,6,6,False
2025-06-08 06:00:00,Kosovo,Kosovo,XK,575.57,628.12,23.83,18.51,6,8,6,6,False
2025-06-08 07:00:00,Kosovo,Kosovo,XK,575.49,628.14,23.83,18.71,7,8,6,6,False
2025-06-08 08:00:00,Kosovo,Kosovo,XK,557.93,610.14,26.12,20.35,8,8,6,6,False
2025-06-08 09:00:00,Kosovo,Kosovo,XK,545.04,596.48,27.8,22.28,9,8,6,6,False
2025-06-08 10:00:00,Kosovo,Kosovo,XK,528.48,579.43,29.97,23.8,10,8,6,6,False
2025-06-08 11:00:00,Kosovo,Kosovo,XK,526.5,577.47,30.2,23.89,11,8,6,6,False
2025-06-08 12:00:00,Kosovo,Kosovo,XK,518.05,568.46,31.26,24.92,12,8,6,6,False
2025-06-08 13:00:00,Kosovo,Kosovo,XK,535.24,586.24,28.98,23.51,13,8,6,6,False
2025-06-08 14:00:00,Kosovo,Kosovo,XK,555.81,607.37,26.39,21.54,14,8,6,6,False
2025-06-08 15:00:00,Kosovo,Kosovo,XK,623.87,677.39,17.63,15.71,15,8,6,6,False
2025-06-08 16:00:00,Kosovo,Kosovo,XK,531.54,580.94,28.78,28.02,16,8,6,6,False
2025-06-08 17:00:00,Kosovo,Kosovo,XK,499.14,547.12,32.24,31.73,17,8,6,6,False
2025-06-08 18:00:00,Kosovo,Kosovo,XK,468.62,515.03,35.94,35.32,18,8,6,6,False
2025-06-08 19:00:00,Kosovo,Kosovo,XK,580.96,630.31,23.12,22.7,19,8,6,6,False
2025-06-08 20:00:00,Kosovo,Kosovo,XK,611.43,663.16,19.08,17.91,20,8,6,6,False
2025-06-08 21:00:00,Kosovo,Kosovo,XK,568.18,618.5,24.68,21.83,21,8,6,6,False
2025-06-08 22:00:00,Kosovo,Kosovo,XK,644.55,699.11,14.78,12.7,22,8,6,6,False
2025-06-08 23:00:00,Kosovo,Kosovo,XK,622.65,676.51,17.59,14.47,23,8,6,6,False
2025-06-09 00:00:00,Kosovo,Kosovo,XK,588.43,640.87,21.99,17.67,0,9,6,0,False
2025-06-09 01:00:00,Kosovo,Kosovo,XK,580.86,632.89,22.97,18.65,1,9,6,0,False
2025-06-09 02:00:00,Kosovo,Kosovo,XK,585.98,638.15,22.35,18.23,2,9,6,0,False
2025-06-09 03:00:00,Kosovo,Kosovo,XK,617.42,670.76,18.36,15.47,3,9,6,0,False
2025-06-09 04:00:00,Kosovo,Kosovo,XK,661.44,716.51,12.73,11.4,4,9,6,0,False
2025-06-09 05:00:00,Kosovo,Kosovo,XK,731.01,789.72,3.7,3.3,5,9,6,0,False
2025-06-09 06:00:00,Kosovo,Kosovo,XK,652.92,707.91,13.84,12.04,6,9,6,0,False
2025-06-09 07:00:00,Kosovo,Kosovo,XK,621.11,674.96,17.95,15.33,7,9,6,0,False
2025-06-09 08:00:00,Kosovo,Kosovo,XK,589.6,642.12,22.03,18.95,8,9,6,0,False
2025-06-09 09:00:00,Kosovo,Kosovo,XK,598.14,651.32,20.91,17.66,9,9,6,0,False
2025-06-09 10:00:00,Kosovo,Kosovo,XK,570.94,622.97,24.41,20.7,10,9,6,0,False
2025-06-09 11:00:00,Kosovo,Kosovo,XK,558.69,610.21,25.98,22.12,11,9,6,0,False
2025-06-09 12:00:00,Kosovo,Kosovo,XK,534.67,585.31,29.09,24.24,12,9,6,0,False
2025-06-09 13:00:00,Kosovo,Kosovo,XK,530.44,580.81,29.58,25.07,13,9,6,0,False
2025-06-09 14:00:00,Kosovo,Kosovo,XK,535.42,585.84,28.95,24.39,14,9,6,0,False
2025-06-09 15:00:00,Kosovo,Kosovo,XK,551.56,601.9,26.78,23.55,15,9,6,0,False
2025-06-09 16:00:00,Kosovo,Kosovo,XK,602.76,654.26,20.21,19.36,16,9,6,0,False
2025-06-09 17:00:00,Kosovo,Kosovo,XK,596.96,649.33,19.67,19.6,17,9,6,0,False
2025-06-09 18:00:00,Kosovo,Kosovo,XK,556.0,605.67,25.1,25.04,18,9,6,0,False
2025-06-09 19:00:00,Kosovo,Kosovo,XK,575.05,626.24,22.44,22.3,19,9,6,0,False
2025-06-09 20:00:00,Kosovo,Kosovo,XK,664.97,720.06,11.77,11.5,20,9,6,0,False
2025-06-09 21:00:00,Kosovo,Kosovo,XK,655.44,709.44,13.48,12.94,21,9,6,0,False
2025-06-09 22:00:00,Kosovo,Kosovo,XK,638.21,692.59,15.28,14.18,22,9,6,0,False
2025-06-09 23:00:00,Kosovo,Kosovo,XK,634.96,689.72,15.49,14.62,23,9,6,0,False
2025-06-10 00:00:00,Kosovo,Kosovo,XK,683.76,740.84,9.29,9.07,0,10,6,1,False
2025-06-10 01:00:00,Kosovo,Kosovo,XK,712.87,771.07,5.73,5.67,1,10,6,1,False
2025-06-10 02:00:00,Kosovo,Kosovo,XK,695.75,752.96,7.97,7.8,2,10,6,1,False
2025-06-10 03:00:00,Kosovo,Kosovo,XK,732.46,790.83,3.59,3.52,3,10,6,1,False
2025-06-10 04:00:00,Kosovo,Kosovo,XK,705.19,763.04,6.68,5.95,4,10,6,1,False
2025-06-10 05:00:00,Kosovo,Kosovo,XK,537.6,588.98,26.96,26.04,5,10,6,1,False
2025-06-10 06:00:00,Kosovo,Kosovo,XK,468.98,516.31,36.23,35.67,6,10,6,1,False
2025-06-10 07:00:00,Kosovo,Kosovo,XK,513.27,562.08,31.72,29.5,7,10,6,1,False
2025-06-10 08:00:00,Kosovo,Kosovo,XK,575.95,627.88,24.08,20.48,8,10,6,1,False
2025-06-10 09:00:00,Kosovo,Kosovo,XK,600.63,654.86,20.19,17.24,9,10,6,1,False
2025-06-10 10:00:00,Kosovo,Kosovo,XK,590.64,644.46,21.54,18.29,10,10,6,1,False
2025-06-10 11:00:00,Kosovo,Kosovo,XK,595.03,649.47,20.95,17.36,11,10,6,1,False
2025-06-10 12:00:00,Kosovo,Kosovo,XK,595.39,649.87,20.84,17.4,12,10,6,1,False
2025-06-10 13:00:00,Kosovo,Kosovo,XK,603.83,657.52,20.53,16.98,13,10,6,1,False
2025-06-10 14:00:00,Kosovo,Kosovo,XK,576.96,631.52,21.82,20.61,14,10,6,1,False
2025-06-10 15:00:00,Kosovo,Kosovo,XK,547.35,600.34,24.29,24.06,15,10,6,1,False
2025-06-10 16:00:00,Kosovo,Kosovo,XK,488.78,537.7,31.79,31.62,16,10,6,1,False
2025-06-10 17:00:00,Kosovo,Kosovo,XK,452.87,498.35,37.09,36.96,17,10,6,1,False
2025-06-10 18:00:00,Kosovo,Kosovo,XK,450.6,496.77,36.88,36.73,18,10,6,1,False
2025-06-10 19:00:00,Kosovo,Kosovo,XK,486.83,536.9,31.13,30.96,19,10,6,1,False
2025-06-10 20:00:00,Kosovo,Kosovo,XK,505.28,557.13,28.36,28.2,20,10,6,1,False
2025-06-10 21:00:00,Kosovo,Kosovo,XK,563.94,616.55,22.6,22.42,21,10,6,1,False
2025-06-10 22:00:00,Kosovo,Kosovo,XK,655.23,710.17,12.96,11.9,22,10,6,1,False
2025-06-10 23:00:00,Kosovo,Kosovo,XK,680.17,737.26,9.7,8.88,23,10,6,1,False
2025-06-11 00:00:00,Kosovo,Kosovo,XK,707.77,766.08,6.27,5.75,0,11,6,2,False
2025-06-11 01:00:00,Kosovo,Kosovo,XK,718.04,776.73,5.03,4.6,1,11,6,2,False
2025-06-11 02:00:00,Kosovo,Kosovo,XK,724.12,783.13,4.2,3.92,2,11,6,2,False
2025-06-11 03:00:00,Kosovo,Kosovo,XK,719.74,780.46,3.41,3.4,3,11,6,2,False
2025-06-11 04:00:00,Kosovo,Kosovo,XK,619.42,680.06,13.07,12.99,4,11,6,2,False
2025-06-11 05:00:00,Kosovo,Kosovo,XK,545.2,601.53,23.2,22.67,5,11,6,2,False
2025-06-11 06:00:00,Kosovo,Kosovo,XK,565.18,619.3,23.35,22.38,6,11,6,2,False
2025-06-11 07:00:00,Kosovo,Kosovo,XK,517.81,569.4,29.96,28.64,7,11,6,2,False
2025-06-11 08:00:00,Kosovo,Kosovo,XK,553.62,605.75,26.31,24.25,8,11,6,2,False
2025-06-11 09:00:00,Kosovo,Kosovo,XK,630.94,686.53,16.44,13.49,9,11,6,2,False
2025-06-11 10:00:00,Kosovo,Kosovo,XK,626.63,682.44,16.75,13.94,10,11,6,2,False
2025-06-11 11:00:00,Kosovo,Kosovo,XK,609.63,664.74,19.08,15.68,11,11,6,2,False
2025-06-11 12:00:00,Kosovo,Kosovo,XK,605.03,659.81,19.74,16.11,12,11,6,2,False
2025-06-11 13:00:00,Kosovo,Kosovo,XK,614.66,669.54,18.52,15.09,13,11,6,2,False
2025-06-11 14:00:00,Kosovo,Kosovo,XK,641.46,695.95,15.14,12.59,14,11,6,2,False
2025-06-11 15:00:00,Kosovo,Kosovo,XK,633.6,686.64,16.08,15.22,15,11,6,2,False
2025-06-11 16:00:00,Kosovo,Kosovo,XK,647.75,702.35,13.73,13.48,16,11,6,2,False
2025-06-11 17:00:00,Kosovo,Kosovo,XK,584.34,636.79,20.78,20.69,17,11,6,2,False
2025-06-11 18:00:00,Kosovo,Kosovo,XK,566.59,619.46,22.18,21.98,18,11,6,2,False
2025-06-11 19:00:00,Kosovo,Kosovo,XK,574.68,627.61,21.4,21.19,19,11,6,2,False
2025-06-11 20:00:00,Kosovo,Kosovo,XK,657.11,711.07,13.2,13.13,20,11,6,2,False
2025-06-11 21:00:00,Kosovo,Kosovo,XK,619.52,672.28,17.89,17.01,21,11,6,2,False
2025-06-11 22:00:00,Kosovo,Kosovo,XK,665.83,721.52,11.85,11.05,22,11,6,2,False
2025-06-11 23:00:00,Kosovo,Kosovo,XK,669.88,726.6,11.05,9.93,23,11,6,2,False
2025-06-12 00:00:00,Kosovo,Kosovo,XK,659.74,716.18,12.27,10.87,0,12,6,3,False
2025-06-12 01:00:00,Kosovo,Kosovo,XK,679.03,736.52,9.76,8.7,1,12,6,3,False
2025-06-12 02:00:00,Kosovo,Kosovo,XK,703.29,762.1,6.67,5.84,2,12,6,3,False
2025-06-12 03:00:00,Kosovo,Kosovo,XK,712.68,771.59,5.56,5.02,3,12,6,3,False
2025-06-12 04:00:00,Kosovo,Kosovo,XK,627.63,684.91,14.89,11.99,4,12,6,3,False
2025-06-12 05:00:00,Kosovo,Kosovo,XK,572.26,627.35,22.03,18.24,5,12,6,3,False
2025-06-12 06:00:00,Kosovo,Kosovo,XK,549.41,601.34,26.56,22.27,6,12,6,3,False
2025-06-12 07:00:00,Kosovo,Kosovo,XK,539.63,590.71,28.06,24.27,7,12,6,3,False
2025-06-12 08:00:00,Kosovo,Kosovo,XK,620.03,675.46,17.74,13.98,8,12,6,3,False
2025-06-12 09:00:00,Kosovo,Kosovo,XK,612.15,668.1,18.52,14.74,9,12,6,3,False
2025-06-12 10:00:00,Kosovo,Kosovo,XK,589.88,644.32,21.75,17.0,10,12,6,3,False
2025-06-12 11:00:00,Kosovo,Kosovo,XK,582.13,636.22,22.73,17.84,11,12,6,3,False
2025-06-12 12:00:00,Kosovo,Kosovo,XK,571.63,624.8,24.21,19.21,12,12,6,3,False
2025-06-12 13:00:00,Kosovo,Kosovo,XK,581.3,634.82,22.92,18.11,13,12,6,3,False
2025-06-12 14:00:00,Kosovo,Kosovo,XK,622.41,676.96,17.74,14.02,14,12,6,3,False
2025-06-12 15:00:00,Kosovo,Kosovo,XK,627.6,681.54,16.81,14.98,15,12,6,3,False
2025-06-12 16:00:00,Kosovo,Kosovo,XK,654.63,710.64,12.36,11.68,16,12,6,3,False
2025-06-12 17:00:00,Kosovo,Kosovo,XK,575.69,629.4,20.84,20.74,17,12,6,3,False
2025-06-12 18:00:00,Kosovo,Kosovo,XK,571.84,625.16,21.47,21.33,18,12,6,3,False
2025-06-12 19:00:00,Kosovo,Kosovo,XK,596.5,647.74,20.41,20.16,19,12,6,3,False
2025-06-12 20:00:00,Kosovo,Kosovo,XK,655.14,709.34,13.45,13.05,20,12,6,3,False
2025-06-12 21:00:00,Kosovo,Kosovo,XK,642.06,696.74,14.81,13.58,21,12,6,3,False
2025-06-12 22:00:00,Kosovo,Kosovo,XK,650.99,706.5,13.62,12.05,22,12,6,3,False
2025-06-12 23:00:00,Kosovo,Kosovo,XK,642.19,697.99,14.64,12.06,23,12,6,3,False
2025-06-13 00:00:00,Kosovo,Kosovo,XK,660.89,717.67,12.2,10.08,0,13,6,4,False
2025-06-13 01:00:00,Kosovo,Kosovo,XK,669.29,726.31,11.17,9.29,1,13,6,4,False
2025-06-13 02:00:00,Kosovo,Kosovo,XK,661.24,717.87,12.21,10.2,2,13,6,4,False
2025-06-13 03:00:00,Kosovo,Kosovo,XK,693.98,751.57,8.16,7.27,3,13,6,4,False
2025-06-13 04:00:00,Kosovo,Kosovo,XK,699.43,756.65,7.74,5.99,4,13,6,4,False
2025-06-13 05:00:00,Kosovo,Kosovo,XK,614.8,670.46,17.06,13.67,5,13,6,4,False
2025-06-13 06:00:00,Kosovo,Kosovo,XK,549.96,604.33,24.64,21.23,6,13,6,4,False
2025-06-13 07:00:00,Kosovo,Kosovo,XK,540.85,592.59,27.42,23.23,7,13,6,4,False
2025-06-13 08:00:00,Kosovo,Kosovo,XK,619.1,673.19,18.25,14.55,8,13,6,4,False
2025-06-13 09:00:00,Kosovo,Kosovo,XK,580.29,633.01,23.25,18.63,9,13,6,4,False
2025-06-13 10:00:00,Kosovo,Kosovo,XK,572.97,625.51,24.1,19.64,10,13,6,4,False
2025-06-13 11:00:00,Kosovo,Kosovo,XK,585.34,638.53,22.44,18.39,11,13,6,4,False
2025-06-13 12:00:00,Kosovo,Kosovo,XK,584.68,638.05,22.47,18.16,12,13,6,4,False
2025-06-13 13:00:00,Kosovo,Kosovo,XK,591.46,644.88,21.61,17.57,13,13,6,4,False
2025-06-13 14:00:00,Kosovo,Kosovo,XK,609.08,663.0,19.4,15.46,14,13,6,4,False
2025-06-13 15:00:00,Kosovo,Kosovo,XK,641.41,696.56,14.97,13.0,15,13,6,4,False
2025-06-13 16:00:00,Kosovo,Kosovo,XK,681.74,737.82,9.75,8.96,16,13,6,4,False
2025-06-13 17:00:00,Kosovo,Kosovo,XK,590.36,642.63,20.44,20.16,17,13,6,4,False
2025-06-13 18:00:00,Kosovo,Kosovo,XK,572.39,625.42,21.6,21.15,18,13,6,4,False
2025-06-13 19:00:00,Kosovo,Kosovo,XK,610.53,662.65,18.62,18.34,19,13,6,4,False
2025-06-13 20:00:00,Kosovo,Kosovo,XK,671.49,726.49,11.42,11.07,20,13,6,4,False
2025-06-13 21:00:00,Kosovo,Kosovo,XK,645.98,700.29,14.5,13.31,21,13,6,4,False
2025-06-13 22:00:00,Kosovo,Kosovo,XK,681.38,737.94,9.86,8.69,22,13,6,4,False
2025-06-13 23:00:00,Kosovo,Kosovo,XK,670.39,726.23,11.46,10.05,23,13,6,4,False
2025-06-14 00:00:00,Kosovo,Kosovo,XK,629.84,683.72,16.82,14.27,0,14,6,5,False
2025-06-14 01:00:00,Kosovo,Kosovo,XK,638.6,692.99,15.68,13.19,1,14,6,5,False
2025-06-14 02:00:00,Kosovo,Kosovo,XK,676.93,733.15,10.71,8.99,2,14,6,5,False
2025-06-14 03:00:00,Kosovo,Kosovo,XK,702.44,759.93,7.4,6.23,3,14,6,5,False
2025-06-14 04:00:00,Kosovo,Kosovo,XK,711.65,769.35,6.24,5.45,4,14,6,5,False
2025-06-14 05:00:00,Kosovo,Kosovo,XK,672.4,727.85,11.52,9.1,5,14,6,5,False
2025-06-14 06:00:00,Kosovo,Kosovo,XK,635.61,689.94,16.23,12.97,6,14,6,5,False
2025-06-14 07:00:00,Kosovo,Kosovo,XK,594.67,647.87,21.56,16.49,7,14,6,5,False
2025-06-14 08:00:00,Kosovo,Kosovo,XK,588.96,642.22,22.32,16.9,8,14,6,5,False
2025-06-14 09:00:00,Kosovo,Kosovo,XK,567.72,619.98,25.05,19.3,9,14,6,5,False
2025-06-14 10:00:00,Kosovo,Kosovo,XK,559.92,611.85,26.12,20.13,10,14,6,5,False
2025-06-14 11:00:00,Kosovo,Kosovo,XK,552.43,604.23,27.09,20.73,11,14,6,5,False
2025-06-14 12:00:00,Kosovo,Kosovo,XK,553.27,605.2,26.95,20.52,12,14,6,5,False
2025-06-14 13:00:00,Kosovo,Kosovo,XK,554.18,606.05,26.78,20.47,13,14,6,5,False
2025-06-14 14:00:00,Kosovo,Kosovo,XK,566.33,618.36,25.21,19.02,14,14,6,5,False
2025-06-14 15:00:00,Kosovo,Kosovo,XK,597.92,650.38,20.84,17.39,15,14,6,5,False
2025-06-14 16:00:00,Kosovo,Kosovo,XK,696.72,753.23,8.11,6.91,16,14,6,5,False
2025-06-14 17:00:00,Kosovo,Kosovo,XK,655.38,711.31,12.21,10.85,17,14,6,5,False
2025-06-14 18:00:00,Kosovo,Kosovo,XK,603.87,659.48,17.06,15.52,18,14,6,5,False
2025-06-14 19:00:00,Kosovo,Kosovo,XK,635.04,692.2,13.26,11.7,19,14,6,5,False
2025-06-14 20:00:00,Kosovo,Kosovo,XK,634.83,687.56,16.06,15.27,20,14,6,5,False
2025-06-14 21:00:00,Kosovo,Kosovo,XK,632.09,685.13,16.23,15.03,21,14,6,5,False
2025-06-14 22:00:00,Kosovo,Kosovo,XK,655.18,710.36,13.25,11.55,22,14,6,5,False
2025-06-14 23:00:00,Kosovo,Kosovo,XK,647.48,702.74,14.16,11.7,23,14,6,5,False
2025-06-15 00:00:00,Kosovo,Kosovo,XK,685.85,743.2,9.12,7.6,0,15,6,6,False
2025-06-15 01:00:00,Kosovo,Kosovo,XK,688.76,746.35,8.69,7.36,1,15,6,6,False
2025-06-15 02:00:00,Kosovo,Kosovo,XK,697.38,755.52,7.54,6.21,2,15,6,6,False
2025-06-15 03:00:00,Kosovo,Kosovo,XK,706.21,764.38,6.7,5.31,3,15,6,6,False
2025-06-15 04:00:00,Kosovo,Kosovo,XK,702.93,760.57,7.33,5.82,4,15,6,6,False
2025-06-15 05:00:00,Kosovo,Kosovo,XK,625.74,678.98,17.83,12.4,5,15,6,6,False
2025-06-15 06:00:00,Kosovo,Kosovo,XK,596.98,648.91,21.6,15.54,6,15,6,6,False
2025-06-15 07:00:00,Kosovo,Kosovo,XK,602.48,655.06,20.71,15.83,7,15,6,6,False
2025-06-15 08:00:00,Kosovo,Kosovo,XK,575.49,627.81,24.1,18.41,8,15,6,6,False
2025-06-15 09:00:00,Kosovo,Kosovo,XK,574.61,626.95,24.22,18.61,9,15,6,6,False
2025-06-15 10:00:00,Kosovo,Kosovo,XK,560.21,612.04,26.07,19.84,10,15,6,6,False
2025-06-15 11:00:00,Kosovo,Kosovo,XK,560.94,612.93,25.94,19.66,11,15,6,6,False
2025-06-15 12:00:00,Kosovo,Kosovo,XK,561.39,613.49,25.8,19.49,12,15,6,6,False
2025-06-15 13:00:00,Kosovo,Kosovo,XK,578.08,630.92,23.55,18.01,13,15,6,6,False
2025-06-15 14:00:00,Kosovo,Kosovo,XK,605.86,659.73,19.89,15.28,14,15,6,6,False
2025-06-15 15:00:00,Kosovo,Kosovo,XK,612.99,667.26,18.89,14.54,15,15,6,6,False
2025-06-15 16:00:00,Kosovo,Kosovo,XK,666.82,722.49,11.68,10.27,16,15,6,6,False
2025-06-15 17:00:00,Kosovo,Kosovo,XK,700.6,757.44,7.45,7.21,17,15,6,6,False
2025-06-15 18:00:00,Kosovo,Kosovo,XK,675.92,732.2,10.07,9.26,18,15,6,6,False
2025-06-15 19:00:00,Kosovo,Kosovo,XK,671.62,727.55,10.69,9.76,19,15,6,6,False
2025-06-15 20:00:00,Kosovo,Kosovo,XK,629.8,682.71,16.5,15.43,20,15,6,6,False
2025-06-15 21:00:00,Kosovo,Kosovo,XK,586.96,638.17,21.87,19.11,21,15,6,6,False
2025-06-15 22:00:00,Kosovo,Kosovo,XK,629.84,684.53,16.04,12.67,22,15,6,6,False
2025-06-15 23:00:00,Kosovo,Kosovo,XK,642.67,699.22,14.38,10.56,23,15,6,6,False
2025-06-16 00:00:00,Kosovo,Kosovo,XK,652.24,709.13,13.13,9.89,0,16,6,0,False
2025-06-16 01:00:00,Kosovo,Kosovo,XK,663.73,721.25,11.64,8.74,1,16,6,0,False
2025-06-16 02:00:00,Kosovo,Kosovo,XK,655.49,712.58,12.7,9.8,2,16,6,0,False
2025-06-16 03:00:00,Kosovo,Kosovo,XK,673.47,731.02,10.47,8.42,3,16,6,0,False
2025-06-16 04:00:00,Kosovo,Kosovo,XK,657.09,712.18,13.27,9.99,4,16,6,0,False
2025-06-16 05:00:00,Kosovo,Kosovo,XK,562.88,616.96,23.2,18.36,5,16,6,0,False
2025-06-16 06:00:00,Kosovo,Kosovo,XK,518.42,569.27,29.78,24.62,6,16,6,0,False
2025-06-16 07:00:00,Kosovo,Kosovo,XK,502.07,551.44,32.72,26.59,7,16,6,0,False
2025-06-16 08:00:00,Kosovo,Kosovo,XK,486.19,535.23,34.79,28.77,8,16,6,0,False
2025-06-16 09:00:00,Kosovo,Kosovo,XK,541.73,591.45,28.82,21.13,9,16,6,0,False
2025-06-16 10:00:00,Kosovo,Kosovo,XK,550.6,600.85,27.61,20.24,10,16,6,0,False
2025-06-16 11:00:00,Kosovo,Kosovo,XK,561.55,612.36,26.17,18.98,11,16,6,0,False
2025-06-16 12:00:00,Kosovo,Kosovo,XK,569.2,620.14,25.1,18.29,12,16,6,0,False
2025-06-16 13:00:00,Kosovo,Kosovo,XK,565.4,617.18,24.84,19.51,13,16,6,0,False
2025-06-16 14:00:00,Kosovo,Kosovo,XK,614.23,667.82,18.58,13.5,14,16,6,0,False
2025-06-16 15:00:00,Kosovo,Kosovo,XK,667.01,721.65,12.16,10.0,15,16,6,0,False
2025-06-16 16:00:00,Kosovo,Kosovo,XK,581.42,630.43,23.31,22.85,16,16,6,0,False
2025-06-16 17:00:00,Kosovo,Kosovo,XK,512.47,556.66,32.38,32.28,17,16,6,0,False
2025-06-16 18:00:00,Kosovo,Kosovo,XK,514.95,561.05,31.06,30.96,18,16,6,0,False
2025-06-16 19:00:00,Kosovo,Kosovo,XK,538.88,588.18,26.93,26.66,19,16,6,0,False
2025-06-16 20:00:00,Kosovo,Kosovo,XK,612.02,663.04,19.14,19.07,20,16,6,0,False
2025-06-16 21:00:00,Kosovo,Kosovo,XK,619.91,672.86,17.79,16.85,21,16,6,0,False
2025-06-16 22:00:00,Kosovo,Kosovo,XK,658.52,714.44,12.6,11.6,22,16,6,0,False
2025-06-16 23:00:00,Kosovo,Kosovo,XK,676.55,733.71,10.21,9.26,23,16,6,0,False
2025-06-17 00:00:00,Kosovo,Kosovo,XK,698.06,756.23,7.46,6.86,0,17,6,1,False
2025-06-17 01:00:00,Kosovo,Kosovo,XK,698.54,756.64,7.43,6.95,1,17,6,1,False
2025-06-17 02:00:00,Kosovo,Kosovo,XK,707.47,766.07,6.28,5.82,2,17,6,1,False
2025-06-17 03:00:00,Kosovo,Kosovo,XK,724.27,783.44,4.21,3.86,3,17,6,1,False
2025-06-17 04:00:00,Kosovo,Kosovo,XK,675.9,733.5,9.84,7.06,4,17,6,1,False
2025-06-17 05:00:00,Kosovo,Kosovo,XK,592.85,649.31,18.79,15.16,5,17,6,1,False
2025-06-17 06:00:00,Kosovo,Kosovo,XK,536.22,589.8,26.43,22.88,6,17,6,1,False
2025-06-17 07:00:00,Kosovo,Kosovo,XK,515.86,566.57,30.4,26.31,7,17,6,1,False
2025-06-17 08:00:00,Kosovo,Kosovo,XK,632.47,687.28,16.44,12.37,8,17,6,1,False
2025-06-17 09:00:00,Kosovo,Kosovo,XK,634.14,689.63,16.1,12.07,9,17,6,1,False
2025-06-17 10:00:00,Kosovo,Kosovo,XK,626.33,681.38,17.15,12.87,10,17,6,1,False
2025-06-17 11:00:00,Kosovo,Kosovo,XK,565.73,618.44,24.93,18.78,11,17,6,1,False
2025-06-17 12:00:00,Kosovo,Kosovo,XK,566.72,619.44,24.74,18.96,12,17,6,1,False
2025-06-17 13:00:00,Kosovo,Kosovo,XK,601.86,655.37,20.29,15.92,13,17,6,1,False
2025-06-17 14:00:00,Kosovo,Kosovo,XK,617.51,671.75,17.94,14.37,14,17,6,1,False
2025-06-17 15:00:00,Kosovo,Kosovo,XK,678.1,733.97,10.16,9.45,15,17,6,1,False
2025-06-17 16:00:00,Kosovo,Kosovo,XK,626.19,679.14,16.71,16.38,16,17,6,1,False
2025-06-17 17:00:00,Kosovo,Kosovo,XK,504.94,555.51,29.29,29.18,17,17,6,1,False
2025-06-17 18:00:00,Kosovo,Kosovo,XK,483.77,536.57,29.86,29.73,18,17,6,1,False
2025-06-17 19:00:00,Kosovo,Kosovo,XK,477.05,531.68,29.39,29.23,19,17,6,1,False
2025-06-17 20:00:00,Kosovo,Kosovo,XK,598.46,656.11,16.43,15.7,20,17,6,1,False
2025-06-17 21:00:00,Kosovo,Kosovo,XK,659.17,714.17,12.77,12.2,21,17,6,1,False
2025-06-17 22:00:00,Kosovo,Kosovo,XK,660.37,716.55,12.33,10.61,22,17,6,1,False
2025-06-17 23:00:00,Kosovo,Kosovo,XK,689.8,747.78,8.52,7.09,23,17,6,1,False
2025-06-18 00:00:00,Kosovo,Kosovo,XK,682.62,740.05,9.49,7.78,0,18,6,2,False
2025-06-18 01:00:00,Kosovo,Kosovo,XK,687.06,744.65,8.88,7.7,1,18,6,2,False
2025-06-18 02:00:00,Kosovo,Kosovo,XK,659.43,716.15,12.09,9.27,2,18,6,2,False
2025-06-18 03:00:00,Kosovo,Kosovo,XK,672.02,729.43,10.34,8.38,3,18,6,2,False
2025-06-18 04:00:00,Kosovo,Kosovo,XK,563.59,618.38,22.31,18.91,4,18,6,2,False
2025-06-18 05:00:00,Kosovo,Kosovo,XK,462.5,514.42,34.17,30.28,5,18,6,2,False
2025-06-18 06:00:00,Kosovo,Kosovo,XK,428.03,476.44,40.16,36.02,6,18,6,2,False
2025-06-18 07:00:00,Kosovo,Kosovo,XK,419.35,465.44,42.89,37.76,7,18,6,2,False
2025-06-18 08:00:00,Kosovo,Kosovo,XK,438.39,484.53,41.23,35.44,8,18,6,2,False
2025-06-18 09:00:00,Kosovo,Kosovo,XK,558.08,609.96,26.06,20.43,9,18,6,2,False
2025-06-18 10:00:00,Kosovo,Kosovo,XK,581.68,635.68,22.55,18.26,10,18,6,2,False
2025-06-18 11:00:00,Kosovo,Kosovo,XK,570.84,624.3,23.94,19.3,11,18,6,2,False
2025-06-18 12:00:00,Kosovo,Kosovo,XK,565.78,619.16,24.6,19.49,12,18,6,2,False
2025-06-18 13:00:00,Kosovo,Kosovo,XK,601.91,655.91,20.07,15.85,13,18,6,2,False
2025-06-18 14:00:00,Kosovo,Kosovo,XK,544.7,596.64,26.3,22.5,14,18,6,2,False
2025-06-18 15:00:00,Kosovo,Kosovo,XK,540.44,589.2,27.43,26.36,15,18,6,2,False
2025-06-18 16:00:00,Kosovo,Kosovo,XK,424.27,472.21,38.5,38.35,16,18,6,2,False
2025-06-18 17:00:00,Kosovo,Kosovo,XK,421.78,473.82,36.07,35.87,17,18,6,2,False
2025-06-18 18:00:00,Kosovo,Kosovo,XK,412.73,465.01,36.72,36.35,18,18,6,2,False
2025-06-18 19:00:00,Kosovo,Kosovo,XK,417.28,470.58,35.71,35.41,19,18,6,2,False
2025-06-18 20:00:00,Kosovo,Kosovo,XK,496.75,556.01,24.96,24.17,20,18,6,2,False
2025-06-18 21:00:00,Kosovo,Kosovo,XK,578.42,636.2,18.37,16.57,21,18,6,2,False
2025-06-18 22:00:00,Kosovo,Kosovo,XK,620.59,678.61,14.67,11.38,22,18,6,2,False
2025-06-18 23:00:00,Kosovo,Kosovo,XK,572.93,630.89,19.72,15.84,23,18,6,2,False
2025-06-19 00:00:00,Kosovo,Kosovo,XK,635.5,693.0,14.36,10.42,0,19,6,3,False
2025-06-19 01:00:00,Kosovo,Kosovo,XK,628.42,685.73,15.09,11.22,1,19,6,3,False
2025-06-19 02:00:00,Kosovo,Kosovo,XK,627.76,684.72,15.38,11.18,2,19,6,3,False
2025-06-19 03:00:00,Kosovo,Kosovo,XK,608.41,665.24,17.15,13.2,3,19,6,3,False
2025-06-19 04:00:00,Kosovo,Kosovo,XK,546.52,600.39,24.91,19.89,4,19,6,3,False
2025-06-19 05:00:00,Kosovo,Kosovo,XK,450.79,501.63,36.16,31.13,5,19,6,3,False
2025-06-19 06:00:00,Kosovo,Kosovo,XK,417.53,467.05,40.78,36.09,6,19,6,3,False
2025-06-19 07:00:00,Kosovo,Kosovo,XK,492.05,542.31,33.78,27.25,7,19,6,3,False
2025-06-19 08:00:00,Kosovo,Kosovo,XK,457.65,506.21,38.66,30.66,8,19,6,3,False
2025-06-19 09:00:00,Kosovo,Kosovo,XK,436.2,483.09,41.89,31.99,9,19,6,3,False
2025-06-19 10:00:00,Kosovo,Kosovo,XK,431.87,478.78,42.59,32.2,10,19,6,3,False
2025-06-19 11:00:00,Kosovo,Kosovo,XK,505.52,555.53,33.03,25.01,11,19,6,3,False
2025-06-19 12:00:00,Kosovo,Kosovo,XK,506.56,555.88,33.02,25.59,12,19,6,3,False
2025-06-19 13:00:00,Kosovo,Kosovo,XK,510.21,559.62,32.51,24.7,13,19,6,3,False
2025-06-19 14:00:00,Kosovo,Kosovo,XK,516.75,566.28,31.29,24.8,14,19,6,3,False
2025-06-19 15:00:00,Kosovo,Kosovo,XK,493.44,539.22,34.05,31.48,15,19,6,3,False
2025-06-19 16:00:00,Kosovo,Kosovo,XK,443.24,485.06,40.49,39.57,16,19,6,3,False
2025-06-19 17:00:00,Kosovo,Kosovo,XK,396.29,438.61,44.49,43.83,17,19,6,3,False
2025-06-19 18:00:00,Kosovo,Kosovo,XK,427.97,469.28,42.21,41.3,18,19,6,3,False
2025-06-19 19:00:00,Kosovo,Kosovo,XK,409.63,448.43,45.42,44.89,19,19,6,3,False
2025-06-19 20:00:00,Kosovo,Kosovo,XK,473.18,516.93,36.77,35.21,20,19,6,3,False
2025-06-19 21:00:00,Kosovo,Kosovo,XK,549.72,600.51,26.11,23.22,21,19,6,3,False
2025-06-19 22:00:00,Kosovo,Kosovo,XK,560.14,611.79,24.95,21.55,22,19,6,3,False
2025-06-19 23:00:00,Kosovo,Kosovo,XK,597.1,651.48,20.05,16.64,23,19,6,3,False
2025-06-20 00:00:00,Kosovo,Kosovo,XK,602.66,657.38,19.34,15.85,0,20,6,4,False
2025-06-20 01:00:00,Kosovo,Kosovo,XK,620.25,675.9,17.08,13.73,1,20,6,4,False
2025-06-20 02:00:00,Kosovo,Kosovo,XK,623.55,679.12,16.82,13.42,2,20,6,4,False
2025-06-20 03:00:00,Kosovo,Kosovo,XK,614.99,669.8,18.05,14.95,3,20,6,4,False
2025-06-20 04:00:00,Kosovo,Kosovo,XK,548.07,597.57,27.66,21.69,4,20,6,4,False
2025-06-20 05:00:00,Kosovo,Kosovo,XK,457.17,504.1,38.42,30.44,5,20,6,4,False
2025-06-20 06:00:00,Kosovo,Kosovo,XK,437.57,485.03,40.38,33.03,6,20,6,4,False
2025-06-20 07:00:00,Kosovo,Kosovo,XK,460.92,507.22,39.24,30.47,7,20,6,4,False
2025-06-20 08:00:00,Kosovo,Kosovo,XK,489.71,537.58,35.36,27.82,8,20,6,4,False
2025-06-20 09:00:00,Kosovo,Kosovo,XK,555.29,607.38,26.06,21.71,9,20,6,4,False
2025-06-20 10:00:00,Kosovo,Kosovo,XK,548.56,600.69,26.85,22.1,10,20,6,4,False
2025-06-20 11:00:00,Kosovo,Kosovo,XK,542.55,594.45,27.59,22.92,11,20,6,4,False
2025-06-20 12:00:00,Kosovo,Kosovo,XK,541.6,593.53,27.71,22.92,12,20,6,4,False
2025-06-20 13:00:00,Kosovo,Kosovo,XK,539.49,591.19,28.05,22.79,13,20,6,4,False
2025-06-20 14:00:00,Kosovo,Kosovo,XK,551.27,603.34,26.43,21.47,14,20,6,4,False
2025-06-20 15:00:00,Kosovo,Kosovo,XK,551.32,602.21,26.46,23.09,15,20,6,4,False
2025-06-20 16:00:00,Kosovo,Kosovo,XK,574.01,624.89,23.09,22.54,16,20,6,4,False
2025-06-20 17:00:00,Kosovo,Kosovo,XK,452.46,500.7,36.29,36.11,17,20,6,4,False
2025-06-20 18:00:00,Kosovo,Kosovo,XK,411.16,459.92,39.78,39.35,18,20,6,4,False
2025-06-20 19:00:00,Kosovo,Kosovo,XK,415.81,465.87,38.42,37.99,19,20,6,4,False
2025-06-20 20:00:00,Kosovo,Kosovo,XK,625.58,678.99,16.56,15.65,20,20,6,4,False
2025-06-20 21:00:00,Kosovo,Kosovo,XK,611.58,664.13,18.63,17.17,21,20,6,4,False
2025-06-20 22:00:00,Kosovo,Kosovo,XK,556.8,607.52,25.28,22.11,22,20,6,4,False
2025-06-20 23:00:00,Kosovo,Kosovo,XK,567.04,620.52,23.71,19.55,23,20,6,4,False
2025-06-21 00:00:00,Kosovo,Kosovo,XK,564.86,618.79,23.77,19.49,0,21,6,5,False
2025-06-21 01:00:00,Kosovo,Kosovo,XK,623.48,680.54,16.24,12.18,1,21,6,5,False
2025-06-21 02:00:00,Kosovo,Kosovo,XK,624.48,681.89,16.1,11.49,2,21,6,5,False
2025-06-21 03:00:00,Kosovo,Kosovo,XK,516.07,566.63,30.21,20.75,3,21,6,5,False
2025-06-21 04:00:00,Kosovo,Kosovo,XK,442.86,490.47,39.02,28.74,4,21,6,5,False
2025-06-21 05:00:00,Kosovo,Kosovo,XK,403.83,450.97,43.4,34.34,5,21,6,5,False
2025-06-21 06:00:00,Kosovo,Kosovo,XK,376.04,419.64,48.64,39.72,6,21,6,5,False
2025-06-21 07:00:00,Kosovo,Kosovo,XK,412.67,455.56,45.97,33.35,7,21,6,5,False
2025-06-21 08:00:00,Kosovo,Kosovo,XK,428.16,474.52,42.6,35.4,8,21,6,5,False
2025-06-21 09:00:00,Kosovo,Kosovo,XK,434.29,481.85,41.9,32.37,9,21,6,5,False
2025-06-21 10:00:00,Kosovo,Kosovo,XK,454.93,504.18,38.92,31.15,10,21,6,5,False
2025-06-21 11:00:00,Kosovo,Kosovo,XK,451.41,500.57,39.43,31.19,11,21,6,5,False
2025-06-21 12:00:00,Kosovo,Kosovo,XK,442.7,491.7,40.45,32.0,12,21,6,5,False
2025-06-21 13:00:00,Kosovo,Kosovo,XK,445.79,495.0,40.03,31.15,13,21,6,5,False
2025-06-21 14:00:00,Kosovo,Kosovo,XK,448.75,497.31,39.63,31.2,14,21,6,5,False
2025-06-21 15:00:00,Kosovo,Kosovo,XK,470.55,518.19,36.9,31.11,15,21,6,5,False
2025-06-21 16:00:00,Kosovo,Kosovo,XK,462.76,508.11,37.78,35.17,16,21,6,5,False
2025-06-21 20:00:00,Kosovo,Kosovo,XK,319.6,373.71,43.88,43.46,20,21,6,5,False
2025-06-21 21:00:00,Kosovo,Kosovo,XK,481.39,530.3,33.73,30.02,21,21,6,5,False
2025-06-21 22:00:00,Kosovo,Kosovo,XK,534.64,586.92,26.98,23.04,22,21,6,5,False
2025-06-21 23:00:00,Kosovo,Kosovo,XK,569.13,624.29,22.05,19.38,23,21,6,5,False
2025-06-22 00:00:00,Kosovo,Kosovo,XK,601.99,659.08,17.94,15.33,0,22,6,6,False
2025-06-22 01:00:00,Kosovo,Kosovo,XK,572.04,632.28,18.68,14.66,1,22,6,6,False
2025-06-22 02:00:00,Kosovo,Kosovo,XK,538.48,597.54,22.5,17.8,2,22,6,6,False
2025-06-22 03:00:00,Kosovo,Kosovo,XK,549.85,606.44,22.91,18.45,3,22,6,6,False
2025-06-22 04:00:00,Kosovo,Kosovo,XK,575.86,628.46,23.5,16.52,4,22,6,6,False
2025-06-22 05:00:00,Kosovo,Kosovo,XK,449.46,496.53,39.31,31.01,5,22,6,6,False
2025-06-22 06:00:00,Kosovo,Kosovo,XK,516.94,567.24,31.36,22.6,6,22,6,6,False
2025-06-22 07:00:00,Kosovo,Kosovo,XK,508.03,559.4,32.12,24.22,7,22,6,6,False
2025-06-22 08:00:00,Kosovo,Kosovo,XK,473.84,524.46,36.43,27.73,8,22,6,6,False
2025-06-22 09:00:00,Kosovo,Kosovo,XK,455.83,505.77,38.77,29.81,9,22,6,6,False
2025-06-22 10:00:00,Kosovo,Kosovo,XK,448.71,498.25,39.81,30.56,10,22,6,6,False
2025-06-22 11:00:00,Kosovo,Kosovo,XK,443.0,492.62,40.46,31.01,11,22,6,6,False
2025-06-22 12:00:00,Kosovo,Kosovo,XK,442.95,492.96,40.34,30.91,12,22,6,6,False
2025-06-22 13:00:00,Kosovo,Kosovo,XK,428.55,478.14,41.96,32.33,13,22,6,6,False
2025-06-22 14:00:00,Kosovo,Kosovo,XK,440.4,490.01,40.38,31.41,14,22,6,6,False
2025-06-22 15:00:00,Kosovo,Kosovo,XK,438.54,484.36,40.91,34.44,15,22,6,6,False
2025-06-22 16:00:00,Kosovo,Kosovo,XK,442.78,488.11,38.82,35.28,16,22,6,6,False
2025-06-22 17:00:00,Kosovo,Kosovo,XK,500.0,555.9,26.38,25.06,17,22,6,6,False
2025-06-22 18:00:00,Kosovo,Kosovo,XK,517.24,573.07,24.91,23.08,18,22,6,6,False
2025-06-22 19:00:00,Kosovo,Kosovo,XK,514.89,572.48,24.01,22.14,19,22,6,6,False
2025-06-22 20:00:00,Kosovo,Kosovo,XK,566.79,622.3,20.56,18.27,20,22,6,6,False
2025-06-22 21:00:00,Kosovo,Kosovo,XK,591.56,643.76,20.51,17.64,21,22,6,6,False
2025-06-22 22:00:00,Kosovo,Kosovo,XK,623.73,678.44,16.67,14.15,22,22,6,6,False
2025-06-22 23:00:00,Kosovo,Kosovo,XK,657.35,715.21,12.06,9.49,23,22,6,6,False
2025-06-23 00:00:00,Kosovo,Kosovo,XK,668.41,727.12,10.56,7.7,0,23,6,0,False
2025-06-23 01:00:00,Kosovo,Kosovo,XK,675.72,734.96,9.58,6.87,1,23,6,0,False
2025-06-23 02:00:00,Kosovo,Kosovo,XK,676.89,736.11,9.45,6.79,2,23,6,0,False
2025-06-23 03:00:00,Kosovo,Kosovo,XK,685.22,744.12,8.54,6.55,3,23,6,0,False
2025-06-23 04:00:00,Kosovo,Kosovo,XK,602.14,658.23,18.29,13.52,4,23,6,0,False
2025-06-23 05:00:00,Kosovo,Kosovo,XK,509.98,562.37,29.65,23.96,5,23,6,0,False
2025-06-23 06:00:00,Kosovo,Kosovo,XK,499.12,551.04,31.4,26.82,6,23,6,0,False
2025-06-23 07:00:00,Kosovo,Kosovo,XK,476.04,525.62,35.25,30.57,7,23,6,0,False
2025-06-23 08:00:00,Kosovo,Kosovo,XK,502.83,552.79,32.68,26.77,8,23,6,0,False
2025-06-23 09:00:00,Kosovo,Kosovo,XK,508.43,557.84,32.39,25.72,9,23,6,0,False
2025-06-23 10:00:00,Kosovo,Kosovo,XK,497.27,545.69,34.08,26.42,10,23,6,0,False
2025-06-23 11:00:00,Kosovo,Kosovo,XK,532.06,582.5,29.46,22.61,11,23,6,0,False
2025-06-23 12:00:00,Kosovo,Kosovo,XK,524.16,574.44,30.29,23.9,12,23,6,0,False
2025-06-23 13:00:00,Kosovo,Kosovo,XK,533.32,583.83,28.74,22.91,13,23,6,0,False
2025-06-23 14:00:00,Kosovo,Kosovo,XK,545.03,598.42,25.46,21.1,14,23,6,0,False
2025-06-23 15:00:00,Kosovo,Kosovo,XK,588.81,642.92,19.87,17.46,15,23,6,0,False
2025-06-23 16:00:00,Kosovo,Kosovo,XK,481.29,532.67,31.63,31.32,16,23,6,0,False
2025-06-23 17:00:00,Kosovo,Kosovo,XK,455.52,505.5,34.7,34.47,17,23,6,0,False
2025-06-23 18:00:00,Kosovo,Kosovo,XK,480.81,527.9,33.93,33.77,18,23,6,0,False
2025-06-23 19:00:00,Kosovo,Kosovo,XK,468.21,519.1,32.84,31.77,19,23,6,0,False
2025-06-23 20:00:00,Kosovo,Kosovo,XK,601.66,656.96,17.59,15.33,20,23,6,0,False
2025-06-23 21:00:00,Kosovo,Kosovo,XK,600.8,652.7,19.8,17.98,21,23,6,0,False
2025-06-23 22:00:00,Kosovo,Kosovo,XK,646.49,701.74,13.66,11.47,22,23,6,0,False
2025-06-23 23:00:00,Kosovo,Kosovo,XK,657.39,714.82,12.07,9.48,23,23,6,0,False
2025-06-24 00:00:00,Kosovo,Kosovo,XK,677.17,735.8,9.56,7.78,0,24,6,1,False
2025-06-24 01:00:00,Kosovo,Kosovo,XK,693.45,752.52,7.67,6.4,1,24,6,1,False
2025-06-24 02:00:00,Kosovo,Kosovo,XK,696.7,755.94,7.21,6.15,2,24,6,1,False
2025-06-24 03:00:00,Kosovo,Kosovo,XK,703.09,762.35,6.56,5.46,3,24,6,1,False
2025-06-24 04:00:00,Kosovo,Kosovo,XK,645.58,700.53,14.38,10.86,4,24,6,1,False
2025-06-24 05:00:00,Kosovo,Kosovo,XK,580.67,632.41,22.82,16.83,5,24,6,1,False
2025-06-24 06:00:00,Kosovo,Kosovo,XK,529.47,578.74,29.42,23.22,6,24,6,1,False
2025-06-24 07:00:00,Kosovo,Kosovo,XK,507.93,557.64,32.56,24.82,7,24,6,1,False
2025-06-24 08:00:00,Kosovo,Kosovo,XK,537.94,588.96,28.85,21.71,8,24,6,1,False
2025-06-24 09:00:00,Kosovo,Kosovo,XK,548.28,599.59,27.61,20.4,9,24,6,1,False
2025-06-24 10:00:00,Kosovo,Kosovo,XK,551.07,602.69,27.2,20.14,10,24,6,1,False
2025-06-24 11:00:00,Kosovo,Kosovo,XK,550.25,601.65,27.19,20.82,11,24,6,1,False
2025-06-24 12:00:00,Kosovo,Kosovo,XK,550.33,601.84,27.07,20.77,12,24,6,1,False
2025-06-24 13:00:00,Kosovo,Kosovo,XK,568.45,621.01,24.55,18.8,13,24,6,1,False
2025-06-24 14:00:00,Kosovo,Kosovo,XK,573.64,626.26,23.61,18.96,14,24,6,1,False
2025-06-24 15:00:00,Kosovo,Kosovo,XK,596.13,648.21,20.27,18.28,15,24,6,1,False
2025-06-24 16:00:00,Kosovo,Kosovo,XK,469.0,517.07,34.81,34.6,16,24,6,1,False
2025-06-24 17:00:00,Kosovo,Kosovo,XK,418.86,467.69,39.12,38.92,17,24,6,1,False
2025-06-24 18:00:00,Kosovo,Kosovo,XK,413.94,461.93,39.95,39.73,18,24,6,1,False
2025-06-24 19:00:00,Kosovo,Kosovo,XK,430.83,479.85,37.79,37.56,19,24,6,1,False
2025-06-24 20:00:00,Kosovo,Kosovo,XK,534.62,583.56,27.68,27.07,20,24,6,1,False
2025-06-24 21:00:00,Kosovo,Kosovo,XK,557.61,608.41,24.97,21.79,21,24,6,1,False
2025-06-24 22:00:00,Kosovo,Kosovo,XK,600.53,657.22,18.24,12.74,22,24,6,1,False
2025-06-24 23:00:00,Kosovo,Kosovo,XK,626.83,684.74,15.6,10.78,23,24,6,1,False
2025-06-25 00:00:00,Kosovo,Kosovo,XK,617.56,675.23,16.59,11.25,0,25,6,2,False
2025-06-25 01:00:00,Kosovo,Kosovo,XK,623.57,681.51,15.75,10.93,1,25,6,2,False
2025-06-25 02:00:00,Kosovo,Kosovo,XK,621.22,679.13,15.99,11.17,2,25,6,2,False
2025-06-25 03:00:00,Kosovo,Kosovo,XK,616.87,675.6,15.91,10.25,3,25,6,2,False
2025-06-25 04:00:00,Kosovo,Kosovo,XK,592.07,651.86,17.53,11.84,4,25,6,2,False
2025-06-25 05:00:00,Kosovo,Kosovo,XK,526.39,584.08,25.19,18.41,5,25,6,2,False
2025-06-25 06:00:00,Kosovo,Kosovo,XK,505.91,558.02,31.05,24.72,6,25,6,2,False
2025-06-25 07:00:00,Kosovo,Kosovo,XK,468.47,516.7,37.34,30.0,7,25,6,2,False
2025-06-25 08:00:00,Kosovo,Kosovo,XK,502.74,551.91,33.53,26.0,8,25,6,2,False
2025-06-25 09:00:00,Kosovo,Kosovo,XK,502.25,551.04,33.81,25.73,9,25,6,2,False
2025-06-25 10:00:00,Kosovo,Kosovo,XK,498.32,546.97,34.25,26.32,10,25,6,2,False
2025-06-25 11:00:00,Kosovo,Kosovo,XK,470.82,518.8,37.34,30.32,11,25,6,2,False
2025-06-25 12:00:00,Kosovo,Kosovo,XK,508.96,558.32,32.34,26.89,12,25,6,2,False
2025-06-25 13:00:00,Kosovo,Kosovo,XK,600.49,652.9,20.86,15.67,13,25,6,2,False
2025-06-25 14:00:00,Kosovo,Kosovo,XK,616.37,669.61,18.58,13.9,14,25,6,2,False
2025-06-25 15:00:00,Kosovo,Kosovo,XK,585.26,635.95,22.08,20.49,15,25,6,2,False
2025-06-25 16:00:00,Kosovo,Kosovo,XK,495.45,546.51,30.63,30.46,16,25,6,2,False
2025-06-25 17:00:00,Kosovo,Kosovo,XK,441.2,491.27,36.18,36.06,17,25,6,2,False
2025-06-25 18:00:00,Kosovo,Kosovo,XK,422.02,473.51,36.66,36.53,18,25,6,2,False
2025-06-25 19:00:00,Kosovo,Kosovo,XK,439.8,491.97,34.51,34.4,19,25,6,2,False
2025-06-25 20:00:00,Kosovo,Kosovo,XK,516.46,572.67,25.17,24.66,20,25,6,2,False
2025-06-25 21:00:00,Kosovo,Kosovo,XK,616.7,676.31,14.08,12.5,21,25,6,2,False
2025-06-25 22:00:00,Kosovo,Kosovo,XK,668.65,726.58,10.07,7.31,22,25,6,2,False
2025-06-25 23:00:00,Kosovo,Kosovo,XK,687.26,745.95,8.48,6.34,23,25,6,2,False
2025-06-26 00:00:00,Kosovo,Kosovo,XK,696.58,756.03,7.22,5.13,0,26,6,3,False
2025-06-26 01:00:00,Kosovo,Kosovo,XK,696.68,756.07,7.11,5.32,1,26,6,3,False
2025-06-26 02:00:00,Kosovo,Kosovo,XK,693.21,752.28,7.58,6.0,2,26,6,3,False
2025-06-26 03:00:00,Kosovo,Kosovo,XK,677.78,737.72,8.49,5.83,3,26,6,3,False
2025-06-26 04:00:00,Kosovo,Kosovo,XK,649.2,710.02,10.69,7.33,4,26,6,3,False
2025-06-26 05:00:00,Kosovo,Kosovo,XK,565.5,626.35,18.9,15.13,5,26,6,3,False
2025-06-26 06:00:00,Kosovo,Kosovo,XK,532.09,590.96,23.63,19.63,6,26,6,3,False
2025-06-26 07:00:00,Kosovo,Kosovo,XK,530.17,587.23,24.73,20.06,7,26,6,3,False
2025-06-26 08:00:00,Kosovo,Kosovo,XK,527.87,581.69,27.36,22.42,8,26,6,3,False
2025-06-26 09:00:00,Kosovo,Kosovo,XK,502.48,551.93,32.61,27.7,9,26,6,3,False
2025-06-26 10:00:00,Kosovo,Kosovo,XK,485.84,534.24,34.74,30.1,10,26,6,3,False
2025-06-26 11:00:00,Kosovo,Kosovo,XK,479.9,528.35,35.33,30.88,11,26,6,3,False
2025-06-26 12:00:00,Kosovo,Kosovo,XK,507.74,556.81,31.97,27.83,12,26,6,3,False
2025-06-26 13:00:00,Kosovo,Kosovo,XK,503.13,553.26,31.52,28.27,13,26,6,3,False
2025-06-26 14:00:00,Kosovo,Kosovo,XK,519.11,569.35,29.38,27.09,14,26,6,3,False
2025-06-26 15:00:00,Kosovo,Kosovo,XK,491.95,542.45,31.25,30.56,15,26,6,3,False
2025-06-26 16:00:00,Kosovo,Kosovo,XK,453.98,506.64,33.58,33.42,16,26,6,3,False
2025-06-26 17:00:00,Kosovo,Kosovo,XK,447.52,500.29,33.87,33.56,17,26,6,3,False
2025-06-26 18:00:00,Kosovo,Kosovo,XK,436.44,488.86,35.0,34.66,18,26,6,3,False
2025-06-26 19:00:00,Kosovo,Kosovo,XK,458.01,512.06,32.02,31.7,19,26,6,3,False
2025-06-26 20:00:00,Kosovo,Kosovo,XK,546.33,600.9,23.48,22.82,20,26,6,3,False
2025-06-26 21:00:00,Kosovo,Kosovo,XK,601.22,658.61,16.7,15.49,21,26,6,3,False
2025-06-26 22:00:00,Kosovo,Kosovo,XK,653.12,709.27,12.97,10.37,22,26,6,3,False
2025-06-26 23:00:00,Kosovo,Kosovo,XK,676.67,734.87,9.85,7.23,23,26,6,3,False
2025-06-27 00:00:00,Kosovo,Kosovo,XK,668.31,726.57,10.76,7.88,0,27,6,4,False
2025-06-27 01:00:00,Kosovo,Kosovo,XK,664.98,723.06,11.14,8.52,1,27,6,4,False
2025-06-27 02:00:00,Kosovo,Kosovo,XK,662.66,720.68,11.4,8.91,2,27,6,4,False
2025-06-27 03:00:00,Kosovo,Kosovo,XK,674.26,732.47,10.04,8.17,3,27,6,4,False
2025-06-27 04:00:00,Kosovo,Kosovo,XK,678.63,736.21,9.85,7.69,4,27,6,4,False
2025-06-27 05:00:00,Kosovo,Kosovo,XK,602.38,658.87,18.19,13.96,5,27,6,4,False
2025-06-27 06:00:00,Kosovo,Kosovo,XK,538.15,593.89,25.06,21.83,6,27,6,4,False
2025-06-27 07:00:00,Kosovo,Kosovo,XK,512.24,564.35,29.95,25.97,7,27,6,4,False
2025-06-27 08:00:00,Kosovo,Kosovo,XK,488.1,537.71,33.92,29.75,8,27,6,4,False
2025-06-27 09:00:00,Kosovo,Kosovo,XK,480.0,529.58,34.79,30.99,9,27,6,4,False
2025-06-27 10:00:00,Kosovo,Kosovo,XK,514.81,564.84,30.88,26.8,10,27,6,4,False
2025-06-27 11:00:00,Kosovo,Kosovo,XK,534.47,585.48,28.45,23.48,11,27,6,4,False
2025-06-27 12:00:00,Kosovo,Kosovo,XK,580.81,633.61,22.84,17.73,12,27,6,4,False
2025-06-27 13:00:00,Kosovo,Kosovo,XK,601.5,655.9,19.8,15.51,13,27,6,4,False
2025-06-27 14:00:00,Kosovo,Kosovo,XK,600.48,655.09,19.77,16.42,14,27,6,4,False
2025-06-27 15:00:00,Kosovo,Kosovo,XK,608.31,662.4,18.79,16.25,15,27,6,4,False
2025-06-27 16:00:00,Kosovo,Kosovo,XK,544.08,594.27,26.42,26.0,16,27,6,4,False
2025-06-27 17:00:00,Kosovo,Kosovo,XK,533.63,585.36,26.27,25.94,17,27,6,4,False
2025-06-27 18:00:00,Kosovo,Kosovo,XK,537.5,589.45,25.86,25.31,18,27,6,4,False
2025-06-27 19:00:00,Kosovo,Kosovo,XK,588.58,643.87,18.93,17.97,19,27,6,4,False
2025-06-27 20:00:00,Kosovo,Kosovo,XK,641.37,696.81,13.98,12.69,20,27,6,4,False
2025-06-27 21:00:00,Kosovo,Kosovo,XK,639.7,695.21,14.6,12.92,21,27,6,4,False
2025-06-27 22:00:00,Kosovo,Kosovo,XK,593.53,646.73,20.7,18.23,22,27,6,4,False
2025-06-27 23:00:00,Kosovo,Kosovo,XK,579.9,632.69,22.38,19.39,23,27,6,4,False
2025-06-28 00:00:00,Kosovo,Kosovo,XK,588.52,642.21,21.15,17.75,0,28,6,5,False
2025-06-28 01:00:00,Kosovo,Kosovo,XK,630.02,685.54,15.88,13.53,1,28,6,5,False
2025-06-28 02:00:00,Kosovo,Kosovo,XK,637.52,693.38,14.94,12.58,2,28,6,5,False
2025-06-28 03:00:00,Kosovo,Kosovo,XK,649.53,705.77,13.47,11.41,3,28,6,5,False
2025-06-28 04:00:00,Kosovo,Kosovo,XK,665.11,721.98,11.49,9.99,4,28,6,5,False
2025-06-28 05:00:00,Kosovo,Kosovo,XK,650.94,706.21,13.98,10.72,5,28,6,5,False
2025-06-28 06:00:00,Kosovo,Kosovo,XK,614.83,667.76,19.22,13.89,6,28,6,5,False
2025-06-28 07:00:00,Kosovo,Kosovo,XK,618.79,672.72,18.23,14.33,7,28,6,5,False
2025-06-28 08:00:00,Kosovo,Kosovo,XK,568.44,621.11,24.34,19.92,8,28,6,5,False
2025-06-28 09:00:00,Kosovo,Kosovo,XK,550.08,601.8,26.72,22.39,9,28,6,5,False
2025-06-28 10:00:00,Kosovo,Kosovo,XK,543.09,594.52,27.67,23.08,10,28,6,5,False
2025-06-28 11:00:00,Kosovo,Kosovo,XK,528.74,579.82,29.5,24.38,11,28,6,5,False
2025-06-28 12:00:00,Kosovo,Kosovo,XK,544.05,595.74,27.53,23.03,12,28,6,5,False
2025-06-28 13:00:00,Kosovo,Kosovo,XK,550.03,602.1,26.73,22.2,13,28,6,5,False
2025-06-28 14:00:00,Kosovo,Kosovo,XK,582.31,635.39,22.59,19.1,14,28,6,5,False
2025-06-28 15:00:00,Kosovo,Kosovo,XK,577.67,630.27,23.16,19.28,15,28,6,5,False
2025-06-28 16:00:00,Kosovo,Kosovo,XK,626.67,680.67,16.71,15.6,16,28,6,5,False
2025-06-28 17:00:00,Kosovo,Kosovo,XK,622.68,674.51,17.76,17.17,17,28,6,5,False
2025-06-28 18:00:00,Kosovo,Kosovo,XK,625.02,677.52,17.19,16.63,18,28,6,5,False
2025-06-28 19:00:00,Kosovo,Kosovo,XK,667.41,722.21,11.92,10.62,19,28,6,5,False
2025-06-28 20:00:00,Kosovo,Kosovo,XK,654.53,709.89,13.05,11.63,20,28,6,5,False
2025-06-28 21:00:00,Kosovo,Kosovo,XK,642.13,697.5,14.51,12.66,21,28,6,5,False
2025-06-28 22:00:00,Kosovo,Kosovo,XK,688.23,746.28,8.6,6.54,22,28,6,5,False
2025-06-28 23:00:00,Kosovo,Kosovo,XK,687.38,745.17,8.81,5.9,23,28,6,5,False
2025-06-29 00:00:00,Kosovo,Kosovo,XK,701.57,760.3,6.86,5.33,0,29,6,6,False
2025-06-29 01:00:00,Kosovo,Kosovo,XK,699.94,758.32,7.22,5.2,1,29,6,6,False
2025-06-29 02:00:00,Kosovo,Kosovo,XK,684.43,741.6,9.49,5.81,2,29,6,6,False
2025-06-29 03:00:00,Kosovo,Kosovo,XK,658.75,714.06,13.12,7.48,3,29,6,6,False
2025-06-29 04:00:00,Kosovo,Kosovo,XK,576.67,627.94,23.4,16.59,4,29,6,6,False
2025-06-29 05:00:00,Kosovo,Kosovo,XK,523.6,572.76,29.96,24.1,5,29,6,6,False
2025-06-29 06:00:00,Kosovo,Kosovo,XK,559.15,609.73,25.85,21.58,6,29,6,6,False
2025-06-29 07:00:00,Kosovo,Kosovo,XK,598.54,650.33,21.52,15.55,7,29,6,6,False
2025-06-29 08:00:00,Kosovo,Kosovo,XK,638.39,693.98,15.6,11.45,8,29,6,6,False
2025-06-29 09:00:00,Kosovo,Kosovo,XK,617.98,672.91,18.18,13.61,9,29,6,6,False
2025-06-29 10:00:00,Kosovo,Kosovo,XK,612.57,667.18,18.86,14.57,10,29,6,6,False
2025-06-29 11:00:00,Kosovo,Kosovo,XK,601.79,655.98,20.24,15.5,11,29,6,6,False
2025-06-29 12:00:00,Kosovo,Kosovo,XK,601.13,655.36,20.29,15.38,12,29,6,6,False
2025-06-29 13:00:00,Kosovo,Kosovo,XK,612.02,666.48,18.97,14.41,13,29,6,6,False
2025-06-29 14:00:00,Kosovo,Kosovo,XK,633.68,688.72,16.2,12.5,14,29,6,6,False
2025-06-29 15:00:00,Kosovo,Kosovo,XK,613.59,666.93,19.09,13.79,15,29,6,6,False
2025-06-29 16:00:00,Kosovo,Kosovo,XK,612.17,667.97,16.88,14.14,16,29,6,6,False
2025-06-29 17:00:00,Kosovo,Kosovo,XK,596.44,656.37,15.15,13.99,17,29,6,6,False
2025-06-29 18:00:00,Kosovo,Kosovo,XK,584.08,643.21,16.87,15.08,18,29,6,6,False
2025-06-29 19:00:00,Kosovo,Kosovo,XK,567.98,626.69,18.59,16.75,19,29,6,6,False
2025-06-29 20:00:00,Kosovo,Kosovo,XK,573.14,632.16,17.96,15.89,20,29,6,6,False
2025-06-29 21:00:00,Kosovo,Kosovo,XK,596.23,656.03,15.69,13.04,21,29,6,6,False
2025-06-29 22:00:00,Kosovo,Kosovo,XK,626.41,688.89,11.48,8.01,22,29,6,6,False
2025-06-29 23:00:00,Kosovo,Kosovo,XK,614.34,677.56,12.3,8.85,23,29,6,6,False
2025-06-30 00:00:00,Kosovo,Kosovo,XK,625.36,687.27,12.17,7.92,0,30,6,0,False
2025-06-30 01:00:00,Kosovo,Kosovo,XK,612.09,674.61,12.99,9.04,1,30,6,0,False
2025-06-30 02:00:00,Kosovo,Kosovo,XK,614.68,677.5,12.53,8.91,2,30,6,0,False
2025-06-30 03:00:00,Kosovo,Kosovo,XK,611.94,676.19,11.72,9.63,3,30,6,0,False
2025-06-30 04:00:00,Kosovo,Kosovo,XK,584.37,648.15,14.74,12.94,4,30,6,0,False
2025-06-30 05:00:00,Kosovo,Kosovo,XK,541.99,601.63,21.78,18.85,5,30,6,0,False
2025-06-30 06:00:00,Kosovo,Kosovo,XK,495.1,546.55,31.76,28.7,6,30,6,0,False
2025-06-30 07:00:00,Kosovo,Kosovo,XK,484.05,533.06,34.58,31.17,7,30,6,0,False
2025-06-30 08:00:00,Kosovo,Kosovo,XK,483.2,532.03,34.96,31.69,8,30,6,0,False
2025-06-30 09:00:00,Kosovo,Kosovo,XK,496.89,546.23,33.39,29.76,9,30,6,0,False
2025-06-30 10:00:00,Kosovo,Kosovo,XK,524.12,574.72,29.92,26.51,10,30,6,0,False
2025-06-30 11:00:00,Kosovo,Kosovo,XK,548.76,600.45,26.67,23.54,11,30,6,0,False
2025-06-30 12:00:00,Kosovo,Kosovo,XK,546.55,598.39,26.82,23.39,12,30,6,0,False
2025-06-30 13:00:00,Kosovo,Kosovo,XK,538.45,590.78,27.34,23.52,13,30,6,0,False
2025-06-30 14:00:00,Kosovo,Kosovo,XK,572.76,627.28,22.17,19.13,14,30,6,0,False
2025-06-30 15:00:00,Kosovo,Kosovo,XK,580.69,637.71,19.06,17.34,15,30,6,0,False
2025-06-30 16:00:00,Kosovo,Kosovo,XK,514.55,568.66,26.42,26.31,16,30,6,0,False
2025-06-30 17:00:00,Kosovo,Kosovo,XK,482.76,534.23,30.83,30.72,17,30,6,0,False
2025-06-30 18:00:00,Kosovo,Kosovo,XK,502.38,554.92,28.34,28.15,18,30,6,0,False
2025-06-30 19:00:00,Kosovo,Kosovo,XK,509.48,563.37,26.85,26.68,19,30,6,0,False
2025-06-30 20:00:00,Kosovo,Kosovo,XK,575.34,636.39,16.55,15.79,20,30,6,0,False
2025-06-30 21:00:00,Kosovo,Kosovo,XK,602.33,665.91,13.1,11.25,21,30,6,0,False
2025-06-30 22:00:00,Kosovo,Kosovo,XK,634.99,692.75,14.1,9.86,22,30,6,0,False
2025-06-30 23:00:00,Kosovo,Kosovo,XK,674.51,732.53,10.04,6.92,23,30,6,0,False
2025-07-01 00:00:00,Kosovo,Kosovo,XK,690.88,748.0,8.99,7.09,0,1,7,1,False
2025-07-01 01:00:00,Kosovo,Kosovo,XK,683.26,740.59,9.59,7.11,1,1,7,1,False
2025-07-01 02:00:00,Kosovo,Kosovo,XK,697.18,755.14,7.87,6.04,2,1,7,1,False
2025-07-01 03:00:00,Kosovo,Kosovo,XK,718.25,777.37,5.05,3.81,3,1,7,1,False
2025-07-01 04:00:00,Kosovo,Kosovo,XK,646.46,705.91,11.83,8.06,4,1,7,1,False
2025-07-01 05:00:00,Kosovo,Kosovo,XK,577.44,636.1,19.22,14.63,5,1,7,1,False
2025-07-01 06:00:00,Kosovo,Kosovo,XK,538.62,592.01,26.75,21.68,6,1,7,1,False
2025-07-01 07:00:00,Kosovo,Kosovo,XK,531.23,582.12,29.19,24.0,7,1,7,1,False
2025-07-01 08:00:00,Kosovo,Kosovo,XK,527.03,577.31,30.12,24.53,8,1,7,1,False
2025-07-01 09:00:00,Kosovo,Kosovo,XK,528.34,577.96,30.28,24.82,9,1,7,1,False
2025-07-01 10:00:00,Kosovo,Kosovo,XK,564.77,615.84,25.64,20.82,10,1,7,1,False
2025-07-01 11:00:00,Kosovo,Kosovo,XK,589.11,640.93,22.77,17.82,11,1,7,1,False
2025-07-01 12:00:00,Kosovo,Kosovo,XK,595.26,647.48,22.0,16.75,12,1,7,1,False
2025-07-01 13:00:00,Kosovo,Kosovo,XK,581.51,632.95,23.87,17.92,13,1,7,1,False
2025-07-01 14:00:00,Kosovo,Kosovo,XK,608.41,660.46,20.16,15.26,14,1,7,1,False
2025-07-01 15:00:00,Kosovo,Kosovo,XK,613.75,666.45,18.58,15.81,15,1,7,1,False
2025-07-01 16:00:00,Kosovo,Kosovo,XK,594.65,653.79,16.03,15.75,16,1,7,1,False
2025-07-01 17:00:00,Kosovo,Kosovo,XK,540.34,597.23,22.4,21.93,17,1,7,1,False
2025-07-01 18:00:00,Kosovo,Kosovo,XK,555.36,611.74,21.33,20.59,18,1,7,1,False
2025-07-01 19:00:00,Kosovo,Kosovo,XK,565.68,623.55,19.46,18.8,19,1,7,1,False
2025-07-01 20:00:00,Kosovo,Kosovo,XK,614.58,677.11,12.25,11.0,20,1,7,1,False
2025-07-01 21:00:00,Kosovo,Kosovo,XK,607.71,670.43,12.97,11.06,21,1,7,1,False
2025-07-01 22:00:00,Kosovo,Kosovo,XK,651.31,711.9,10.65,6.99,22,1,7,1,False
2025-07-01 23:00:00,Kosovo,Kosovo,XK,690.26,748.43,8.39,5.71,23,1,7,1,False
2025-07-02 00:00:00,Kosovo,Kosovo,XK,704.31,763.03,6.8,4.3,0,2,7,2,False
2025-07-02 01:00:00,Kosovo,Kosovo,XK,693.04,752.48,7.45,4.23,1,2,7,2,False
2025-07-02 02:00:00,Kosovo,Kosovo,XK,687.03,746.57,7.86,4.8,2,2,7,2,False
2025-07-02 03:00:00,Kosovo,Kosovo,XK,681.97,742.54,7.61,4.53,3,2,7,2,False
2025-07-02 04:00:00,Kosovo,Kosovo,XK,610.2,673.04,13.17,9.6,4,2,7,2,False
2025-07-02 05:00:00,Kosovo,Kosovo,XK,566.3,626.7,19.15,15.11,5,2,7,2,False
2025-07-02 06:00:00,Kosovo,Kosovo,XK,543.83,598.05,25.71,20.89,6,2,7,2,False
2025-07-02 07:00:00,Kosovo,Kosovo,XK,525.14,576.59,29.63,24.54,7,2,7,2,False
2025-07-02 08:00:00,Kosovo,Kosovo,XK,522.29,572.51,30.71,25.68,8,2,7,2,False
2025-07-02 09:00:00,Kosovo,Kosovo,XK,518.16,568.03,31.34,26.25,9,2,7,2,False
2025-07-02 10:00:00,Kosovo,Kosovo,XK,533.1,583.73,29.38,24.44,10,2,7,2,False
2025-07-02 11:00:00,Kosovo,Kosovo,XK,559.16,610.91,25.91,21.57,11,2,7,2,False
2025-07-02 12:00:00,Kosovo,Kosovo,XK,552.69,604.69,26.4,22.11,12,2,7,2,False
2025-07-02 13:00:00,Kosovo,Kosovo,XK,561.2,614.68,24.57,20.5,13,2,7,2,False
2025-07-02 14:00:00,Kosovo,Kosovo,XK,580.97,637.66,20.6,15.88,14,2,7,2,False
2025-07-02 15:00:00,Kosovo,Kosovo,XK,628.92,689.19,13.19,9.62,15,2,7,2,False
2025-07-02 16:00:00,Kosovo,Kosovo,XK,645.78,707.51,9.86,8.49,16,2,7,2,False
2025-07-02 17:00:00,Kosovo,Kosovo,XK,559.99,619.77,18.82,18.13,17,2,7,2,False
2025-07-02 18:00:00,Kosovo,Kosovo,XK,576.16,636.36,17.06,16.1,18,2,7,2,False
2025-07-02 19:00:00,Kosovo,Kosovo,XK,581.71,642.02,16.51,15.35,19,2,7,2,False
2025-07-02 20:00:00,Kosovo,Kosovo,XK,616.15,678.01,12.41,11.38,20,2,7,2,False
2025-07-02 21:00:00,Kosovo,Kosovo,XK,690.71,750.38,7.38,4.3,21,2,7,2,False
2025-07-02 22:00:00,Kosovo,Kosovo,XK,690.25,749.1,8.17,5.47,22,2,7,2,False
2025-07-02 23:00:00,Kosovo,Kosovo,XK,692.99,751.95,7.85,5.23,23,2,7,2,False
2025-07-03 00:00:00,Kosovo,Kosovo,XK,698.05,757.23,7.23,4.62,0,3,7,3,False
2025-07-03 01:00:00,Kosovo,Kosovo,XK,700.34,759.5,6.96,4.6,1,3,7,3,False
2025-07-03 02:00:00,Kosovo,Kosovo,XK,696.79,756.29,7.05,4.35,2,3,7,3,False
2025-07-03 03:00:00,Kosovo,Kosovo,XK,685.7,746.11,7.45,4.34,3,3,7,3,False
2025-07-03 04:00:00,Kosovo,Kosovo,XK,605.18,667.52,14.0,10.21,4,3,7,3,False
2025-07-03 05:00:00,Kosovo,Kosovo,XK,554.74,616.25,19.71,16.09,5,3,7,3,False
2025-07-03 06:00:00,Kosovo,Kosovo,XK,528.84,582.74,27.43,23.29,6,3,7,3,False
2025-07-03 07:00:00,Kosovo,Kosovo,XK,505.54,556.83,31.41,27.81,7,3,7,3,False
2025-07-03 08:00:00,Kosovo,Kosovo,XK,490.62,540.13,34.1,30.44,8,3,7,3,False
2025-07-03 09:00:00,Kosovo,Kosovo,XK,489.87,538.77,34.6,31.13,9,3,7,3,False
2025-07-03 10:00:00,Kosovo,Kosovo,XK,495.03,544.13,34.02,30.41,10,3,7,3,False
2025-07-03 11:00:00,Kosovo,Kosovo,XK,500.42,550.02,33.12,29.68,11,3,7,3,False
2025-07-03 12:00:00,Kosovo,Kosovo,XK,500.16,550.09,32.9,29.56,12,3,7,3,False
2025-07-03 13:00:00,Kosovo,Kosovo,XK,507.25,558.7,31.17,27.62,13,3,7,3,False
2025-07-03 14:00:00,Kosovo,Kosovo,XK,547.67,604.54,23.36,20.37,14,3,7,3,False
2025-07-03 15:00:00,Kosovo,Kosovo,XK,624.42,685.93,12.38,10.45,15,3,7,3,False
2025-07-03 16:00:00,Kosovo,Kosovo,XK,514.45,567.5,27.24,27.16,16,3,7,3,False
2025-07-03 17:00:00,Kosovo,Kosovo,XK,531.03,586.87,23.81,23.63,17,3,7,3,False
2025-07-03 18:00:00,Kosovo,Kosovo,XK,550.69,607.03,21.69,21.16,18,3,7,3,False
2025-07-03 19:00:00,Kosovo,Kosovo,XK,563.74,621.99,19.3,18.92,19,3,7,3,False
2025-07-03 20:00:00,Kosovo,Kosovo,XK,606.45,668.01,13.45,12.61,20,3,7,3,False
2025-07-03 21:00:00,Kosovo,Kosovo,XK,633.64,696.31,10.75,8.44,21,3,7,3,False
2025-07-03 22:00:00,Kosovo,Kosovo,XK,617.05,681.29,11.66,8.53,22,3,7,3,False
2025-07-03 23:00:00,Kosovo,Kosovo,XK,624.14,689.05,10.5,7.66,23,3,7,3,False
2025-07-04 00:00:00,Kosovo,Kosovo,XK,667.81,732.59,6.21,4.38,0,4,7,4,False
2025-07-04 01:00:00,Kosovo,Kosovo,XK,672.7,737.62,5.62,4.12,1,4,7,4,False
2025-07-04 02:00:00,Kosovo,Kosovo,XK,657.1,723.75,6.01,5.29,2,4,7,4,False
2025-07-04 03:00:00,Kosovo,Kosovo,XK,642.16,708.12,7.81,6.99,3,4,7,4,False
2025-07-04 04:00:00,Kosovo,Kosovo,XK,602.1,667.26,12.23,10.52,4,4,7,4,False
2025-07-04 05:00:00,Kosovo,Kosovo,XK,559.62,621.0,19.1,16.15,5,4,7,4,False
2025-07-04 06:00:00,Kosovo,Kosovo,XK,545.21,603.56,22.65,19.99,6,4,7,4,False
2025-07-04 07:00:00,Kosovo,Kosovo,XK,526.0,582.13,26.11,22.81,7,4,7,4,False
2025-07-04 08:00:00,Kosovo,Kosovo,XK,509.48,564.41,28.59,25.49,8,4,7,4,False
2025-07-04 09:00:00,Kosovo,Kosovo,XK,495.96,549.95,30.48,27.59,9,4,7,4,False
2025-07-04 10:00:00,Kosovo,Kosovo,XK,499.47,553.54,30.01,27.36,10,4,7,4,False
2025-07-04 11:00:00,Kosovo,Kosovo,XK,501.99,555.97,29.85,26.95,11,4,7,4,False
2025-07-04 12:00:00,Kosovo,Kosovo,XK,503.03,557.23,29.53,26.96,12,4,7,4,False
2025-07-04 13:00:00,Kosovo,Kosovo,XK,516.54,571.51,27.5,24.9,13,4,7,4,False
2025-07-04 14:00:00,Kosovo,Kosovo,XK,553.99,611.71,21.58,20.0,14,4,7,4,False
2025-07-04 15:00:00,Kosovo,Kosovo,XK,601.77,661.29,15.46,14.71,15,4,7,4,False
2025-07-04 16:00:00,Kosovo,Kosovo,XK,512.29,569.53,25.18,25.08,16,4,7,4,False
2025-07-04 17:00:00,Kosovo,Kosovo,XK,536.56,593.59,22.82,22.66,17,4,7,4,False
2025-07-04 18:00:00,Kosovo,Kosovo,XK,526.35,583.37,23.48,23.32,18,4,7,4,False
2025-07-04 19:00:00,Kosovo,Kosovo,XK,558.2,616.36,19.91,19.78,19,4,7,4,False
2025-07-04 20:00:00,Kosovo,Kosovo,XK,627.01,688.86,11.19,10.82,20,4,7,4,False
2025-07-04 21:00:00,Kosovo,Kosovo,XK,681.11,740.69,7.81,6.83,21,4,7,4,False
2025-07-04 22:00:00,Kosovo,Kosovo,XK,641.74,704.2,9.78,8.79,22,4,7,4,False
2025-07-04 23:00:00,Kosovo,Kosovo,XK,697.87,756.99,6.64,5.42,23,4,7,4,False
2025-07-05 00:00:00,Kosovo,Kosovo,XK,711.78,770.6,5.61,4.89,0,5,7,5,False
2025-07-05 01:00:00,Kosovo,Kosovo,XK,712.12,771.07,5.56,4.82,1,5,7,5,False
2025-07-05 02:00:00,Kosovo,Kosovo,XK,700.08,758.53,6.99,5.74,2,5,7,5,False
2025-07-05 03:00:00,Kosovo,Kosovo,XK,708.07,766.81,6.09,5.19,3,5,7,5,False
2025-07-05 04:00:00,Kosovo,Kosovo,XK,689.01,746.97,8.5,6.41,4,5,7,5,False
2025-07-05 05:00:00,Kosovo,Kosovo,XK,655.99,711.85,13.15,9.56,5,5,7,5,False
2025-07-05 06:00:00,Kosovo,Kosovo,XK,604.93,657.82,20.07,15.16,6,5,7,5,False
2025-07-05 07:00:00,Kosovo,Kosovo,XK,629.25,683.88,16.64,13.04,7,5,7,5,False
2025-07-05 08:00:00,Kosovo,Kosovo,XK,631.89,688.12,15.92,11.52,8,5,7,5,False
2025-07-05 09:00:00,Kosovo,Kosovo,XK,612.5,668.08,18.34,13.69,9,5,7,5,False
2025-07-05 10:00:00,Kosovo,Kosovo,XK,609.53,665.04,18.7,14.15,10,5,7,5,False
2025-07-05 11:00:00,Kosovo,Kosovo,XK,606.77,662.22,19.02,14.57,11,5,7,5,False
2025-07-05 12:00:00,Kosovo,Kosovo,XK,610.99,666.51,18.45,14.17,12,5,7,5,False
2025-07-05 13:00:00,Kosovo,Kosovo,XK,613.67,669.45,17.99,14.26,13,5,7,5,False
2025-07-05 14:00:00,Kosovo,Kosovo,XK,625.57,681.75,16.46,12.81,14,5,7,5,False
2025-07-05 15:00:00,Kosovo,Kosovo,XK,623.48,679.27,16.39,13.99,15,5,7,5,False
2025-07-05 16:00:00,Kosovo,Kosovo,XK,558.47,616.46,20.59,20.33,16,5,7,5,False
2025-07-05 17:00:00,Kosovo,Kosovo,XK,546.16,604.92,20.54,20.36,17,5,7,5,False
2025-07-05 18:00:00,Kosovo,Kosovo,XK,577.55,636.55,17.46,17.11,18,5,7,5,False
2025-07-05 19:00:00,Kosovo,Kosovo,XK,615.26,675.94,13.03,12.44,19,5,7,5,False
2025-07-05 20:00:00,Kosovo,Kosovo,XK,641.49,702.82,10.46,9.66,20,5,7,5,False
2025-07-05 21:00:00,Kosovo,Kosovo,XK,664.4,725.75,8.5,7.22,21,5,7,5,False
2025-07-05 22:00:00,Kosovo,Kosovo,XK,682.54,740.56,9.2,7.14,22,5,7,5,False
2025-07-05 23:00:00,Kosovo,Kosovo,XK,679.88,738.26,9.37,6.9,23,5,7,5,False
2025-07-06 00:00:00,Kosovo,Kosovo,XK,692.13,751.15,7.78,5.71,0,6,7,6,False
2025-07-06 01:00:00,Kosovo,Kosovo,XK,703.63,763.27,6.29,4.47,1,6,7,6,False
2025-07-06 02:00:00,Kosovo,Kosovo,XK,703.47,763.15,6.24,4.16,2,6,7,6,False
2025-07-06 03:00:00,Kosovo,Kosovo,XK,702.32,761.72,6.52,4.6,3,6,7,6,False
2025-07-06 04:00:00,Kosovo,Kosovo,XK,689.52,747.94,8.39,5.43,4,6,7,6,False
2025-07-06 05:00:00,Kosovo,Kosovo,XK,634.47,689.38,16.15,10.52,5,6,7,6,False
2025-07-06 06:00:00,Kosovo,Kosovo,XK,547.69,598.39,27.52,21.25,6,6,7,6,False
2025-07-06 07:00:00,Kosovo,Kosovo,XK,522.55,571.71,31.03,24.18,7,6,7,6,False
2025-07-06 08:00:00,Kosovo,Kosovo,XK,561.31,612.49,26.02,18.94,8,6,7,6,False
2025-07-06 09:00:00,Kosovo,Kosovo,XK,568.84,620.96,24.78,18.12,9,6,7,6,False
2025-07-06 10:00:00,Kosovo,Kosovo,XK,592.04,645.86,21.49,15.6,10,6,7,6,False
2025-07-06 11:00:00,Kosovo,Kosovo,XK,603.59,658.17,19.84,14.58,11,6,7,6,False
2025-07-06 12:00:00,Kosovo,Kosovo,XK,594.15,648.08,21.15,15.35,12,6,7,6,False
2025-07-06 13:00:00,Kosovo,Kosovo,XK,591.12,644.4,21.83,15.5,13,6,7,6,False
2025-07-06 14:00:00,Kosovo,Kosovo,XK,617.69,672.52,18.14,12.64,14,6,7,6,False
2025-07-06 15:00:00,Kosovo,Kosovo,XK,639.39,694.95,14.89,12.33,15,6,7,6,False
2025-07-06 16:00:00,Kosovo,Kosovo,XK,602.16,660.35,16.39,15.82,16,6,7,6,False
2025-07-06 17:00:00,Kosovo,Kosovo,XK,589.73,647.37,17.64,16.97,17,6,7,6,False
2025-07-06 18:00:00,Kosovo,Kosovo,XK,614.78,673.03,14.87,14.0,18,6,7,6,False
2025-07-06 19:00:00,Kosovo,Kosovo,XK,643.11,702.85,11.37,10.52,19,6,7,6,False
2025-07-06 20:00:00,Kosovo,Kosovo,XK,653.47,711.14,11.73,10.83,20,6,7,6,False
2025-07-06 21:00:00,Kosovo,Kosovo,XK,656.92,713.55,11.92,10.24,21,6,7,6,False
2025-07-06 22:00:00,Kosovo,Kosovo,XK,691.06,749.14,7.79,5.58,22,6,7,6,False
2025-07-06 23:00:00,Kosovo,Kosovo,XK,693.34,752.23,7.66,5.65,23,6,7,6,False
2025-07-07 00:00:00,Kosovo,Kosovo,XK,695.1,753.93,7.49,5.84,0,7,7,0,False
2025-07-07 01:00:00,Kosovo,Kosovo,XK,706.08,765.18,6.16,5.28,1,7,7,0,False
2025-07-07 02:00:00,Kosovo,Kosovo,XK,709.44,768.73,5.7,5.11,2,7,7,0,False
2025-07-07 03:00:00,Kosovo,Kosovo,XK,693.15,753.24,6.6,5.04,3,7,7,0,False
2025-07-07 04:00:00,Kosovo,Kosovo,XK,636.78,698.47,10.94,8.48,4,7,7,0,False
2025-07-07 05:00:00,Kosovo,Kosovo,XK,593.81,654.12,16.21,12.8,5,7,7,0,False
2025-07-07 06:00:00,Kosovo,Kosovo,XK,557.89,617.64,20.19,17.56,6,7,7,0,False
2025-07-07 07:00:00,Kosovo,Kosovo,XK,549.43,605.61,23.35,19.42,7,7,7,0,False
2025-07-07 08:00:00,Kosovo,Kosovo,XK,541.27,596.38,24.87,20.79,8,7,7,0,False
2025-07-07 09:00:00,Kosovo,Kosovo,XK,536.82,592.02,25.39,21.06,9,7,7,0,False
2025-07-07 10:00:00,Kosovo,Kosovo,XK,524.74,579.94,27.01,22.59,10,7,7,0,False
2025-07-07 11:00:00,Kosovo,Kosovo,XK,627.13,682.51,16.56,13.54,11,7,7,0,False
2025-07-07 12:00:00,Kosovo,Kosovo,XK,609.61,662.27,19.32,17.84,12,7,7,0,False
2025-07-07 13:00:00,Kosovo,Kosovo,XK,668.46,724.86,11.53,9.81,13,7,7,0,False
2025-07-07 14:00:00,Kosovo,Kosovo,XK,634.58,688.83,15.82,15.13,14,7,7,0,False
2025-07-07 15:00:00,Kosovo,Kosovo,XK,636.63,692.44,14.71,14.42,15,7,7,0,False
2025-07-07 16:00:00,Kosovo,Kosovo,XK,614.17,671.44,15.99,15.84,16,7,7,0,False
2025-07-07 17:00:00,Kosovo,Kosovo,XK,608.82,666.27,16.26,16.08,17,7,7,0,False
2025-07-07 18:00:00,Kosovo,Kosovo,XK,602.11,659.15,17.06,16.87,18,7,7,0,False
2025-07-07 19:00:00,Kosovo,Kosovo,XK,617.19,675.17,15.17,14.93,19,7,7,0,False
2025-07-07 20:00:00,Kosovo,Kosovo,XK,638.96,697.16,12.94,12.44,20,7,7,0,False
2025-07-07 21:00:00,Kosovo,Kosovo,XK,646.48,701.31,14.0,12.27,21,7,7,0,False
2025-07-07 22:00:00,Kosovo,Kosovo,XK,690.48,748.62,8.23,6.34,22,7,7,0,False
2025-07-07 23:00:00,Kosovo,Kosovo,XK,703.27,762.47,6.52,5.02,23,7,7,0,False
2025-07-08 00:00:00,Kosovo,Kosovo,XK,717.52,777.25,4.74,3.77,0,8,7,1,False
2025-07-08 01:00:00,Kosovo,Kosovo,XK,722.25,782.13,4.16,3.37,1,8,7,1,False
2025-07-08 02:00:00,Kosovo,Kosovo,XK,718.56,778.24,4.63,3.78,2,8,7,1,False
2025-07-08 03:00:00,Kosovo,Kosovo,XK,722.06,781.47,4.34,3.7,3,8,7,1,False
2025-07-08 04:00:00,Kosovo,Kosovo,XK,718.87,777.94,4.79,4.05,4,8,7,1,False
2025-07-08 05:00:00,Kosovo,Kosovo,XK,682.08,740.04,9.16,7.62,5,8,7,1,False
2025-07-08 06:00:00,Kosovo,Kosovo,XK,634.51,690.26,15.32,12.93,6,8,7,1,False
2025-07-08 07:00:00,Kosovo,Kosovo,XK,530.03,584.02,27.1,23.28,7,8,7,1,False
2025-07-08 08:00:00,Kosovo,Kosovo,XK,512.86,564.49,30.35,25.87,8,8,7,1,False
2025-07-08 09:00:00,Kosovo,Kosovo,XK,521.83,574.31,28.88,25.57,9,8,7,1,False
2025-07-08 10:00:00,Kosovo,Kosovo,XK,536.33,589.44,27.03,24.18,10,8,7,1,False
2025-07-08 11:00:00,Kosovo,Kosovo,XK,547.51,600.93,25.78,22.81,11,8,7,1,False
2025-07-08 12:00:00,Kosovo,Kosovo,XK,562.87,616.85,23.9,20.88,12,8,7,1,False
2025-07-08 13:00:00,Kosovo,Kosovo,XK,574.96,629.33,22.33,19.02,13,8,7,1,False
2025-07-08 14:00:00,Kosovo,Kosovo,XK,624.54,683.14,14.48,12.35,14,8,7,1,False
2025-07-08 15:00:00,Kosovo,Kosovo,XK,619.78,675.57,16.32,15.56,15,8,7,1,False
2025-07-08 16:00:00,Kosovo,Kosovo,XK,536.29,587.45,27.05,26.94,16,8,7,1,False
2025-07-08 17:00:00,Kosovo,Kosovo,XK,573.45,627.69,21.52,21.46,17,8,7,1,False
2025-07-08 18:00:00,Kosovo,Kosovo,XK,554.73,608.03,23.81,23.72,18,8,7,1,False
2025-07-08 19:00:00,Kosovo,Kosovo,XK,566.18,620.09,22.43,22.35,19,8,7,1,False
2025-07-08 20:00:00,Kosovo,Kosovo,XK,622.35,677.69,16.21,15.64,20,8,7,1,False
2025-07-08 21:00:00,Kosovo,Kosovo,XK,651.64,706.86,13.4,12.08,21,8,7,1,False
2025-07-08 22:00:00,Kosovo,Kosovo,XK,637.01,692.39,15.07,13.02,22,8,7,1,False
2025-07-08 23:00:00,Kosovo,Kosovo,XK,638.3,693.78,14.88,12.97,23,8,7,1,False
2025-07-09 00:00:00,Kosovo,Kosovo,XK,670.21,727.36,10.8,9.29,0,9,7,2,False
2025-07-09 01:00:00,Kosovo,Kosovo,XK,671.41,728.33,10.74,9.58,1,9,7,2,False
2025-07-09 02:00:00,Kosovo,Kosovo,XK,674.15,731.05,10.46,9.42,2,9,7,2,False
2025-07-09 03:00:00,Kosovo,Kosovo,XK,723.85,782.4,4.44,4.17,3,9,7,2,False
2025-07-09 04:00:00,Kosovo,Kosovo,XK,725.72,784.36,4.02,3.59,4,9,7,2,False
2025-07-09 05:00:00,Kosovo,Kosovo,XK,683.08,739.87,9.17,8.09,5,9,7,2,False
2025-07-09 06:00:00,Kosovo,Kosovo,XK,634.38,696.94,10.64,10.15,6,9,7,2,False
2025-07-09 07:00:00,Kosovo,Kosovo,XK,543.83,605.79,20.43,19.54,7,9,7,2,False
2025-07-09 08:00:00,Kosovo,Kosovo,XK,536.53,596.02,22.75,21.77,8,9,7,2,False
2025-07-09 09:00:00,Kosovo,Kosovo,XK,535.81,594.67,23.12,22.83,9,9,7,2,False
2025-07-09 10:00:00,Kosovo,Kosovo,XK,533.9,591.83,23.81,23.57,10,9,7,2,False
2025-07-09 11:00:00,Kosovo,Kosovo,XK,541.77,599.33,23.12,22.88,11,9,7,2,False
2025-07-09 12:00:00,Kosovo,Kosovo,XK,569.54,628.68,19.4,19.24,12,9,7,2,False
2025-07-09 13:00:00,Kosovo,Kosovo,XK,599.71,660.57,15.31,15.18,13,9,7,2,False
2025-07-09 14:00:00,Kosovo,Kosovo,XK,640.61,702.45,10.49,10.39,14,9,7,2,False
2025-07-09 15:00:00,Kosovo,Kosovo,XK,660.28,719.96,9.7,9.56,15,9,7,2,False
2025-07-09 16:00:00,Kosovo,Kosovo,XK,590.07,644.63,20.09,20.0,16,9,7,2,False
2025-07-09 17:00:00,Kosovo,Kosovo,XK,614.31,673.72,14.26,14.09,17,9,7,2,False
2025-07-09 18:00:00,Kosovo,Kosovo,XK,642.84,702.66,11.25,10.22,18,9,7,2,False
2025-07-09 19:00:00,Kosovo,Kosovo,XK,653.06,712.86,10.15,8.98,19,9,7,2,False
2025-07-09 20:00:00,Kosovo,Kosovo,XK,642.07,698.93,13.15,10.17,20,9,7,2,False
2025-07-09 21:00:00,Kosovo,Kosovo,XK,611.36,670.21,15.0,10.96,21,9,7,2,False
2025-07-09 22:00:00,Kosovo,Kosovo,XK,594.83,654.84,16.35,10.98,22,9,7,2,False
2025-07-09 23:00:00,Kosovo,Kosovo,XK,607.94,668.18,14.96,9.47,23,9,7,2,False
2025-07-10 00:00:00,Kosovo,Kosovo,XK,612.84,673.02,14.5,9.15,0,10,7,3,False
2025-07-10 01:00:00,Kosovo,Kosovo,XK,617.16,677.41,14.0,9.04,1,10,7,3,False
2025-07-10 02:00:00,Kosovo,Kosovo,XK,621.06,682.07,13.08,9.1,2,10,7,3,False
2025-07-10 03:00:00,Kosovo,Kosovo,XK,672.11,729.73,10.29,8.24,3,10,7,3,False
2025-07-10 04:00:00,Kosovo,Kosovo,XK,657.76,714.79,11.98,9.99,4,10,7,3,False
2025-07-10 05:00:00,Kosovo,Kosovo,XK,630.75,686.04,15.65,13.53,5,10,7,3,False
2025-07-10 06:00:00,Kosovo,Kosovo,XK,563.99,617.33,23.64,21.23,6,10,7,3,False
2025-07-10 07:00:00,Kosovo,Kosovo,XK,483.16,532.37,34.55,31.66,7,10,7,3,False
2025-07-10 08:00:00,Kosovo,Kosovo,XK,468.55,516.37,36.95,34.46,8,10,7,3,False
2025-07-10 09:00:00,Kosovo,Kosovo,XK,477.59,525.46,36.11,34.19,9,10,7,3,False
2025-07-10 10:00:00,Kosovo,Kosovo,XK,495.87,544.4,33.86,31.67,10,10,7,3,False
2025-07-10 11:00:00,Kosovo,Kosovo,XK,510.37,559.58,32.06,29.18,11,10,7,3,False
2025-07-10 12:00:00,Kosovo,Kosovo,XK,533.52,584.17,28.86,26.02,12,10,7,3,False
2025-07-10 13:00:00,Kosovo,Kosovo,XK,560.58,613.84,24.41,22.66,13,10,7,3,False
2025-07-10 14:00:00,Kosovo,Kosovo,XK,598.01,655.03,18.22,14.84,14,10,7,3,False
2025-07-10 15:00:00,Kosovo,Kosovo,XK,640.64,699.79,12.26,9.5,15,10,7,3,False
2025-07-10 16:00:00,Kosovo,Kosovo,XK,658.21,715.1,11.83,11.38,16,10,7,3,False
2025-07-10 17:00:00,Kosovo,Kosovo,XK,647.04,704.95,12.5,12.2,17,10,7,3,False
2025-07-10 18:00:00,Kosovo,Kosovo,XK,663.47,722.9,9.86,9.54,18,10,7,3,False
2025-07-10 19:00:00,Kosovo,Kosovo,XK,666.27,725.68,9.56,8.66,19,10,7,3,False
2025-07-10 20:00:00,Kosovo,Kosovo,XK,697.34,755.3,7.48,6.24,20,10,7,3,False
2025-07-10 21:00:00,Kosovo,Kosovo,XK,687.58,746.26,8.19,5.67,21,10,7,3,False
2025-07-10 22:00:00,Kosovo,Kosovo,XK,669.07,728.01,9.8,6.53,22,10,7,3,False
2025-07-10 23:00:00,Kosovo,Kosovo,XK,667.19,725.89,10.14,6.84,23,10,7,3,False
2025-07-11 00:00:00,Kosovo,Kosovo,XK,655.84,715.7,10.53,6.28,0,11,7,4,False
2025-07-11 01:00:00,Kosovo,Kosovo,XK,662.07,721.84,9.97,6.01,1,11,7,4,False
2025-07-11 02:00:00,Kosovo,Kosovo,XK,645.2,705.11,11.49,6.92,2,11,7,4,False
2025-07-11 03:00:00,Kosovo,Kosovo,XK,641.72,702.46,11.21,7.66,3,11,7,4,False
2025-07-11 04:00:00,Kosovo,Kosovo,XK,616.75,678.7,12.83,10.06,4,11,7,4,False
2025-07-11 05:00:00,Kosovo,Kosovo,XK,566.52,628.39,17.88,15.47,5,11,7,4,False
2025-07-11 06:00:00,Kosovo,Kosovo,XK,554.41,613.3,21.19,18.36,6,11,7,4,False
2025-07-11 07:00:00,Kosovo,Kosovo,XK,533.77,585.22,28.23,24.45,7,11,7,4,False
2025-07-11 08:00:00,Kosovo,Kosovo,XK,525.92,577.79,28.88,25.92,8,11,7,4,False
2025-07-11 09:00:00,Kosovo,Kosovo,XK,523.33,575.54,28.97,26.71,9,11,7,4,False
2025-07-11 10:00:00,Kosovo,Kosovo,XK,560.58,613.13,25.07,21.71,10,11,7,4,False
2025-07-11 11:00:00,Kosovo,Kosovo,XK,603.71,657.8,19.66,16.57,11,11,7,4,False
2025-07-11 12:00:00,Kosovo,Kosovo,XK,606.57,661.15,19.0,16.58,12,11,7,4,False
2025-07-11 13:00:00,Kosovo,Kosovo,XK,639.79,695.3,15.14,11.79,13,11,7,4,False
2025-07-11 14:00:00,Kosovo,Kosovo,XK,656.95,713.72,12.6,9.22,14,11,7,4,False
2025-07-11 15:00:00,Kosovo,Kosovo,XK,663.28,720.48,11.48,9.55,15,11,7,4,False
2025-07-11 16:00:00,Kosovo,Kosovo,XK,625.95,681.48,15.93,14.84,16,11,7,4,False
2025-07-11 17:00:00,Kosovo,Kosovo,XK,627.12,685.69,13.71,13.55,17,11,7,4,False
2025-07-11 18:00:00,Kosovo,Kosovo,XK,637.52,697.25,12.02,11.78,18,11,7,4,False
2025-07-11 19:00:00,Kosovo,Kosovo,XK,660.51,720.89,9.49,8.78,19,11,7,4,False
2025-07-11 20:00:00,Kosovo,Kosovo,XK,691.46,749.31,8.12,6.76,20,11,7,4,False
2025-07-11 21:00:00,Kosovo,Kosovo,XK,685.62,743.45,8.92,7.12,21,11,7,4,False
2025-07-11 22:00:00,Kosovo,Kosovo,XK,668.66,726.56,10.89,7.74,22,11,7,4,False
2025-07-11 23:00:00,Kosovo,Kosovo,XK,685.25,744.02,8.78,5.69,23,11,7,4,False
2025-07-12 00:00:00,Kosovo,Kosovo,XK,705.12,764.49,6.3,4.44,0,12,7,5,False
2025-07-12 01:00:00,Kosovo,Kosovo,XK,711.78,771.34,5.46,3.9,1,12,7,5,False
2025-07-12 02:00:00,Kosovo,Kosovo,XK,712.42,771.87,5.42,3.93,2,12,7,5,False
2025-07-12 03:00:00,Kosovo,Kosovo,XK,701.98,760.78,6.86,4.62,3,12,7,5,False
2025-07-12 04:00:00,Kosovo,Kosovo,XK,667.12,723.45,11.83,7.57,4,12,7,5,False
2025-07-12 05:00:00,Kosovo,Kosovo,XK,633.35,688.0,16.38,10.57,5,12,7,5,False
2025-07-12 06:00:00,Kosovo,Kosovo,XK,595.63,648.78,21.19,15.29,6,12,7,5,False
2025-07-12 07:00:00,Kosovo,Kosovo,XK,545.15,596.53,27.47,21.95,7,12,7,5,False
2025-07-12 08:00:00,Kosovo,Kosovo,XK,562.98,614.68,25.52,20.51,8,12,7,5,False
2025-07-12 09:00:00,Kosovo,Kosovo,XK,655.53,711.57,13.38,9.62,9,12,7,5,False
2025-07-12 10:00:00,Kosovo,Kosovo,XK,663.23,719.89,12.26,8.65,10,12,7,5,False
2025-07-12 11:00:00,Kosovo,Kosovo,XK,671.03,728.53,11.0,8.38,11,12,7,5,False
2025-07-12 12:00:00,Kosovo,Kosovo,XK,664.64,722.21,11.67,9.37,12,12,7,5,False
2025-07-12 13:00:00,Kosovo,Kosovo,XK,656.34,713.55,12.74,10.39,13,12,7,5,False
2025-07-12 14:00:00,Kosovo,Kosovo,XK,650.44,706.81,13.59,10.95,14,12,7,5,False
2025-07-12 15:00:00,Kosovo,Kosovo,XK,649.99,706.31,13.57,10.83,15,12,7,5,False
2025-07-12 16:00:00,Kosovo,Kosovo,XK,623.34,678.81,16.41,15.39,16,12,7,5,False
2025-07-12 17:00:00,Kosovo,Kosovo,XK,640.23,697.47,13.39,12.77,17,12,7,5,False
2025-07-12 18:00:00,Kosovo,Kosovo,XK,642.71,699.83,13.01,12.33,18,12,7,5,False
2025-07-12 19:00:00,Kosovo,Kosovo,XK,645.52,702.83,12.59,11.92,19,12,7,5,False
2025-07-12 20:00:00,Kosovo,Kosovo,XK,673.35,729.39,10.64,9.12,20,12,7,5,False
2025-07-12 21:00:00,Kosovo,Kosovo,XK,669.87,727.42,10.83,7.78,21,12,7,5,False
2025-07-12 22:00:00,Kosovo,Kosovo,XK,678.8,737.28,9.58,6.3,22,12,7,5,False
2025-07-12 23:00:00,Kosovo,Kosovo,XK,704.24,763.77,6.35,4.1,23,12,7,5,False
2025-07-13 00:00:00,Kosovo,Kosovo,XK,700.42,759.1,7.02,5.41,0,13,7,6,False
2025-07-13 01:00:00,Kosovo,Kosovo,XK,700.03,758.59,7.11,5.52,1,13,7,6,False
2025-07-13 02:00:00,Kosovo,Kosovo,XK,685.9,743.39,9.21,5.78,2,13,7,6,False
2025-07-13 03:00:00,Kosovo,Kosovo,XK,666.47,723.0,11.72,6.93,3,13,7,6,False
2025-07-13 04:00:00,Kosovo,Kosovo,XK,622.52,679.58,15.73,10.45,4,13,7,6,False
2025-07-13 05:00:00,Kosovo,Kosovo,XK,594.68,648.02,21.14,14.31,5,13,7,6,False
2025-07-13 06:00:00,Kosovo,Kosovo,XK,544.14,595.3,27.7,21.52,6,13,7,6,False
2025-07-13 07:00:00,Kosovo,Kosovo,XK,525.65,576.11,29.96,25.67,7,13,7,6,False
2025-07-13 08:00:00,Kosovo,Kosovo,XK,557.68,609.56,25.82,22.52,8,13,7,6,False
2025-07-13 09:00:00,Kosovo,Kosovo,XK,663.72,721.49,11.86,8.89,9,13,7,6,False
2025-07-13 10:00:00,Kosovo,Kosovo,XK,629.63,686.48,16.09,12.27,10,13,7,6,False
2025-07-13 11:00:00,Kosovo,Kosovo,XK,616.6,672.99,17.72,13.68,11,13,7,6,False
2025-07-13 12:00:00,Kosovo,Kosovo,XK,599.38,655.18,19.94,15.51,12,13,7,6,False
2025-07-13 13:00:00,Kosovo,Kosovo,XK,578.56,633.3,22.66,17.39,13,13,7,6,False
2025-07-13 14:00:00,Kosovo,Kosovo,XK,608.05,663.43,18.97,14.49,14,13,7,6,False
2025-07-13 15:00:00,Kosovo,Kosovo,XK,628.82,684.6,16.26,12.74,15,13,7,6,False
2025-07-13 16:00:00,Kosovo,Kosovo,XK,640.54,695.31,15.03,13.67,16,13,7,6,False
2025-07-13 17:00:00,Kosovo,Kosovo,XK,652.61,709.56,12.15,10.96,17,13,7,6,False
2025-07-13 18:00:00,Kosovo,Kosovo,XK,648.61,706.5,12.03,11.44,18,13,7,6,False
2025-07-13 19:00:00,Kosovo,Kosovo,XK,648.86,706.8,11.93,11.06,19,13,7,6,False
2025-07-13 20:00:00,Kosovo,Kosovo,XK,654.89,710.99,12.34,11.55,20,13,7,6,False
2025-07-13 21:00:00,Kosovo,Kosovo,XK,681.1,738.06,9.75,8.46,21,13,7,6,False
2025-07-13 22:00:00,Kosovo,Kosovo,XK,700.77,759.66,6.97,4.98,22,13,7,6,False
2025-07-13 23:00:00,Kosovo,Kosovo,XK,703.31,761.95,6.71,5.22,23,13,7,6,False
2025-07-14 00:00:00,Kosovo,Kosovo,XK,717.19,776.98,4.62,3.48,0,14,7,0,False
2025-07-14 01:00:00,Kosovo,Kosovo,XK,720.93,780.51,4.41,3.64,1,14,7,0,False
2025-07-14 02:00:00,Kosovo,Kosovo,XK,722.56,782.23,4.16,3.54,2,14,7,0,False
2025-07-14 03:00:00,Kosovo,Kosovo,XK,724.33,784.78,3.45,2.52,3,14,7,0,False
2025-07-14 04:00:00,Kosovo,Kosovo,XK,645.54,707.54,10.12,7.42,4,14,7,0,False
2025-07-14 05:00:00,Kosovo,Kosovo,XK,580.97,643.57,16.22,13.19,5,14,7,0,False
2025-07-14 06:00:00,Kosovo,Kosovo,XK,542.24,602.96,21.43,18.23,6,14,7,0,False
2025-07-14 07:00:00,Kosovo,Kosovo,XK,527.76,585.85,24.78,20.67,7,14,7,0,False
2025-07-14 08:00:00,Kosovo,Kosovo,XK,510.65,567.35,27.47,23.95,8,14,7,0,False
2025-07-14 09:00:00,Kosovo,Kosovo,XK,501.02,557.16,28.73,25.57,9,14,7,0,False
2025-07-14 10:00:00,Kosovo,Kosovo,XK,499.75,555.89,28.79,25.96,10,14,7,0,False
2025-07-14 11:00:00,Kosovo,Kosovo,XK,513.6,570.08,27.27,24.19,11,14,7,0,False
2025-07-14 12:00:00,Kosovo,Kosovo,XK,533.33,590.14,25.08,21.62,12,14,7,0,False
2025-07-14 13:00:00,Kosovo,Kosovo,XK,588.85,647.23,18.18,14.44,13,14,7,0,False
2025-07-14 14:00:00,Kosovo,Kosovo,XK,621.14,680.57,14.08,11.32,14,14,7,0,False
2025-07-14 15:00:00,Kosovo,Kosovo,XK,615.75,668.61,18.3,16.21,15,14,7,0,False
2025-07-14 16:00:00,Kosovo,Kosovo,XK,503.55,554.4,30.14,29.98,16,14,7,0,False
2025-07-14 17:00:00,Kosovo,Kosovo,XK,502.89,557.14,28.12,27.81,17,14,7,0,False
2025-07-14 18:00:00,Kosovo,Kosovo,XK,519.52,573.23,26.67,26.44,18,14,7,0,False
2025-07-14 19:00:00,Kosovo,Kosovo,XK,529.63,584.53,24.94,24.51,19,14,7,0,False
2025-07-14 20:00:00,Kosovo,Kosovo,XK,586.93,643.31,18.38,17.85,20,14,7,0,False
2025-07-14 21:00:00,Kosovo,Kosovo,XK,673.48,732.48,9.11,7.47,21,14,7,0,False
2025-07-14 22:00:00,Kosovo,Kosovo,XK,697.99,756.15,7.51,6.25,22,14,7,0,False
2025-07-14 23:00:00,Kosovo,Kosovo,XK,713.89,772.95,5.43,4.37,23,14,7,0,False
2025-07-15 00:00:00,Kosovo,Kosovo,XK,717.76,776.94,4.94,4.1,0,15,7,1,False
2025-07-15 01:00:00,Kosovo,Kosovo,XK,715.28,774.34,5.24,4.5,1,15,7,1,False
2025-07-15 02:00:00,Kosovo,Kosovo,XK,713.73,772.61,5.47,4.8,2,15,7,1,False
2025-07-15 03:00:00,Kosovo,Kosovo,XK,715.24,774.64,4.92,4.03,3,15,7,1,False
2025-07-15 04:00:00,Kosovo,Kosovo,XK,654.85,717.11,8.9,7.2,4,15,7,1,False
2025-07-15 05:00:00,Kosovo,Kosovo,XK,599.31,661.74,14.32,12.39,5,15,7,1,False
2025-07-15 06:00:00,Kosovo,Kosovo,XK,565.03,622.11,21.37,19.06,6,15,7,1,False
2025-07-15 07:00:00,Kosovo,Kosovo,XK,545.3,598.67,25.8,23.51,7,15,7,1,False
2025-07-15 08:00:00,Kosovo,Kosovo,XK,535.89,588.26,27.46,25.01,8,15,7,1,False
2025-07-15 09:00:00,Kosovo,Kosovo,XK,529.03,580.88,28.44,26.37,9,15,7,1,False
2025-07-15 10:00:00,Kosovo,Kosovo,XK,536.12,588.04,27.63,25.66,10,15,7,1,False
2025-07-15 11:00:00,Kosovo,Kosovo,XK,568.14,620.8,24.03,21.12,11,15,7,1,False
2025-07-15 12:00:00,Kosovo,Kosovo,XK,580.49,633.56,22.48,19.6,12,15,7,1,False
2025-07-15 13:00:00,Kosovo,Kosovo,XK,626.36,681.03,17.05,13.55,13,15,7,1,False
2025-07-15 14:00:00,Kosovo,Kosovo,XK,597.66,654.68,17.64,16.89,14,15,7,1,False
2025-07-15 15:00:00,Kosovo,Kosovo,XK,597.04,651.11,19.05,18.28,15,15,7,1,False
2025-07-15 16:00:00,Kosovo,Kosovo,XK,527.5,579.32,26.97,26.94,16,15,7,1,False
2025-07-15 17:00:00,Kosovo,Kosovo,XK,508.43,563.11,26.94,26.82,17,15,7,1,False
2025-07-15 18:00:00,Kosovo,Kosovo,XK,521.24,576.25,25.52,25.17,18,15,7,1,False
2025-07-15 19:00:00,Kosovo,Kosovo,XK,544.71,600.63,22.83,22.62,19,15,7,1,False
2025-07-15 20:00:00,Kosovo,Kosovo,XK,659.8,715.81,11.77,11.55,20,15,7,1,False
2025-07-15 21:00:00,Kosovo,Kosovo,XK,672.41,731.91,8.8,7.83,21,15,7,1,False
2025-07-15 22:00:00,Kosovo,Kosovo,XK,697.12,758.6,5.31,4.47,22,15,7,1,False
2025-07-15 23:00:00,Kosovo,Kosovo,XK,714.08,774.07,4.75,4.07,23,15,7,1,False
2025-07-16 00:00:00,Kosovo,Kosovo,XK,712.14,771.31,5.52,4.92,0,16,7,2,False
2025-07-16 01:00:00,Kosovo,Kosovo,XK,713.39,772.69,5.28,4.62,1,16,7,2,False
2025-07-16 02:00:00,Kosovo,Kosovo,XK,716.61,775.85,4.97,4.58,2,16,7,2,False
2025-07-16 03:00:00,Kosovo,Kosovo,XK,705.1,765.08,5.59,4.67,3,16,7,2,False
2025-07-16 04:00:00,Kosovo,Kosovo,XK,648.21,711.52,8.83,7.92,4,16,7,2,False
2025-07-16 05:00:00,Kosovo,Kosovo,XK,577.74,640.35,16.36,14.78,5,16,7,2,False
2025-07-16 06:00:00,Kosovo,Kosovo,XK,545.84,601.63,24.05,21.76,6,16,7,2,False
2025-07-16 07:00:00,Kosovo,Kosovo,XK,540.23,593.96,26.11,24.01,7,16,7,2,False
2025-07-16 08:00:00,Kosovo,Kosovo,XK,539.66,592.77,26.65,24.66,8,16,7,2,False
2025-07-16 09:00:00,Kosovo,Kosovo,XK,524.44,576.77,28.68,26.46,9,16,7,2,False
2025-07-16 10:00:00,Kosovo,Kosovo,XK,539.82,592.09,27.18,24.66,10,16,7,2,False
2025-07-16 11:00:00,Kosovo,Kosovo,XK,567.93,620.43,24.23,20.7,11,16,7,2,False
2025-07-16 12:00:00,Kosovo,Kosovo,XK,589.4,642.67,21.49,18.17,12,16,7,2,False
2025-07-16 13:00:00,Kosovo,Kosovo,XK,627.0,682.45,16.32,14.03,13,16,7,2,False
2025-07-16 14:00:00,Kosovo,Kosovo,XK,645.65,702.78,13.04,11.93,14,16,7,2,False
2025-07-16 15:00:00,Kosovo,Kosovo,XK,649.34,704.28,13.83,13.21,15,16,7,2,False
2025-07-16 16:00:00,Kosovo,Kosovo,XK,594.19,647.45,19.7,19.63,16,16,7,2,False
2025-07-16 17:00:00,Kosovo,Kosovo,XK,567.57,623.68,20.72,20.65,17,16,7,2,False
2025-07-16 18:00:00,Kosovo,Kosovo,XK,554.53,609.61,22.48,22.34,18,16,7,2,False
2025-07-16 19:00:00,Kosovo,Kosovo,XK,585.44,641.99,18.73,18.58,19,16,7,2,False
2025-07-16 20:00:00,Kosovo,Kosovo,XK,664.54,719.51,11.89,11.45,20,16,7,2,False
2025-07-16 21:00:00,Kosovo,Kosovo,XK,664.7,720.67,11.57,10.36,21,16,7,2,False
2025-07-16 22:00:00,Kosovo,Kosovo,XK,669.15,726.36,10.91,9.02,22,16,7,2,False
2025-07-16 23:00:00,Kosovo,Kosovo,XK,677.03,735.08,9.93,7.91,23,16,7,2,False
2025-07-17 00:00:00,Kosovo,Kosovo,XK,676.2,734.26,10.02,7.89,0,17,7,3,False
2025-07-17 01:00:00,Kosovo,Kosovo,XK,673.48,731.38,10.37,8.26,1,17,7,3,False
2025-07-17 02:00:00,Kosovo,Kosovo,XK,669.93,727.69,10.82,8.63,2,17,7,3,False
2025-07-17 03:00:00,Kosovo,Kosovo,XK,670.96,728.6,10.71,8.86,3,17,7,3,False
2025-07-17 04:00:00,Kosovo,Kosovo,XK,664.7,721.48,11.59,10.45,4,17,7,3,False
2025-07-17 05:00:00,Kosovo,Kosovo,XK,687.93,745.67,8.69,7.93,5,17,7,3,False
2025-07-17 06:00:00,Kosovo,Kosovo,XK,671.31,729.35,10.1,8.94,6,17,7,3,False
2025-07-17 07:00:00,Kosovo,Kosovo,XK,650.47,711.78,10.12,8.82,7,17,7,3,False
2025-07-17 08:00:00,Kosovo,Kosovo,XK,662.54,723.08,9.57,8.16,8,17,7,3,False
2025-07-17 09:00:00,Kosovo,Kosovo,XK,657.36,717.75,10.21,8.89,9,17,7,3,False
2025-07-17 10:00:00,Kosovo,Kosovo,XK,646.55,704.87,12.62,11.33,10,17,7,3,False
2025-07-17 11:00:00,Kosovo,Kosovo,XK,632.03,687.82,15.74,14.14,11,17,7,3,False
2025-07-17 12:00:00,Kosovo,Kosovo,XK,635.04,691.02,15.38,13.64,12,17,7,3,False
2025-07-17 13:00:00,Kosovo,Kosovo,XK,623.61,679.52,16.51,14.77,13,17,7,3,False
2025-07-17 14:00:00,Kosovo,Kosovo,XK,610.39,665.43,18.05,16.33,14,17,7,3,False
2025-07-17 15:00:00,Kosovo,Kosovo,XK,590.77,644.2,20.52,19.2,15,17,7,3,False
2025-07-17 16:00:00,Kosovo,Kosovo,XK,589.58,643.06,20.2,20.09,16,17,7,3,False
2025-07-17 17:00:00,Kosovo,Kosovo,XK,614.47,670.01,16.53,16.49,17,17,7,3,False
2025-07-17 18:00:00,Kosovo,Kosovo,XK,571.73,626.46,21.1,20.92,18,17,7,3,False
2025-07-17 19:00:00,Kosovo,Kosovo,XK,616.57,672.69,15.95,15.84,19,17,7,3,False
2025-07-17 20:00:00,Kosovo,Kosovo,XK,614.21,666.18,18.46,17.97,20,17,7,3,False
2025-07-17 21:00:00,Kosovo,Kosovo,XK,629.15,683.65,16.16,14.66,21,17,7,3,False
2025-07-17 22:00:00,Kosovo,Kosovo,XK,630.77,686.31,15.8,13.68,22,17,7,3,False
2025-07-17 23:00:00,Kosovo,Kosovo,XK,647.51,704.22,13.57,11.44,23,17,7,3,False
2025-07-18 00:00:00,Kosovo,Kosovo,XK,685.26,743.55,8.77,7.76,0,18,7,4,False
2025-07-18 01:00:00,Kosovo,Kosovo,XK,685.09,743.3,8.79,8.0,1,18,7,4,False
2025-07-18 02:00:00,Kosovo,Kosovo,XK,687.97,746.25,8.44,7.81,2,18,7,4,False
2025-07-18 03:00:00,Kosovo,Kosovo,XK,696.08,755.17,7.29,6.53,3,18,7,4,False
2025-07-18 04:00:00,Kosovo,Kosovo,XK,714.87,774.16,5.2,4.82,4,18,7,4,False
2025-07-18 05:00:00,Kosovo,Kosovo,XK,650.79,710.8,11.26,9.55,5,18,7,4,False
2025-07-18 06:00:00,Kosovo,Kosovo,XK,597.76,657.95,16.44,14.36,6,18,7,4,False
2025-07-18 07:00:00,Kosovo,Kosovo,XK,570.82,630.25,19.63,17.47,7,18,7,4,False
2025-07-18 08:00:00,Kosovo,Kosovo,XK,568.29,627.81,20.11,17.83,8,18,7,4,False
2025-07-18 09:00:00,Kosovo,Kosovo,XK,602.97,661.16,17.51,15.11,9,18,7,4,False
2025-07-18 10:00:00,Kosovo,Kosovo,XK,609.47,667.91,16.68,14.38,10,18,7,4,False
2025-07-18 11:00:00,Kosovo,Kosovo,XK,611.94,670.02,16.6,14.36,11,18,7,4,False
2025-07-18 12:00:00,Kosovo,Kosovo,XK,626.84,684.72,15.23,12.93,12,18,7,4,False
2025-07-18 13:00:00,Kosovo,Kosovo,XK,640.88,698.52,13.78,11.59,13,18,7,4,False
2025-07-18 14:00:00,Kosovo,Kosovo,XK,652.01,709.35,12.66,10.58,14,18,7,4,False
2025-07-18 15:00:00,Kosovo,Kosovo,XK,641.55,696.43,14.75,13.19,15,18,7,4,False
2025-07-18 16:00:00,Kosovo,Kosovo,XK,567.37,623.74,20.9,20.72,16,18,7,4,False
2025-07-18 17:00:00,Kosovo,Kosovo,XK,550.26,605.97,22.76,22.55,17,18,7,4,False
2025-07-18 18:00:00,Kosovo,Kosovo,XK,518.17,571.51,27.0,26.74,18,18,7,4,False
2025-07-18 19:00:00,Kosovo,Kosovo,XK,551.61,606.57,22.81,22.58,19,18,7,4,False
2025-07-18 20:00:00,Kosovo,Kosovo,XK,618.79,678.13,14.16,13.48,20,18,7,4,False
2025-07-18 21:00:00,Kosovo,Kosovo,XK,620.06,676.73,15.74,13.4,21,18,7,4,False
2025-07-18 22:00:00,Kosovo,Kosovo,XK,658.34,714.57,12.33,10.15,22,18,7,4,False
2025-07-18 23:00:00,Kosovo,Kosovo,XK,631.81,687.9,15.62,11.55,23,18,7,4,False
2025-07-19 00:00:00,Kosovo,Kosovo,XK,643.31,700.45,14.16,10.3,0,19,7,5,False
2025-07-19 01:00:00,Kosovo,Kosovo,XK,647.88,704.94,13.65,10.22,1,19,7,5,False
2025-07-19 02:00:00,Kosovo,Kosovo,XK,646.65,703.7,13.79,10.29,2,19,7,5,False
2025-07-19 03:00:00,Kosovo,Kosovo,XK,666.64,724.57,11.19,8.35,3,19,7,5,False
2025-07-19 04:00:00,Kosovo,Kosovo,XK,672.29,730.33,10.48,8.1,4,19,7,5,False
2025-07-19 05:00:00,Kosovo,Kosovo,XK,665.34,722.89,11.45,9.27,5,19,7,5,False
2025-07-19 06:00:00,Kosovo,Kosovo,XK,626.18,681.11,17.19,14.34,6,19,7,5,False
2025-07-19 07:00:00,Kosovo,Kosovo,XK,611.11,665.31,19.18,16.25,7,19,7,5,False
2025-07-19 08:00:00,Kosovo,Kosovo,XK,620.95,675.95,17.57,14.97,8,19,7,5,False
2025-07-19 09:00:00,Kosovo,Kosovo,XK,616.61,672.26,17.67,14.96,9,19,7,5,False
2025-07-19 10:00:00,Kosovo,Kosovo,XK,597.06,651.97,20.26,17.02,10,19,7,5,False
2025-07-19 11:00:00,Kosovo,Kosovo,XK,576.04,630.64,22.86,18.77,11,19,7,5,False
2025-07-19 12:00:00,Kosovo,Kosovo,XK,576.51,631.14,22.77,18.59,12,19,7,5,False
2025-07-19 13:00:00,Kosovo,Kosovo,XK,572.8,627.21,23.27,18.93,13,19,7,5,False
2025-07-19 14:00:00,Kosovo,Kosovo,XK,587.96,643.2,21.18,17.01,14,19,7,5,False
2025-07-19 15:00:00,Kosovo,Kosovo,XK,574.4,627.99,22.57,19.63,15,19,7,5,False
2025-07-19 16:00:00,Kosovo,Kosovo,XK,563.56,616.92,23.31,21.51,16,19,7,5,False
2025-07-19 17:00:00,Kosovo,Kosovo,XK,567.93,621.18,22.4,21.99,17,19,7,5,False
2025-07-19 18:00:00,Kosovo,Kosovo,XK,553.07,606.0,23.84,23.44,18,19,7,5,False
2025-07-19 19:00:00,Kosovo,Kosovo,XK,569.58,622.86,22.16,21.72,19,19,7,5,False
2025-07-19 20:00:00,Kosovo,Kosovo,XK,617.98,670.86,17.92,15.9,20,19,7,5,False
2025-07-19 21:00:00,Kosovo,Kosovo,XK,589.77,642.68,21.32,17.67,21,19,7,5,False
2025-07-19 22:00:00,Kosovo,Kosovo,XK,614.3,668.94,18.11,14.56,22,19,7,5,False
2025-07-19 23:00:00,Kosovo,Kosovo,XK,632.4,688.54,15.7,11.7,23,19,7,5,False
2025-07-20 00:00:00,Kosovo,Kosovo,XK,656.98,714.65,12.41,8.88,0,20,7,6,False
2025-07-20 01:00:00,Kosovo,Kosovo,XK,658.76,716.43,12.16,8.87,1,20,7,6,False
2025-07-20 02:00:00,Kosovo,Kosovo,XK,659.62,717.01,12.08,9.25,2,20,7,6,False
2025-07-20 03:00:00,Kosovo,Kosovo,XK,681.39,739.86,9.16,7.36,3,20,7,6,False
2025-07-20 04:00:00,Kosovo,Kosovo,XK,682.23,740.52,9.11,7.63,4,20,7,6,False
2025-07-20 05:00:00,Kosovo,Kosovo,XK,659.19,715.96,12.62,10.23,5,20,7,6,False
2025-07-20 06:00:00,Kosovo,Kosovo,XK,604.87,659.12,20.22,16.39,6,20,7,6,False
2025-07-20 07:00:00,Kosovo,Kosovo,XK,599.48,652.56,21.59,17.26,7,20,7,6,False
2025-07-20 08:00:00,Kosovo,Kosovo,XK,646.76,702.48,14.55,11.84,8,20,7,6,False
2025-07-20 09:00:00,Kosovo,Kosovo,XK,595.28,649.71,20.83,16.46,9,20,7,6,False
2025-07-20 10:00:00,Kosovo,Kosovo,XK,570.32,623.91,24.03,19.36,10,20,7,6,False
2025-07-20 11:00:00,Kosovo,Kosovo,XK,548.39,601.27,26.79,22.31,11,20,7,6,False
2025-07-20 12:00:00,Kosovo,Kosovo,XK,549.74,602.55,26.64,22.25,12,20,7,6,False
2025-07-20 13:00:00,Kosovo,Kosovo,XK,561.11,614.44,25.14,21.23,13,20,7,6,False
2025-07-20 14:00:00,Kosovo,Kosovo,XK,585.55,640.16,21.96,17.19,14,20,7,6,False
2025-07-20 15:00:00,Kosovo,Kosovo,XK,573.29,625.74,23.25,19.83,15,20,7,6,False
2025-07-20 16:00:00,Kosovo,Kosovo,XK,580.33,632.98,21.88,19.92,16,20,7,6,False
2025-07-20 17:00:00,Kosovo,Kosovo,XK,593.96,649.99,18.4,18.16,17,20,7,6,False
2025-07-20 18:00:00,Kosovo,Kosovo,XK,588.36,644.08,19.15,18.83,18,20,7,6,False
2025-07-20 19:00:00,Kosovo,Kosovo,XK,594.27,650.19,18.43,18.1,19,20,7,6,False
2025-07-20 20:00:00,Kosovo,Kosovo,XK,628.3,682.44,16.02,14.75,20,20,7,6,False
2025-07-20 21:00:00,Kosovo,Kosovo,XK,629.81,684.99,15.87,12.89,21,20,7,6,False
2025-07-20 22:00:00,Kosovo,Kosovo,XK,643.33,700.41,14.01,10.56,22,20,7,6,False
2025-07-20 23:00:00,Kosovo,Kosovo,XK,661.72,719.84,11.65,8.51,23,20,7,6,False
2025-07-21 00:00:00,Kosovo,Kosovo,XK,662.57,720.6,11.53,8.66,0,21,7,0,False
2025-07-21 01:00:00,Kosovo,Kosovo,XK,665.74,723.98,11.11,8.41,1,21,7,0,False
2025-07-21 02:00:00,Kosovo,Kosovo,XK,674.53,733.16,10.02,7.5,2,21,7,0,False
2025-07-21 03:00:00,Kosovo,Kosovo,XK,706.93,766.3,5.99,5.44,3,21,7,0,False
2025-07-21 04:00:00,Kosovo,Kosovo,XK,714.17,773.81,5.16,4.64,4,21,7,0,False
2025-07-21 05:00:00,Kosovo,Kosovo,XK,661.04,720.45,10.84,9.18,5,21,7,0,False
2025-07-21 06:00:00,Kosovo,Kosovo,XK,589.32,649.73,17.45,15.23,6,21,7,0,False
2025-07-21 07:00:00,Kosovo,Kosovo,XK,557.27,616.65,21.24,19.1,7,21,7,0,False
2025-07-21 08:00:00,Kosovo,Kosovo,XK,551.81,609.04,23.16,20.55,8,21,7,0,False
2025-07-21 09:00:00,Kosovo,Kosovo,XK,559.94,617.51,22.12,19.51,9,21,7,0,False
2025-07-21 10:00:00,Kosovo,Kosovo,XK,572.65,630.78,20.2,17.88,10,21,7,0,False
2025-07-21 11:00:00,Kosovo,Kosovo,XK,574.07,632.6,19.55,17.41,11,21,7,0,False
2025-07-21 12:00:00,Kosovo,Kosovo,XK,605.15,663.48,16.56,13.92,12,21,7,0,False
2025-07-21 13:00:00,Kosovo,Kosovo,XK,609.29,666.21,17.05,14.28,13,21,7,0,False
2025-07-21 14:00:00,Kosovo,Kosovo,XK,585.94,638.73,21.57,18.99,14,21,7,0,False
2025-07-21 15:00:00,Kosovo,Kosovo,XK,547.36,597.38,26.44,24.76,15,21,7,0,False
2025-07-21 16:00:00,Kosovo,Kosovo,XK,463.06,510.75,35.75,35.49,16,21,7,0,False
2025-07-21 17:00:00,Kosovo,Kosovo,XK,481.76,531.16,32.64,32.43,17,21,7,0,False
2025-07-21 18:00:00,Kosovo,Kosovo,XK,503.84,554.18,29.73,29.57,18,21,7,0,False
2025-07-21 19:00:00,Kosovo,Kosovo,XK,512.7,563.73,28.66,28.48,19,21,7,0,False
2025-07-21 20:00:00,Kosovo,Kosovo,XK,598.08,652.94,18.61,17.62,20,21,7,0,False
2025-07-21 21:00:00,Kosovo,Kosovo,XK,587.93,639.53,21.54,18.79,21,21,7,0,False
2025-07-21 22:00:00,Kosovo,Kosovo,XK,611.16,664.86,18.32,14.84,22,21,7,0,False
2025-07-21 23:00:00,Kosovo,Kosovo,XK,642.56,698.51,14.22,10.96,23,21,7,0,False
2025-07-22 00:00:00,Kosovo,Kosovo,XK,651.87,709.02,13.0,9.97,0,22,7,1,False
2025-07-22 01:00:00,Kosovo,Kosovo,XK,647.75,704.43,13.57,10.85,1,22,7,1,False
2025-07-22 02:00:00,Kosovo,Kosovo,XK,659.98,717.14,12.02,9.72,2,22,7,1,False
2025-07-22 03:00:00,Kosovo,Kosovo,XK,668.99,726.92,10.76,8.52,3,22,7,1,False
2025-07-22 04:00:00,Kosovo,Kosovo,XK,679.23,737.09,9.58,8.29,4,22,7,1,False
2025-07-22 05:00:00,Kosovo,Kosovo,XK,643.55,701.62,13.16,11.24,5,22,7,1,False
2025-07-22 06:00:00,Kosovo,Kosovo,XK,608.06,666.43,16.62,14.11,6,22,7,1,False
2025-07-22 07:00:00,Kosovo,Kosovo,XK,601.29,660.64,16.67,14.29,7,22,7,1,False
2025-07-22 08:00:00,Kosovo,Kosovo,XK,592.29,648.93,19.57,16.38,8,22,7,1,False
2025-07-22 09:00:00,Kosovo,Kosovo,XK,598.27,656.2,18.22,15.1,9,22,7,1,False
2025-07-22 10:00:00,Kosovo,Kosovo,XK,605.84,663.02,17.79,14.84,10,22,7,1,False
2025-07-22 11:00:00,Kosovo,Kosovo,XK,596.72,652.6,19.64,16.49,11,22,7,1,False
2025-07-22 12:00:00,Kosovo,Kosovo,XK,586.27,640.97,21.57,18.01,12,22,7,1,False
2025-07-22 13:00:00,Kosovo,Kosovo,XK,607.8,665.47,17.23,14.58,13,22,7,1,False
2025-07-22 14:00:00,Kosovo,Kosovo,XK,618.1,674.11,16.99,14.55,14,22,7,1,False
2025-07-22 15:00:00,Kosovo,Kosovo,XK,568.26,618.78,24.19,22.36,15,22,7,1,False
2025-07-22 16:00:00,Kosovo,Kosovo,XK,472.69,515.37,37.35,37.04,16,22,7,1,False
2025-07-22 17:00:00,Kosovo,Kosovo,XK,490.98,536.96,33.51,33.43,17,22,7,1,False
2025-07-22 18:00:00,Kosovo,Kosovo,XK,513.29,560.94,30.37,30.32,18,22,7,1,False
2025-07-22 19:00:00,Kosovo,Kosovo,XK,534.73,583.53,27.68,27.65,19,22,7,1,False
2025-07-22 20:00:00,Kosovo,Kosovo,XK,644.24,699.03,13.95,13.23,20,22,7,1,False
2025-07-22 21:00:00,Kosovo,Kosovo,XK,679.97,736.59,9.6,8.24,21,22,7,1,False
2025-07-22 22:00:00,Kosovo,Kosovo,XK,669.31,725.91,10.81,8.74,22,22,7,1,False
2025-07-22 23:00:00,Kosovo,Kosovo,XK,658.68,715.33,12.09,9.2,23,22,7,1,False
2025-07-23 00:00:00,Kosovo,Kosovo,XK,663.92,721.02,11.37,8.37,0,23,7,2,False
2025-07-23 01:00:00,Kosovo,Kosovo,XK,668.54,726.13,10.7,7.34,1,23,7,2,False
2025-07-23 02:00:00,Kosovo,Kosovo,XK,681.47,740.34,9.08,6.33,2,23,7,2,False
2025-07-23 03:00:00,Kosovo,Kosovo,XK,692.95,751.98,7.67,5.89,3,23,7,2,False
2025-07-23 04:00:00,Kosovo,Kosovo,XK,695.16,754.02,7.44,6.12,4,23,7,2,False
2025-07-23 05:00:00,Kosovo,Kosovo,XK,676.61,734.9,9.65,8.18,5,23,7,2,False
2025-07-23 06:00:00,Kosovo,Kosovo,XK,643.61,702.01,13.1,10.85,6,23,7,2,False
2025-07-23 07:00:00,Kosovo,Kosovo,XK,613.27,669.9,17.51,14.2,7,23,7,2,False
2025-07-23 08:00:00,Kosovo,Kosovo,XK,592.05,648.1,20.05,16.72,8,23,7,2,False
2025-07-23 09:00:00,Kosovo,Kosovo,XK,585.8,641.78,20.79,17.36,9,23,7,2,False
2025-07-23 10:00:00,Kosovo,Kosovo,XK,595.42,651.81,19.42,16.26,10,23,7,2,False
2025-07-23 11:00:00,Kosovo,Kosovo,XK,600.12,656.14,19.21,15.99,11,23,7,2,False
2025-07-23 12:00:00,Kosovo,Kosovo,XK,590.91,646.33,20.89,17.1,12,23,7,2,False
2025-07-23 13:00:00,Kosovo,Kosovo,XK,590.4,645.49,20.96,17.52,13,23,7,2,False
2025-07-23 14:00:00,Kosovo,Kosovo,XK,567.73,620.33,23.79,20.52,14,23,7,2,False
2025-07-23 15:00:00,Kosovo,Kosovo,XK,510.35,561.8,29.66,27.5,15,23,7,2,False
2025-07-23 16:00:00,Kosovo,Kosovo,XK,432.5,479.14,39.22,38.67,16,23,7,2,False
2025-07-23 17:00:00,Kosovo,Kosovo,XK,439.89,486.99,37.85,37.63,17,23,7,2,False
2025-07-23 18:00:00,Kosovo,Kosovo,XK,453.97,502.38,35.69,35.52,18,23,7,2,False
2025-07-23 19:00:00,Kosovo,Kosovo,XK,475.98,526.84,32.48,32.07,19,23,7,2,False
2025-07-23 20:00:00,Kosovo,Kosovo,XK,558.92,616.51,21.11,19.58,20,23,7,2,False
2025-07-23 21:00:00,Kosovo,Kosovo,XK,581.56,637.1,20.14,17.7,21,23,7,2,False
2025-07-23 22:00:00,Kosovo,Kosovo,XK,606.85,663.48,17.36,14.11,22,23,7,2,False
2025-07-23 23:00:00,Kosovo,Kosovo,XK,621.18,677.33,16.79,12.58,23,23,7,2,False
2025-07-24 00:00:00,Kosovo,Kosovo,XK,631.56,688.64,15.36,11.07,0,24,7,3,False
2025-07-24 01:00:00,Kosovo,Kosovo,XK,644.52,701.82,13.79,10.16,1,24,7,3,False
2025-07-24 02:00:00,Kosovo,Kosovo,XK,639.55,696.64,14.42,10.7,2,24,7,3,False
2025-07-24 03:00:00,Kosovo,Kosovo,XK,654.67,712.17,12.53,9.66,3,24,7,3,False
2025-07-24 04:00:00,Kosovo,Kosovo,XK,687.46,745.82,8.49,7.27,4,24,7,3,False
2025-07-24 05:00:00,Kosovo,Kosovo,XK,650.18,707.84,12.7,11.24,5,24,7,3,False
2025-07-24 06:00:00,Kosovo,Kosovo,XK,612.93,670.86,16.67,14.21,6,24,7,3,False
2025-07-24 07:00:00,Kosovo,Kosovo,XK,560.33,618.41,21.76,19.53,7,24,7,3,False
2025-07-24 08:00:00,Kosovo,Kosovo,XK,544.38,602.29,23.73,21.27,8,24,7,3,False
2025-07-24 09:00:00,Kosovo,Kosovo,XK,543.71,601.93,23.55,21.06,9,24,7,3,False
2025-07-24 10:00:00,Kosovo,Kosovo,XK,566.6,624.89,21.09,18.48,10,24,7,3,False
2025-07-24 11:00:00,Kosovo,Kosovo,XK,572.9,630.94,20.31,17.84,11,24,7,3,False
2025-07-24 12:00:00,Kosovo,Kosovo,XK,579.16,637.52,19.41,17.07,12,24,7,3,False
2025-07-24 13:00:00,Kosovo,Kosovo,XK,600.5,658.5,17.21,14.97,13,24,7,3,False
2025-07-24 14:00:00,Kosovo,Kosovo,XK,586.76,641.62,20.19,18.1,14,24,7,3,False
2025-07-24 15:00:00,Kosovo,Kosovo,XK,508.15,559.51,29.65,28.32,15,24,7,3,False
2025-07-24 16:00:00,Kosovo,Kosovo,XK,411.49,457.02,41.87,41.56,16,24,7,3,False
2025-07-24 17:00:00,Kosovo,Kosovo,XK,417.48,463.47,40.77,40.51,17,24,7,3,False
2025-07-24 18:00:00,Kosovo,Kosovo,XK,430.89,478.08,38.68,38.45,18,24,7,3,False
2025-07-24 19:00:00,Kosovo,Kosovo,XK,450.61,499.54,35.86,35.64,19,24,7,3,False
2025-07-24 20:00:00,Kosovo,Kosovo,XK,566.21,624.15,20.01,19.52,20,24,7,3,False
2025-07-24 21:00:00,Kosovo,Kosovo,XK,581.82,640.56,18.16,17.32,21,24,7,3,False
2025-07-24 22:00:00,Kosovo,Kosovo,XK,625.93,681.56,15.96,13.24,22,24,7,3,False
2025-07-24 23:00:00,Kosovo,Kosovo,XK,634.39,691.17,15.05,11.29,23,24,7,3,False
2025-07-25 00:00:00,Kosovo,Kosovo,XK,660.67,718.63,11.73,8.61,0,25,7,4,False
2025-07-25 01:00:00,Kosovo,Kosovo,XK,681.4,739.87,9.23,6.91,1,25,7,4,False
2025-07-25 02:00:00,Kosovo,Kosovo,XK,679.77,737.94,9.52,7.2,2,25,7,4,False
2025-07-25 03:00:00,Kosovo,Kosovo,XK,696.43,755.51,7.3,5.64,3,25,7,4,False
2025-07-25 04:00:00,Kosovo,Kosovo,XK,713.37,772.5,5.35,4.81,4,25,7,4,False
2025-07-25 05:00:00,Kosovo,Kosovo,XK,664.15,725.07,9.32,7.96,5,25,7,4,False
2025-07-25 06:00:00,Kosovo,Kosovo,XK,593.53,654.67,16.43,14.76,6,25,7,4,False
2025-07-25 07:00:00,Kosovo,Kosovo,XK,564.25,621.36,22.34,20.37,7,25,7,4,False
2025-07-25 08:00:00,Kosovo,Kosovo,XK,536.29,590.99,26.72,24.62,8,25,7,4,False
2025-07-25 09:00:00,Kosovo,Kosovo,XK,526.35,580.44,27.88,26.14,9,25,7,4,False
2025-07-25 10:00:00,Kosovo,Kosovo,XK,537.78,591.85,26.64,24.97,10,25,7,4,False
2025-07-25 11:00:00,Kosovo,Kosovo,XK,576.0,630.72,22.63,20.38,11,25,7,4,False
2025-07-25 12:00:00,Kosovo,Kosovo,XK,583.97,639.14,21.42,19.28,12,25,7,4,False
2025-07-25 13:00:00,Kosovo,Kosovo,XK,579.53,634.9,21.38,19.7,13,25,7,4,False
2025-07-25 14:00:00,Kosovo,Kosovo,XK,545.32,599.81,24.54,23.19,14,25,7,4,False
2025-07-25 15:00:00,Kosovo,Kosovo,XK,491.65,543.73,30.63,29.99,15,25,7,4,False
2025-07-25 16:00:00,Kosovo,Kosovo,XK,429.43,475.26,39.89,39.52,16,25,7,4,False
2025-07-25 17:00:00,Kosovo,Kosovo,XK,448.97,496.47,36.6,36.41,17,25,7,4,False
2025-07-25 18:00:00,Kosovo,Kosovo,XK,467.01,516.31,33.79,33.6,18,25,7,4,False
2025-07-25 19:00:00,Kosovo,Kosovo,XK,495.92,545.07,31.33,31.12,19,25,7,4,False
2025-07-25 20:00:00,Kosovo,Kosovo,XK,564.96,618.15,22.75,22.0,20,25,7,4,False
2025-07-25 21:00:00,Kosovo,Kosovo,XK,586.98,641.54,20.0,18.72,21,25,7,4,False
2025-07-25 22:00:00,Kosovo,Kosovo,XK,618.53,672.44,17.56,15.32,22,25,7,4,False
2025-07-25 23:00:00,Kosovo,Kosovo,XK,621.87,677.13,16.94,14.17,23,25,7,4,False
2025-07-26 00:00:00,Kosovo,Kosovo,XK,635.12,691.56,15.14,12.07,0,26,7,5,False
2025-07-26 01:00:00,Kosovo,Kosovo,XK,641.24,697.69,14.42,11.87,1,26,7,5,False
2025-07-26 02:00:00,Kosovo,Kosovo,XK,657.84,714.59,12.42,10.74,2,26,7,5,False
2025-07-26 03:00:00,Kosovo,Kosovo,XK,644.84,701.13,14.03,12.02,3,26,7,5,False
2025-07-26 04:00:00,Kosovo,Kosovo,XK,692.56,751.41,7.47,7.03,4,26,7,5,False
2025-07-26 05:00:00,Kosovo,Kosovo,XK,672.01,729.59,10.41,9.15,5,26,7,5,False
2025-07-26 06:00:00,Kosovo,Kosovo,XK,579.86,634.26,21.55,20.13,6,26,7,5,False
2025-07-26 07:00:00,Kosovo,Kosovo,XK,517.71,570.26,29.08,27.74,7,26,7,5,False
2025-07-26 08:00:00,Kosovo,Kosovo,XK,498.24,549.03,32.21,30.62,8,26,7,5,False
2025-07-26 09:00:00,Kosovo,Kosovo,XK,499.91,550.5,32.08,30.74,9,26,7,5,False
2025-07-26 10:00:00,Kosovo,Kosovo,XK,489.04,539.56,33.38,31.78,10,26,7,5,False
2025-07-26 11:00:00,Kosovo,Kosovo,XK,446.92,495.63,38.56,36.83,11,26,7,5,False
2025-07-26 12:00:00,Kosovo,Kosovo,XK,468.5,518.25,35.84,33.43,12,26,7,5,False
2025-07-26 13:00:00,Kosovo,Kosovo,XK,528.34,581.08,28.1,25.48,13,26,7,5,False
2025-07-26 14:00:00,Kosovo,Kosovo,XK,524.97,578.94,27.04,25.77,14,26,7,5,False
2025-07-26 15:00:00,Kosovo,Kosovo,XK,619.04,676.32,15.33,14.92,15,26,7,5,False
2025-07-26 16:00:00,Kosovo,Kosovo,XK,624.34,679.38,15.81,15.73,16,26,7,5,False
2025-07-26 17:00:00,Kosovo,Kosovo,XK,599.62,655.01,17.77,17.7,17,26,7,5,False
2025-07-26 18:00:00,Kosovo,Kosovo,XK,613.97,670.62,15.67,15.59,18,26,7,5,False
2025-07-26 19:00:00,Kosovo,Kosovo,XK,597.31,654.2,17.26,17.04,19,26,7,5,False
2025-07-26 20:00:00,Kosovo,Kosovo,XK,596.09,651.71,18.62,17.87,20,26,7,5,False
2025-07-26 21:00:00,Kosovo,Kosovo,XK,601.81,656.31,19.11,17.52,21,26,7,5,False
2025-07-26 22:00:00,Kosovo,Kosovo,XK,666.1,723.98,10.84,9.35,22,26,7,5,False
2025-07-26 23:00:00,Kosovo,Kosovo,XK,653.05,709.98,12.93,10.63,23,26,7,5,False
2025-07-27 00:00:00,Kosovo,Kosovo,XK,648.19,704.71,13.65,11.29,0,27,7,6,False
2025-07-27 01:00:00,Kosovo,Kosovo,XK,665.57,723.1,11.32,9.38,1,27,7,6,False
2025-07-27 02:00:00,Kosovo,Kosovo,XK,668.59,726.17,10.92,9.31,2,27,7,6,False
2025-07-27 03:00:00,Kosovo,Kosovo,XK,663.29,720.6,11.58,10.1,3,27,7,6,False
2025-07-27 04:00:00,Kosovo,Kosovo,XK,669.45,727.26,10.72,9.4,4,27,7,6,False
2025-07-27 05:00:00,Kosovo,Kosovo,XK,655.83,713.16,12.48,10.5,5,27,7,6,False
2025-07-27 06:00:00,Kosovo,Kosovo,XK,570.1,624.0,23.16,20.95,6,27,7,6,False
2025-07-27 07:00:00,Kosovo,Kosovo,XK,466.82,518.78,35.03,33.3,7,27,7,6,False
2025-07-27 08:00:00,Kosovo,Kosovo,XK,466.33,517.4,35.81,34.01,8,27,7,6,False
2025-07-27 09:00:00,Kosovo,Kosovo,XK,474.89,526.3,34.84,33.02,9,27,7,6,False
2025-07-27 10:00:00,Kosovo,Kosovo,XK,529.76,582.35,28.51,26.23,10,27,7,6,False
2025-07-27 11:00:00,Kosovo,Kosovo,XK,573.48,627.42,23.18,20.57,11,27,7,6,False
2025-07-27 12:00:00,Kosovo,Kosovo,XK,614.44,669.69,18.09,15.55,12,27,7,6,False
2025-07-27 13:00:00,Kosovo,Kosovo,XK,606.66,661.42,19.1,16.45,13,27,7,6,False
2025-07-27 14:00:00,Kosovo,Kosovo,XK,568.05,621.67,23.93,20.97,14,27,7,6,False
2025-07-27 15:00:00,Kosovo,Kosovo,XK,541.8,594.17,27.02,24.29,15,27,7,6,False
2025-07-27 16:00:00,Kosovo,Kosovo,XK,508.28,558.32,30.94,29.65,16,27,7,6,False
2025-07-27 17:00:00,Kosovo,Kosovo,XK,550.77,602.75,25.29,24.21,17,27,7,6,False
2025-07-27 18:00:00,Kosovo,Kosovo,XK,564.41,615.81,23.97,22.83,18,27,7,6,False
2025-07-27 19:00:00,Kosovo,Kosovo,XK,579.13,631.39,22.01,20.88,19,27,7,6,False
2025-07-27 20:00:00,Kosovo,Kosovo,XK,580.39,632.95,22.07,20.2,20,27,7,6,False
2025-07-27 21:00:00,Kosovo,Kosovo,XK,549.48,600.82,26.09,22.76,21,27,7,6,False
2025-07-27 22:00:00,Kosovo,Kosovo,XK,566.69,620.63,23.3,19.35,22,27,7,6,False
2025-07-27 23:00:00,Kosovo,Kosovo,XK,578.02,632.47,22.02,17.82,23,27,7,6,False
2025-07-28 00:00:00,Kosovo,Kosovo,XK,593.83,649.04,20.06,16.04,0,28,7,0,False
2025-07-28 01:00:00,Kosovo,Kosovo,XK,605.54,661.13,18.62,15.08,1,28,7,0,False
2025-07-28 02:00:00,Kosovo,Kosovo,XK,599.15,654.46,19.44,15.76,2,28,7,0,False
2025-07-28 03:00:00,Kosovo,Kosovo,XK,617.88,674.31,16.88,13.97,3,28,7,0,False
2025-07-28 04:00:00,Kosovo,Kosovo,XK,662.24,719.83,11.48,10.34,4,28,7,0,False
2025-07-28 05:00:00,Kosovo,Kosovo,XK,694.31,752.57,7.73,7.34,5,28,7,0,False
2025-07-28 06:00:00,Kosovo,Kosovo,XK,603.3,661.58,16.62,15.02,6,28,7,0,False
2025-07-28 07:00:00,Kosovo,Kosovo,XK,578.04,636.77,19.12,17.18,7,28,7,0,False
2025-07-28 08:00:00,Kosovo,Kosovo,XK,542.71,600.59,23.37,21.51,8,28,7,0,False
2025-07-28 09:00:00,Kosovo,Kosovo,XK,532.34,589.3,25.06,23.43,9,28,7,0,False
2025-07-28 10:00:00,Kosovo,Kosovo,XK,607.0,666.25,16.23,13.98,10,28,7,0,False
2025-07-28 11:00:00,Kosovo,Kosovo,XK,603.09,661.92,16.75,14.92,11,28,7,0,False
2025-07-28 12:00:00,Kosovo,Kosovo,XK,610.56,670.82,15.03,13.97,12,28,7,0,False
2025-07-28 13:00:00,Kosovo,Kosovo,XK,611.97,671.19,15.59,14.4,13,28,7,0,False
2025-07-28 14:00:00,Kosovo,Kosovo,XK,597.4,652.96,19.14,17.67,14,28,7,0,False
2025-07-28 15:00:00,Kosovo,Kosovo,XK,474.75,522.34,35.46,34.73,15,28,7,0,False
2025-07-28 16:00:00,Kosovo,Kosovo,XK,454.33,498.74,38.57,37.98,16,28,7,0,False
2025-07-28 17:00:00,Kosovo,Kosovo,XK,453.95,500.29,37.4,37.01,17,28,7,0,False
2025-07-28 18:00:00,Kosovo,Kosovo,XK,459.11,505.75,36.61,36.09,18,28,7,0,False
2025-07-28 19:00:00,Kosovo,Kosovo,XK,486.75,535.72,32.72,32.2,19,28,7,0,False
2025-07-28 20:00:00,Kosovo,Kosovo,XK,547.73,601.7,24.52,23.58,20,28,7,0,False
2025-07-28 21:00:00,Kosovo,Kosovo,XK,566.66,620.53,22.84,21.12,21,28,7,0,False
2025-07-28 22:00:00,Kosovo,Kosovo,XK,599.65,654.62,19.29,16.46,22,28,7,0,False
2025-07-28 23:00:00,Kosovo,Kosovo,XK,602.46,657.5,19.23,16.11,23,28,7,0,False
2025-07-29 00:00:00,Kosovo,Kosovo,XK,610.58,665.33,18.47,15.9,0,29,7,1,False
2025-07-29 01:00:00,Kosovo,Kosovo,XK,619.6,674.79,17.3,15.12,1,29,7,1,False
2025-07-29 02:00:00,Kosovo,Kosovo,XK,619.54,674.6,17.35,15.28,2,29,7,1,False
2025-07-29 03:00:00,Kosovo,Kosovo,XK,629.79,685.2,16.07,14.36,3,29,7,1,False
2025-07-29 04:00:00,Kosovo,Kosovo,XK,627.22,682.0,16.46,15.21,4,29,7,1,False
2025-07-29 05:00:00,Kosovo,Kosovo,XK,646.97,702.66,13.89,13.01,5,29,7,1,False
2025-07-29 06:00:00,Kosovo,Kosovo,XK,620.24,679.49,14.45,12.55,6,29,7,1,False
2025-07-29 07:00:00,Kosovo,Kosovo,XK,617.92,678.29,14.24,12.14,7,29,7,1,False
2025-07-29 08:00:00,Kosovo,Kosovo,XK,589.01,649.08,17.35,15.5,8,29,7,1,False
2025-07-29 09:00:00,Kosovo,Kosovo,XK,621.57,682.31,13.43,12.69,9,29,7,1,False
2025-07-29 10:00:00,Kosovo,Kosovo,XK,620.48,678.02,15.74,14.5,10,29,7,1,False
2025-07-29 11:00:00,Kosovo,Kosovo,XK,612.54,668.26,17.85,16.29,11,29,7,1,False
2025-07-29 12:00:00,Kosovo,Kosovo,XK,608.2,662.84,19.0,17.29,12,29,7,1,False
2025-07-29 13:00:00,Kosovo,Kosovo,XK,610.08,665.63,18.16,16.79,13,29,7,1,False
2025-07-29 14:00:00,Kosovo,Kosovo,XK,626.01,681.02,16.59,14.99,14,29,7,1,False
2025-07-29 15:00:00,Kosovo,Kosovo,XK,591.75,644.15,21.17,20.07,15,29,7,1,False
2025-07-29 16:00:00,Kosovo,Kosovo,XK,495.42,542.01,33.36,33.08,16,29,7,1,False
2025-07-29 17:00:00,Kosovo,Kosovo,XK,513.52,563.95,29.43,29.24,17,29,7,1,False
2025-07-29 18:00:00,Kosovo,Kosovo,XK,518.58,569.05,28.71,28.33,18,29,7,1,False
2025-07-29 19:00:00,Kosovo,Kosovo,XK,549.77,602.11,24.56,24.14,19,29,7,1,False
2025-07-29 20:00:00,Kosovo,Kosovo,XK,598.11,652.52,19.2,18.59,20,29,7,1,False
2025-07-29 21:00:00,Kosovo,Kosovo,XK,597.13,650.73,20.02,18.59,21,29,7,1,False
2025-07-29 22:00:00,Kosovo,Kosovo,XK,604.27,658.16,19.29,17.63,22,29,7,1,False
2025-07-29 23:00:00,Kosovo,Kosovo,XK,600.31,654.44,19.71,17.8,23,29,7,1,False
2025-07-30 00:00:00,Kosovo,Kosovo,XK,606.97,661.62,18.84,16.75,0,30,7,2,False
2025-07-30 01:00:00,Kosovo,Kosovo,XK,614.72,669.71,17.85,15.98,1,30,7,2,False
2025-07-30 02:00:00,Kosovo,Kosovo,XK,616.55,671.61,17.62,15.64,2,30,7,2,False
2025-07-30 03:00:00,Kosovo,Kosovo,XK,642.1,698.06,14.4,13.37,3,30,7,2,False
2025-07-30 04:00:00,Kosovo,Kosovo,XK,672.79,729.9,10.57,10.08,4,30,7,2,False
2025-07-30 05:00:00,Kosovo,Kosovo,XK,679.6,739.04,8.4,7.59,5,30,7,2,False
2025-07-30 06:00:00,Kosovo,Kosovo,XK,556.44,614.05,21.8,19.71,6,30,7,2,False
2025-07-30 07:00:00,Kosovo,Kosovo,XK,551.78,608.59,23.06,20.66,7,30,7,2,False
2025-07-30 08:00:00,Kosovo,Kosovo,XK,555.35,611.38,23.24,20.72,8,30,7,2,False
2025-07-30 09:00:00,Kosovo,Kosovo,XK,588.61,646.38,19.04,16.41,9,30,7,2,False
2025-07-30 10:00:00,Kosovo,Kosovo,XK,634.98,693.28,14.1,12.1,10,30,7,2,False
2025-07-30 11:00:00,Kosovo,Kosovo,XK,636.41,694.07,14.44,12.33,11,30,7,2,False
2025-07-30 12:00:00,Kosovo,Kosovo,XK,618.42,674.69,17.31,14.97,12,30,7,2,False
2025-07-30 13:00:00,Kosovo,Kosovo,XK,614.7,670.8,17.76,15.58,13,30,7,2,False
2025-07-30 14:00:00,Kosovo,Kosovo,XK,604.79,660.56,18.81,16.61,14,30,7,2,False
2025-07-30 15:00:00,Kosovo,Kosovo,XK,563.87,616.76,24.09,22.15,15,30,7,2,False
2025-07-30 16:00:00,Kosovo,Kosovo,XK,550.66,601.42,25.74,24.78,16,30,7,2,False
2025-07-30 17:00:00,Kosovo,Kosovo,XK,510.98,562.01,29.17,28.67,17,30,7,2,False
2025-07-30 18:00:00,Kosovo,Kosovo,XK,495.55,545.72,30.94,30.38,18,30,7,2,False
2025-07-30 19:00:00,Kosovo,Kosovo,XK,511.08,562.67,28.63,28.03,19,30,7,2,False
2025-07-30 20:00:00,Kosovo,Kosovo,XK,587.08,643.59,19.12,18.11,20,30,7,2,False
2025-07-30 21:00:00,Kosovo,Kosovo,XK,606.12,660.85,18.3,16.48,21,30,7,2,False
2025-07-30 22:00:00,Kosovo,Kosovo,XK,625.99,682.07,15.93,14.25,22,30,7,2,False
2025-07-30 23:00:00,Kosovo,Kosovo,XK,636.08,693.29,14.58,12.46,23,30,7,2,False
2025-07-31 00:00:00,Kosovo,Kosovo,XK,656.58,713.96,12.43,10.49,0,31,7,3,False
2025-07-31 01:00:00,Kosovo,Kosovo,XK,663.52,721.25,11.53,9.77,1,31,7,3,False
2025-07-31 02:00:00,Kosovo,Kosovo,XK,667.83,725.5,11.04,9.59,2,31,7,3,False
2025-07-31 03:00:00,Kosovo,Kosovo,XK,690.95,749.16,8.17,7.74,3,31,7,3,False
2025-07-31 04:00:00,Kosovo,Kosovo,XK,691.62,749.29,8.29,8.0,4,31,7,3,False
2025-07-31 05:00:00,Kosovo,Kosovo,XK,697.17,755.06,7.61,7.25,5,31,7,3,False
2025-07-31 06:00:00,Kosovo,Kosovo,XK,685.24,745.01,7.57,7.18,6,31,7,3,False
2025-07-31 07:00:00,Kosovo,Kosovo,XK,663.5,721.45,11.4,10.61,7,31,7,3,False
2025-07-31 08:00:00,Kosovo,Kosovo,XK,664.51,722.55,11.43,10.34,8,31,7,3,False
2025-07-31 09:00:00,Kosovo,Kosovo,XK,630.16,687.03,15.85,14.38,9,31,7,3,False
2025-07-31 10:00:00,Kosovo,Kosovo,XK,611.74,667.79,18.28,16.4,10,31,7,3,False
2025-07-31 11:00:00,Kosovo,Kosovo,XK,596.56,652.18,20.2,17.91,11,31,7,3,False
2025-07-31 12:00:00,Kosovo,Kosovo,XK,607.52,663.52,18.82,16.56,12,31,7,3,False
2025-07-31 13:00:00,Kosovo,Kosovo,XK,619.22,675.65,17.21,15.12,13,31,7,3,False
2025-07-31 14:00:00,Kosovo,Kosovo,XK,626.58,683.05,16.24,14.51,14,31,7,3,False
2025-07-31 15:00:00,Kosovo,Kosovo,XK,600.87,654.73,19.5,18.36,15,31,7,3,False
2025-07-31 16:00:00,Kosovo,Kosovo,XK,540.9,593.42,26.02,25.71,16,31,7,3,False
2025-07-31 17:00:00,Kosovo,Kosovo,XK,559.78,613.82,23.02,22.74,17,31,7,3,False
2025-07-31 18:00:00,Kosovo,Kosovo,XK,580.94,636.18,19.94,19.62,18,31,7,3,False
2025-07-31 19:00:00,Kosovo,Kosovo,XK,615.79,672.32,15.87,15.61,19,31,7,3,False
2025-07-31 20:00:00,Kosovo,Kosovo,XK,657.75,715.9,11.26,10.85,20,31,7,3,False
2025-07-31 21:00:00,Kosovo,Kosovo,XK,643.9,699.75,14.06,13.05,21,31,7,3,False
2025-07-31 22:00:00,Kosovo,Kosovo,XK,703.56,762.24,6.62,6.04,22,31,7,3,False
2025-07-31 23:00:00,Kosovo,Kosovo,XK,700.12,758.75,7.02,6.37,23,31,7,3,False
2025-08-01 00:00:00,Kosovo,Kosovo,XK,760.0,820.0,0.0,0.0,0,1,8,4,False
2025-08-01 01:00:00,Kosovo,Kosovo,XK,760.0,820.0,0.0,0.0,1,1,8,4,False
2025-08-01 02:00:00,Kosovo,Kosovo,XK,760.0,820.0,0.0,0.0,2,1,8,4,False
2025-08-01 03:00:00,Kosovo,Kosovo,XK,760.0,820.0,0.0,0.0,3,1,8,4,False
2025-08-01 04:00:00,Kosovo,Kosovo,XK,760.0,820.0,0.0,0.0,4,1,8,4,False
2025-08-01 05:00:00,Kosovo,Kosovo,XK,760.0,820.0,0.0,0.0,5,1,8,4,False
2025-08-01 06:00:00,Kosovo,Kosovo,XK,760.0,820.0,0.0,0.0,6,1,8,4,False
2025-08-01 07:00:00,Kosovo,Kosovo,XK,760.0,820.0,0.0,0.0,7,1,8,4,False
2025-08-01 08:00:00,Kosovo,Kosovo,XK,760.0,820.0,0.0,0.0,8,1,8,4,False
2025-08-01 09:00:00,Kosovo,Kosovo,XK,760.0,820.0,0.0,0.0,9,1,8,4,False
2025-08-01 10:00:00,Kosovo,Kosovo,XK,760.0,820.0,0.0,0.0,10,1,8,4,False
2025-08-01 11:00:00,Kosovo,Kosovo,XK,760.0,820.0,0.0,0.0,11,1,8,4,False
2025-08-01 12:00:00,Kosovo,Kosovo,XK,760.0,820.0,0.0,0.0,12,1,8,4,False
2025-08-01 13:00:00,Kosovo,Kosovo,XK,760.0,820.0,0.0,0.0,13,1,8,4,False
2025-08-01 14:00:00,Kosovo,Kosovo,XK,760.0,820.0,0.0,0.0,14,1,8,4,False
2025-08-01 15:00:00,Kosovo,Kosovo,XK,760.0,820.0,0.0,0.0,15,1,8,4,False
2025-08-01 16:00:00,Kosovo,Kosovo,XK,760.0,820.0,0.0,0.0,16,1,8,4,False
2025-08-01 17:00:00,Kosovo,Kosovo,XK,760.0,820.0,0.0,0.0,17,1,8,4,False
2025-08-01 18:00:00,Kosovo,Kosovo,XK,760.0,820.0,0.0,0.0,18,1,8,4,False
2025-08-01 19:00:00,Kosovo,Kosovo,XK,760.0,820.0,0.0,0.0,19,1,8,4,False
2025-08-01 20:00:00,Kosovo,Kosovo,XK,760.0,820.0,0.0,0.0,20,1,8,4,False
2025-08-01 21:00:00,Kosovo,Kosovo,XK,760.0,820.0,0.0,0.0,21,1,8,4,False
2025-08-01 22:00:00,Kosovo,Kosovo,XK,760.0,820.0,0.0,0.0,22,1,8,4,False
2025-08-01 23:00:00,Kosovo,Kosovo,XK,760.0,820.0,0.0,0.0,23,1,8,4,False
2025-08-02 00:00:00,Kosovo,Kosovo,XK,760.0,820.0,0.0,0.0,0,2,8,5,False
2025-08-02 01:00:00,Kosovo,Kosovo,XK,760.0,820.0,0.0,0.0,1,2,8,5,False
2025-08-02 02:00:00,Kosovo,Kosovo,XK,760.0,820.0,0.0,0.0,2,2,8,5,False
2025-08-02 03:00:00,Kosovo,Kosovo,XK,760.0,820.0,0.0,0.0,3,2,8,5,False
2025-08-02 04:00:00,Kosovo,Kosovo,XK,760.0,820.0,0.0,0.0,4,2,8,5,False
2025-08-02 05:00:00,Kosovo,Kosovo,XK,760.0,820.0,0.0,0.0,5,2,8,5,False
2025-08-02 06:00:00,Kosovo,Kosovo,XK,760.0,820.0,0.0,-0.0,6,2,8,5,False
2025-08-02 07:00:00,Kosovo,Kosovo,XK,760.0,820.0,0.0,0.0,7,2,8,5,False
2025-08-02 08:00:00,Kosovo,Kosovo,XK,760.0,820.0,0.0,0.0,8,2,8,5,False
2025-08-02 09:00:00,Kosovo,Kosovo,XK,760.0,820.0,0.0,0.0,9,2,8,5,False
2025-08-02 10:00:00,Kosovo,Kosovo,XK,760.0,820.0,0.0,0.0,10,2,8,5,False
2025-08-02 11:00:00,Kosovo,Kosovo,XK,760.0,820.0,0.0,0.0,11,2,8,5,False
2025-08-02 12:00:00,Kosovo,Kosovo,XK,760.0,820.0,0.0,0.0,12,2,8,5,False
2025-08-02 13:00:00,Kosovo,Kosovo,XK,760.0,820.0,0.0,0.0,13,2,8,5,False
2025-08-02 14:00:00,Kosovo,Kosovo,XK,760.0,820.0,0.0,0.0,14,2,8,5,False
2025-08-02 15:00:00,Kosovo,Kosovo,XK,760.0,820.0,0.0,0.0,15,2,8,5,False
2025-08-02 16:00:00,Kosovo,Kosovo,XK,760.0,820.0,0.0,0.0,16,2,8,5,False
2025-08-02 17:00:00,Kosovo,Kosovo,XK,760.0,820.0,0.0,0.0,17,2,8,5,False
2025-08-02 18:00:00,Kosovo,Kosovo,XK,760.0,820.0,0.0,0.0,18,2,8,5,False
2025-08-02 19:00:00,Kosovo,Kosovo,XK,760.0,820.0,0.0,0.0,19,2,8,5,False
2025-08-02 20:00:00,Kosovo,Kosovo,XK,760.0,820.0,0.0,0.0,20,2,8,5,False
2025-08-02 21:00:00,Kosovo,Kosovo,XK,760.0,820.0,0.0,0.0,21,2,8,5,False
2025-08-02 22:00:00,Kosovo,Kosovo,XK,760.0,820.0,0.0,0.0,22,2,8,5,False
2025-08-02 23:00:00,Kosovo,Kosovo,XK,760.0,820.0,0.0,0.0,23,2,8,5,False
2025-08-03 00:00:00,Kosovo,Kosovo,XK,760.0,820.0,0.0,0.0,0,3,8,6,False
2025-08-03 01:00:00,Kosovo,Kosovo,XK,760.0,820.0,0.0,0.0,1,3,8,6,False
2025-08-03 02:00:00,Kosovo,Kosovo,XK,760.0,820.0,0.0,0.0,2,3,8,6,False
2025-08-03 03:00:00,Kosovo,Kosovo,XK,760.0,820.0,0.0,0.0,3,3,8,6,False
2025-08-03 04:00:00,Kosovo,Kosovo,XK,760.0,820.0,0.0,0.0,4,3,8,6,False
2025-08-03 05:00:00,Kosovo,Kosovo,XK,760.0,820.0,0.0,0.0,5,3,8,6,False
2025-08-03 06:00:00,Kosovo,Kosovo,XK,760.0,820.0,0.0,0.0,6,3,8,6,False
2025-08-03 07:00:00,Kosovo,Kosovo,XK,760.0,820.0,0.0,0.0,7,3,8,6,False
2025-08-03 08:00:00,Kosovo,Kosovo,XK,760.0,820.0,0.0,0.0,8,3,8,6,False
2025-08-03 09:00:00,Kosovo,Kosovo,XK,760.0,820.0,0.0,0.0,9,3,8,6,False
2025-08-03 10:00:00,Kosovo,Kosovo,XK,760.0,820.0,0.0,0.0,10,3,8,6,False
2025-08-03 11:00:00,Kosovo,Kosovo,XK,760.0,820.0,0.0,0.0,11,3,8,6,False
2025-08-03 12:00:00,Kosovo,Kosovo,XK,760.0,820.0,0.0,0.0,12,3,8,6,False
2025-08-03 13:00:00,Kosovo,Kosovo,XK,760.0,820.0,0.0,0.0,13,3,8,6,False
2025-08-03 14:00:00,Kosovo,Kosovo,XK,760.0,820.0,0.0,0.0,14,3,8,6,False
2025-08-03 15:00:00,Kosovo,Kosovo,XK,760.0,820.0,0.0,0.0,15,3,8,6,False
2025-08-03 16:00:00,Kosovo,Kosovo,XK,760.0,820.0,0.0,0.0,16,3,8,6,False
2025-08-03 17:00:00,Kosovo,Kosovo,XK,760.0,820.0,0.0,0.0,17,3,8,6,False
2025-08-03 18:00:00,Kosovo,Kosovo,XK,760.0,820.0,0.0,0.0,18,3,8,6,False
2025-08-03 19:00:00,Kosovo,Kosovo,XK,760.0,820.0,0.0,0.0,19,3,8,6,False
2025-08-03 20:00:00,Kosovo,Kosovo,XK,760.0,820.0,0.0,0.0,20,3,8,6,False
2025-08-03 21:00:00,Kosovo,Kosovo,XK,760.0,820.0,0.0,0.0,21,3,8,6,False
2025-08-03 22:00:00,Kosovo,Kosovo,XK,760.0,820.0,0.0,0.0,22,3,8,6,False
2025-08-03 23:00:00,Kosovo,Kosovo,XK,760.0,820.0,0.0,0.0,23,3,8,6,False
2025-08-04 00:00:00,Kosovo,Kosovo,XK,760.0,820.0,0.0,0.0,0,4,8,0,False
2025-08-04 01:00:00,Kosovo,Kosovo,XK,760.0,820.0,0.0,0.0,1,4,8,0,False
2025-08-04 02:00:00,Kosovo,Kosovo,XK,760.0,820.0,0.0,0.0,2,4,8,0,False
2025-08-04 03:00:00,Kosovo,Kosovo,XK,760.0,820.0,0.0,0.0,3,4,8,0,False
2025-08-04 04:00:00,Kosovo,Kosovo,XK,760.0,820.0,0.0,0.0,4,4,8,0,False
2025-08-04 05:00:00,Kosovo,Kosovo,XK,760.0,820.0,0.0,0.0,5,4,8,0,False
2025-08-04 06:00:00,Kosovo,Kosovo,XK,760.0,820.0,0.0,0.0,6,4,8,0,False
2025-08-04 07:00:00,Kosovo,Kosovo,XK,760.0,820.0,0.0,0.0,7,4,8,0,False
2025-08-04 08:00:00,Kosovo,Kosovo,XK,760.0,820.0,0.0,0.0,8,4,8,0,False
2025-08-04 09:00:00,Kosovo,Kosovo,XK,760.0,820.0,0.0,0.0,9,4,8,0,False
2025-08-04 10:00:00,Kosovo,Kosovo,XK,760.0,820.0,0.0,0.0,10,4,8,0,False
2025-08-04 11:00:00,Kosovo,Kosovo,XK,760.0,820.0,0.0,0.0,11,4,8,0,False
2025-08-04 12:00:00,Kosovo,Kosovo,XK,760.0,820.0,0.0,0.0,12,4,8,0,False
2025-08-04 13:00:00,Kosovo,Kosovo,XK,760.0,820.0,0.0,0.0,13,4,8,0,False
2025-08-04 14:00:00,Kosovo,Kosovo,XK,760.0,820.0,0.0,0.0,14,4,8,0,False
2025-08-04 15:00:00,Kosovo,Kosovo,XK,760.0,820.0,0.0,0.0,15,4,8,0,False
2025-08-04 16:00:00,Kosovo,Kosovo,XK,524.45,569.41,30.99,30.99,16,4,8,0,False
2025-08-04 17:00:00,Kosovo,Kosovo,XK,498.71,541.95,34.38,34.38,17,4,8,0,False
2025-08-04 18:00:00,Kosovo,Kosovo,XK,488.7,531.33,35.7,35.7,18,4,8,0,False
2025-08-04 19:00:00,Kosovo,Kosovo,XK,497.85,540.84,34.49,34.49,19,4,8,0,False
2025-08-04 20:00:00,Kosovo,Kosovo,XK,613.39,663.88,19.29,19.29,20,4,8,0,False
2025-08-04 21:00:00,Kosovo,Kosovo,XK,760.0,820.0,0.0,0.0,21,4,8,0,False
2025-08-04 22:00:00,Kosovo,Kosovo,XK,760.0,820.0,0.0,0.0,22,4,8,0,False
2025-08-04 23:00:00,Kosovo,Kosovo,XK,760.0,820.0,0.0,0.0,23,4,8,0,False
2025-08-05 00:00:00,Kosovo,Kosovo,XK,760.0,820.0,0.0,0.0,0,5,8,1,False
2025-08-05 01:00:00,Kosovo,Kosovo,XK,760.0,820.0,0.0,0.0,1,5,8,1,False
2025-08-05 02:00:00,Kosovo,Kosovo,XK,760.0,820.0,0.0,0.0,2,5,8,1,False
2025-08-05 03:00:00,Kosovo,Kosovo,XK,760.0,820.0,0.0,0.0,3,5,8,1,False
2025-08-05 04:00:00,Kosovo,Kosovo,XK,760.0,820.0,0.0,0.0,4,5,8,1,False
2025-08-05 05:00:00,Kosovo,Kosovo,XK,760.0,820.0,0.0,0.0,5,5,8,1,False
2025-08-05 06:00:00,Kosovo,Kosovo,XK,760.0,820.0,0.0,0.0,6,5,8,1,False
2025-08-05 07:00:00,Kosovo,Kosovo,XK,760.0,820.0,0.0,0.0,7,5,8,1,False
2025-08-05 08:00:00,Kosovo,Kosovo,XK,760.0,820.0,0.0,0.0,8,5,8,1,False
2025-08-05 09:00:00,Kosovo,Kosovo,XK,760.0,820.0,0.0,0.0,9,5,8,1,False
2025-08-05 10:00:00,Kosovo,Kosovo,XK,760.0,820.0,0.0,0.0,10,5,8,1,False
2025-08-05 11:00:00,Kosovo,Kosovo,XK,760.0,820.0,0.0,0.0,11,5,8,1,False
2025-08-05 12:00:00,Kosovo,Kosovo,XK,760.0,820.0,0.0,0.0,12,5,8,1,False
2025-08-05 13:00:00,Kosovo,Kosovo,XK,760.0,820.0,0.0,0.0,13,5,8,1,False
2025-08-05 14:00:00,Kosovo,Kosovo,XK,760.0,820.0,0.0,0.0,14,5,8,1,False
2025-08-05 15:00:00,Kosovo,Kosovo,XK,760.0,820.0,0.0,0.0,15,5,8,1,False
2025-08-05 16:00:00,Kosovo,Kosovo,XK,760.0,820.0,0.0,0.0,16,5,8,1,False
2025-08-05 17:00:00,Kosovo,Kosovo,XK,760.0,820.0,0.0,0.0,17,5,8,1,False
2025-08-05 18:00:00,Kosovo,Kosovo,XK,760.0,820.0,0.0,0.0,18,5,8,1,False
2025-08-05 19:00:00,Kosovo,Kosovo,XK,760.0,820.0,0.0,0.0,19,5,8,1,False
2025-08-05 20:00:00,Kosovo,Kosovo,XK,760.0,820.0,0.0,0.0,20,5,8,1,False
2025-08-05 21:00:00,Kosovo,Kosovo,XK,760.0,820.0,0.0,0.0,21,5,8,1,False
2025-08-05 22:00:00,Kosovo,Kosovo,XK,760.0,820.0,0.0,0.0,22,5,8,1,False
2025-08-05 23:00:00,Kosovo,Kosovo,XK,760.0,820.0,0.0,0.0,23,5,8,1,False
2025-08-06 00:00:00,Kosovo,Kosovo,XK,760.0,820.0,0.0,0.0,0,6,8,2,False
2025-08-06 01:00:00,Kosovo,Kosovo,XK,760.0,820.0,0.0,0.0,1,6,8,2,False
2025-08-06 02:00:00,Kosovo,Kosovo,XK,760.0,820.0,0.0,0.0,2,6,8,2,False
2025-08-06 03:00:00,Kosovo,Kosovo,XK,760.0,820.0,0.0,0.0,3,6,8,2,False
2025-08-06 04:00:00,Kosovo,Kosovo,XK,760.0,820.0,0.0,0.0,4,6,8,2,False
2025-08-06 05:00:00,Kosovo,Kosovo,XK,760.0,820.0,0.0,0.0,5,6,8,2,False
2025-08-06 06:00:00,Kosovo,Kosovo,XK,760.0,820.0,0.0,0.0,6,6,8,2,False
2025-08-06 07:00:00,Kosovo,Kosovo,XK,760.0,820.0,0.0,0.0,7,6,8,2,False
2025-08-06 08:00:00,Kosovo,Kosovo,XK,760.0,820.0,0.0,0.0,8,6,8,2,False
2025-08-06 09:00:00,Kosovo,Kosovo,XK,760.0,820.0,0.0,0.0,9,6,8,2,False
2025-08-06 10:00:00,Kosovo,Kosovo,XK,760.0,820.0,0.0,0.0,10,6,8,2,False
2025-08-06 11:00:00,Kosovo,Kosovo,XK,760.0,820.0,0.0,0.0,11,6,8,2,False
2025-08-06 12:00:00,Kosovo,Kosovo,XK,760.0,820.0,0.0,0.0,12,6,8,2,False
2025-08-06 13:00:00,Kosovo,Kosovo,XK,760.0,820.0,0.0,0.0,13,6,8,2,False
2025-08-06 14:00:00,Kosovo,Kosovo,XK,760.0,820.0,0.0,0.0,14,6,8,2,False
2025-08-06 15:00:00,Kosovo,Kosovo,XK,717.63,775.01,5.57,5.57,15,6,8,2,False
2025-08-06 16:00:00,Kosovo,Kosovo,XK,638.41,690.62,16.0,16.0,16,6,8,2,False
2025-08-06 17:00:00,Kosovo,Kosovo,XK,544.84,591.04,28.31,28.31,17,6,8,2,False
2025-08-06 18:00:00,Kosovo,Kosovo,XK,527.01,572.07,30.66,30.66,18,6,8,2,False
2025-08-06 19:00:00,Kosovo,Kosovo,XK,554.76,601.44,27.01,27.01,19,6,8,2,False
2025-08-06 20:00:00,Kosovo,Kosovo,XK,687.29,742.57,9.57,9.57,20,6,8,2,False
2025-08-06 21:00:00,Kosovo,Kosovo,XK,760.0,820.0,0.0,0.0,21,6,8,2,False
2025-08-06 22:00:00,Kosovo,Kosovo,XK,760.0,820.0,0.0,0.0,22,6,8,2,False
2025-08-06 23:00:00,Kosovo,Kosovo,XK,760.0,820.0,0.0,0.0,23,6,8,2,False
2025-08-07 00:00:00,Kosovo,Kosovo,XK,760.0,820.0,0.0,0.0,0,7,8,3,False
2025-08-07 01:00:00,Kosovo,Kosovo,XK,760.0,820.0,0.0,0.0,1,7,8,3,False
2025-08-07 02:00:00,Kosovo,Kosovo,XK,760.0,820.0,0.0,0.0,2,7,8,3,False
2025-08-07 03:00:00,Kosovo,Kosovo,XK,760.0,820.0,0.0,0.0,3,7,8,3,False
2025-08-07 04:00:00,Kosovo,Kosovo,XK,760.0,820.0,0.0,0.0,4,7,8,3,False
2025-08-07 05:00:00,Kosovo,Kosovo,XK,760.0,820.0,0.0,0.0,5,7,8,3,False
2025-08-07 06:00:00,Kosovo,Kosovo,XK,760.0,820.0,0.0,0.0,6,7,8,3,False
2025-08-07 07:00:00,Kosovo,Kosovo,XK,760.0,820.0,0.0,0.0,7,7,8,3,False
2025-08-07 08:00:00,Kosovo,Kosovo,XK,760.0,820.0,0.0,0.0,8,7,8,3,False
2025-08-07 09:00:00,Kosovo,Kosovo,XK,760.0,820.0,0.0,0.0,9,7,8,3,False
2025-08-07 10:00:00,Kosovo,Kosovo,XK,760.0,820.0,0.0,0.0,10,7,8,3,False
2025-08-07 11:00:00,Kosovo,Kosovo,XK,760.0,820.0,0.0,0.0,11,7,8,3,False
2025-08-07 12:00:00,Kosovo,Kosovo,XK,760.0,820.0,0.0,0.0,12,7,8,3,False
2025-08-07 13:00:00,Kosovo,Kosovo,XK,760.0,820.0,0.0,0.0,13,7,8,3,False
2025-08-07 14:00:00,Kosovo,Kosovo,XK,760.0,820.0,0.0,0.0,14,7,8,3,False
2025-08-07 15:00:00,Kosovo,Kosovo,XK,760.0,820.0,0.0,0.0,15,7,8,3,False
2025-08-07 16:00:00,Kosovo,Kosovo,XK,760.0,820.0,0.0,0.0,16,7,8,3,False
2025-08-07 17:00:00,Kosovo,Kosovo,XK,760.0,820.0,0.0,0.0,17,7,8,3,False
2025-08-07 18:00:00,Kosovo,Kosovo,XK,760.0,820.0,0.0,0.0,18,7,8,3,False
2025-08-07 19:00:00,Kosovo,Kosovo,XK,760.0,820.0,0.0,0.0,19,7,8,3,False
2025-08-07 20:00:00,Kosovo,Kosovo,XK,760.0,820.0,0.0,0.0,20,7,8,3,False
2025-08-07 21:00:00,Kosovo,Kosovo,XK,760.0,820.0,0.0,0.0,21,7,8,3,False
2025-08-07 22:00:00,Kosovo,Kosovo,XK,760.0,820.0,0.0,0.0,22,7,8,3,False
2025-08-07 23:00:00,Kosovo,Kosovo,XK,760.0,820.0,0.0,0.0,23,7,8,3,False
2025-08-08 00:00:00,Kosovo,Kosovo,XK,760.0,820.0,0.0,0.0,0,8,8,4,False
2025-08-08 01:00:00,Kosovo,Kosovo,XK,760.0,820.0,0.0,0.0,1,8,8,4,False
2025-08-08 02:00:00,Kosovo,Kosovo,XK,760.0,820.0,0.0,0.0,2,8,8,4,False
2025-08-08 03:00:00,Kosovo,Kosovo,XK,760.0,820.0,0.0,0.0,3,8,8,4,False
2025-08-08 04:00:00,Kosovo,Kosovo,XK,760.0,820.0,0.0,0.0,4,8,8,4,False
2025-08-08 05:00:00,Kosovo,Kosovo,XK,760.0,820.0,0.0,0.0,5,8,8,4,False
2025-08-08 06:00:00,Kosovo,Kosovo,XK,760.0,820.0,0.0,0.0,6,8,8,4,False
2025-08-08 07:00:00,Kosovo,Kosovo,XK,760.0,820.0,0.0,0.0,7,8,8,4,False
2025-08-08 08:00:00,Kosovo,Kosovo,XK,760.0,820.0,0.0,0.0,8,8,8,4,False
2025-08-08 09:00:00,Kosovo,Kosovo,XK,760.0,820.0,0.0,0.0,9,8,8,4,False
2025-08-08 10:00:00,Kosovo,Kosovo,XK,760.0,820.0,0.0,0.0,10,8,8,4,False
2025-08-08 11:00:00,Kosovo,Kosovo,XK,760.0,820.0,0.0,0.0,11,8,8,4,False
2025-08-08 12:00:00,Kosovo,Kosovo,XK,760.0,820.0,0.0,0.0,12,8,8,4,False
2025-08-08 13:00:00,Kosovo,Kosovo,XK,760.0,820.0,0.0,0.0,13,8,8,4,False
2025-08-08 14:00:00,Kosovo,Kosovo,XK,760.0,820.0,0.0,0.0,14,8,8,4,False
2025-08-08 15:00:00,Kosovo,Kosovo,XK,667.23,722.2,11.83,11.82,15,8,8,4,False
2025-08-08 16:00:00,Kosovo,Kosovo,XK,581.66,632.59,22.08,22.05,16,8,8,4,False
2025-08-08 17:00:00,Kosovo,Kosovo,XK,522.56,570.35,29.36,29.29,17,8,8,4,False
2025-08-08 18:00:00,Kosovo,Kosovo,XK,517.34,564.59,30.11,30.04,18,8,8,4,False
2025-08-08 19:00:00,Kosovo,Kosovo,XK,550.2,599.56,25.8,25.76,19,8,8,4,False
2025-08-08 20:00:00,Kosovo,Kosovo,XK,684.71,741.11,9.14,9.13,20,8,8,4,False
2025-08-08 21:00:00,Kosovo,Kosovo,XK,721.51,779.7,4.67,4.67,21,8,8,4,False
2025-08-08 22:00:00,Kosovo,Kosovo,XK,760.0,820.0,0.0,0.0,22,8,8,4,False
2025-08-08 23:00:00,Kosovo,Kosovo,XK,760.0,820.0,0.0,0.0,23,8,8,4,False
2025-08-09 00:00:00,Kosovo,Kosovo,XK,760.0,820.0,0.0,0.0,0,9,8,5,False
2025-08-09 01:00:00,Kosovo,Kosovo,XK,760.0,820.0,0.0,0.0,1,9,8,5,False
2025-08-09 02:00:00,Kosovo,Kosovo,XK,760.0,820.0,0.0,0.0,2,9,8,5,False
2025-08-09 03:00:00,Kosovo,Kosovo,XK,760.0,820.0,0.0,0.0,3,9,8,5,False
2025-08-09 04:00:00,Kosovo,Kosovo,XK,760.0,820.0,0.0,0.0,4,9,8,5,False
2025-08-09 05:00:00,Kosovo,Kosovo,XK,760.0,820.0,0.0,0.0,5,9,8,5,False
2025-08-09 06:00:00,Kosovo,Kosovo,XK,760.0,820.0,0.0,0.0,6,9,8,5,False
2025-08-09 07:00:00,Kosovo,Kosovo,XK,760.0,820.0,0.0,0.0,7,9,8,5,False
2025-08-09 08:00:00,Kosovo,Kosovo,XK,760.0,820.0,0.0,0.0,8,9,8,5,False
2025-08-09 09:00:00,Kosovo,Kosovo,XK,760.0,820.0,0.0,0.0,9,9,8,5,False
2025-08-09 10:00:00,Kosovo,Kosovo,XK,760.0,820.0,0.0,0.0,10,9,8,5,False
2025-08-09 11:00:00,Kosovo,Kosovo,XK,760.0,820.0,0.0,0.0,11,9,8,5,False
2025-08-09 12:00:00,Kosovo,Kosovo,XK,760.0,820.0,0.0,0.0,12,9,8,5,False
2025-08-09 13:00:00,Kosovo,Kosovo,XK,760.0,820.0,0.0,0.0,13,9,8,5,False
2025-08-09 14:00:00,Kosovo,Kosovo,XK,760.0,820.0,0.0,0.0,14,9,8,5,False
2025-08-09 15:00:00,Kosovo,Kosovo,XK,760.0,820.0,0.0,0.0,15,9,8,5,False
2025-08-09 16:00:00,Kosovo,Kosovo,XK,760.0,820.0,0.0,0.0,16,9,8,5,False
2025-08-09 17:00:00,Kosovo,Kosovo,XK,760.0,820.0,0.0,0.0,17,9,8,5,False
2025-08-09 18:00:00,Kosovo,Kosovo,XK,760.0,820.0,0.0,0.0,18,9,8,5,False
2025-08-09 19:00:00,Kosovo,Kosovo,XK,760.0,820.0,0.0,0.0,19,9,8,5,False
2025-08-09 20:00:00,Kosovo,Kosovo,XK,760.0,820.0,0.0,0.0,20,9,8,5,False
2025-08-09 21:00:00,Kosovo,Kosovo,XK,760.0,820.0,0.0,0.0,21,9,8,5,False
2025-08-09 22:00:00,Kosovo,Kosovo,XK,760.0,820.0,0.0,0.0,22,9,8,5,False
2025-08-09 23:00:00,Kosovo,Kosovo,XK,760.0,820.0,0.0,0.0,23,9,8,5,False
2025-08-10 00:00:00,Kosovo,Kosovo,XK,760.0,820.0,0.0,0.0,0,10,8,6,False
2025-08-10 01:00:00,Kosovo,Kosovo,XK,760.0,820.0,0.0,0.0,1,10,8,6,False
2025-08-10 02:00:00,Kosovo,Kosovo,XK,760.0,820.0,0.0,0.0,2,10,8,6,False
2025-08-10 03:00:00,Kosovo,Kosovo,XK,760.0,820.0,0.0,0.0,3,10,8,6,False
2025-08-10 04:00:00,Kosovo,Kosovo,XK,760.0,820.0,0.0,0.0,4,10,8,6,False
2025-08-10 05:00:00,Kosovo,Kosovo,XK,760.0,820.0,0.0,-0.0,5,10,8,6,False
2025-08-10 06:00:00,Kosovo,Kosovo,XK,760.0,820.0,0.0,0.0,6,10,8,6,False
2025-08-10 07:00:00,Kosovo,Kosovo,XK,760.0,820.0,0.0,0.0,7,10,8,6,False
2025-08-10 08:00:00,Kosovo,Kosovo,XK,760.0,820.0,0.0,0.0,8,10,8,6,False
2025-08-10 09:00:00,Kosovo,Kosovo,XK,760.0,820.0,0.0,0.0,9,10,8,6,False
2025-08-10 10:00:00,Kosovo,Kosovo,XK,760.0,820.0,0.0,0.0,10,10,8,6,False
2025-08-10 11:00:00,Kosovo,Kosovo,XK,760.0,820.0,0.0,0.0,11,10,8,6,False
2025-08-10 12:00:00,Kosovo,Kosovo,XK,760.0,820.0,0.0,0.0,12,10,8,6,False
2025-08-10 13:00:00,Kosovo,Kosovo,XK,760.0,820.0,0.0,0.0,13,10,8,6,False
2025-08-10 14:00:00,Kosovo,Kosovo,XK,760.0,820.0,0.0,0.0,14,10,8,6,False
2025-08-10 15:00:00,Kosovo,Kosovo,XK,760.0,820.0,0.0,0.0,15,10,8,6,False
2025-08-10 16:00:00,Kosovo,Kosovo,XK,760.0,820.0,0.0,0.0,16,10,8,6,False
2025-08-10 17:00:00,Kosovo,Kosovo,XK,760.0,820.0,0.0,0.0,17,10,8,6,False
2025-08-10 18:00:00,Kosovo,Kosovo,XK,760.0,820.0,0.0,0.0,18,10,8,6,False
2025-08-10 19:00:00,Kosovo,Kosovo,XK,760.0,820.0,0.0,0.0,19,10,8,6,False
2025-08-10 20:00:00,Kosovo,Kosovo,XK,760.0,820.0,0.0,0.0,20,10,8,6,False
2025-08-10 21:00:00,Kosovo,Kosovo,XK,760.0,820.0,0.0,0.0,21,10,8,6,False
2025-08-10 22:00:00,Kosovo,Kosovo,XK,760.0,820.0,0.0,0.0,22,10,8,6,False
2025-08-10 23:00:00,Kosovo,Kosovo,XK,760.0,820.0,0.0,0.0,23,10,8,6,False
2025-08-11 00:00:00,Kosovo,Kosovo,XK,715.17,774.08,5.24,4.5,0,11,8,0,False
2025-08-11 01:00:00,Kosovo,Kosovo,XK,716.5,775.24,5.16,4.54,1,11,8,0,False
2025-08-11 02:00:00,Kosovo,Kosovo,XK,718.17,776.83,5.0,4.51,2,11,8,0,False
2025-08-11 03:00:00,Kosovo,Kosovo,XK,718.28,776.77,5.06,4.51,3,11,8,0,False
2025-08-11 04:00:00,Kosovo,Kosovo,XK,755.28,815.12,0.57,0.51,4,11,8,0,False
2025-08-11 05:00:00,Kosovo,Kosovo,XK,745.24,804.7,1.81,1.57,5,11,8,0,False
2025-08-11 06:00:00,Kosovo,Kosovo,XK,742.81,802.22,2.1,1.81,6,11,8,0,False
2025-08-11 07:00:00,Kosovo,Kosovo,XK,716.45,774.92,5.38,4.53,7,11,8,0,False
2025-08-11 08:00:00,Kosovo,Kosovo,XK,716.05,774.45,5.46,4.64,8,11,8,0,False
2025-08-11 09:00:00,Kosovo,Kosovo,XK,715.96,774.47,5.41,4.65,9,11,8,0,False
2025-08-11 10:00:00,Kosovo,Kosovo,XK,707.5,765.95,6.38,5.45,10,11,8,0,False
2025-08-11 11:00:00,Kosovo,Kosovo,XK,692.4,750.3,8.27,7.0,11,11,8,0,False
2025-08-11 12:00:00,Kosovo,Kosovo,XK,695.36,753.18,7.94,6.83,12,11,8,0,False
2025-08-11 13:00:00,Kosovo,Kosovo,XK,690.85,748.28,8.57,7.47,13,11,8,0,False
2025-08-11 14:00:00,Kosovo,Kosovo,XK,671.59,728.32,10.92,9.67,14,11,8,0,False
2025-08-11 15:00:00,Kosovo,Kosovo,XK,685.44,742.22,9.21,9.07,15,11,8,0,False
2025-08-11 16:00:00,Kosovo,Kosovo,XK,760.0,820.0,0.0,0.0,16,11,8,0,False
2025-08-11 17:00:00,Kosovo,Kosovo,XK,760.0,820.0,0.0,0.0,17,11,8,0,False
2025-08-11 18:00:00,Kosovo,Kosovo,XK,760.0,820.0,0.0,0.0,18,11,8,0,False
2025-08-11 19:00:00,Kosovo,Kosovo,XK,760.0,820.0,0.0,0.0,19,11,8,0,False
2025-08-11 20:00:00,Kosovo,Kosovo,XK,739.97,799.11,2.48,2.37,20,11,8,0,False
2025-08-11 21:00:00,Kosovo,Kosovo,XK,678.34,734.82,10.09,9.84,21,11,8,0,False
2025-08-11 22:00:00,Kosovo,Kosovo,XK,696.37,753.93,7.79,7.04,22,11,8,0,False
2025-08-11 23:00:00,Kosovo,Kosovo,XK,699.72,757.5,7.36,6.39,23,11,8,0,False
2025-08-12 00:00:00,Kosovo,Kosovo,XK,711.85,770.31,5.71,5.71,0,12,8,1,False
2025-08-12 01:00:00,Kosovo,Kosovo,XK,711.89,770.44,5.68,5.66,1,12,8,1,False
2025-08-12 02:00:00,Kosovo,Kosovo,XK,708.22,766.47,6.18,6.18,2,12,8,1,False
2025-08-12 03:00:00,Kosovo,Kosovo,XK,714.36,772.91,5.41,5.41,3,12,8,1,False
2025-08-12 04:00:00,Kosovo,Kosovo,XK,759.57,819.55,0.05,0.05,4,12,8,1,False
2025-08-12 05:00:00,Kosovo,Kosovo,XK,747.71,807.25,1.51,1.33,5,12,8,1,False
2025-08-12 06:00:00,Kosovo,Kosovo,XK,717.69,776.09,5.25,4.56,6,12,8,1,False
2025-08-12 07:00:00,Kosovo,Kosovo,XK,687.37,744.44,9.17,7.92,7,12,8,1,False
2025-08-12 08:00:00,Kosovo,Kosovo,XK,685.96,743.28,9.36,7.68,8,12,8,1,False
2025-08-12 09:00:00,Kosovo,Kosovo,XK,688.18,745.75,9.04,7.31,9,12,8,1,False
2025-08-12 10:00:00,Kosovo,Kosovo,XK,702.84,761.22,7.06,5.66,10,12,8,1,False
2025-08-12 11:00:00,Kosovo,Kosovo,XK,701.32,759.64,7.22,5.86,11,12,8,1,False
2025-08-12 12:00:00,Kosovo,Kosovo,XK,701.13,759.31,7.26,6.02,12,12,8,1,False
2025-08-12 13:00:00,Kosovo,Kosovo,XK,687.5,744.87,9.03,7.73,13,12,8,1,False
2025-08-12 14:00:00,Kosovo,Kosovo,XK,701.5,759.52,7.18,6.28,14,12,8,1,False
2025-08-12 15:00:00,Kosovo,Kosovo,XK,732.68,791.66,3.33,3.14,15,12,8,1,False
2025-08-12 16:00:00,Kosovo,Kosovo,XK,760.0,820.0,0.0,0.0,16,12,8,1,False
2025-08-12 17:00:00,Kosovo,Kosovo,XK,760.0,820.0,0.0,0.0,17,12,8,1,False
2025-08-12 18:00:00,Kosovo,Kosovo,XK,760.0,820.0,0.0,0.0,18,12,8,1,False
2025-08-12 19:00:00,Kosovo,Kosovo,XK,760.0,820.0,0.0,0.0,19,12,8,1,False
2025-08-12 20:00:00,Kosovo,Kosovo,XK,731.57,790.34,3.53,3.33,20,12,8,1,False
2025-08-12 21:00:00,Kosovo,Kosovo,XK,719.32,777.83,4.94,4.69,21,12,8,1,False
2025-08-12 22:00:00,Kosovo,Kosovo,XK,712.24,770.35,5.85,5.44,22,12,8,1,False
2025-08-12 23:00:00,Kosovo,Kosovo,XK,713.72,772.1,5.59,5.06,23,12,8,1,False
2025-08-13 00:00:00,Kosovo,Kosovo,XK,712.98,771.36,5.66,5.12,0,13,8,2,False
2025-08-13 01:00:00,Kosovo,Kosovo,XK,712.65,771.02,5.7,5.2,1,13,8,2,False
2025-08-13 02:00:00,Kosovo,Kosovo,XK,716.33,774.79,5.26,4.85,2,13,8,2,False
2025-08-13 03:00:00,Kosovo,Kosovo,XK,716.87,775.27,5.22,4.8,3,13,8,2,False
2025-08-13 04:00:00,Kosovo,Kosovo,XK,760.0,820.0,0.0,0.0,4,13,8,2,False
2025-08-13 05:00:00,Kosovo,Kosovo,XK,760.0,820.0,0.0,0.0,5,13,8,2,False
2025-08-13 06:00:00,Kosovo,Kosovo,XK,760.0,820.0,0.0,0.0,6,13,8,2,False
2025-08-13 07:00:00,Kosovo,Kosovo,XK,760.0,820.0,0.0,0.0,7,13,8,2,False
2025-08-13 08:00:00,Kosovo,Kosovo,XK,760.0,820.0,0.0,0.0,8,13,8,2,False
2025-08-13 09:00:00,Kosovo,Kosovo,XK,760.0,820.0,0.0,0.0,9,13,8,2,False
2025-08-13 10:00:00,Kosovo,Kosovo,XK,760.0,820.0,0.0,0.0,10,13,8,2,False
2025-08-13 11:00:00,Kosovo,Kosovo,XK,760.0,820.0,0.0,0.0,11,13,8,2,False
2025-08-13 12:00:00,Kosovo,Kosovo,XK,760.0,820.0,0.0,0.0,12,13,8,2,False
2025-08-13 13:00:00,Kosovo,Kosovo,XK,760.0,820.0,0.0,0.0,13,13,8,2,False
2025-08-13 14:00:00,Kosovo,Kosovo,XK,760.0,820.0,0.0,0.0,14,13,8,2,False
2025-08-13 15:00:00,Kosovo,Kosovo,XK,699.2,755.35,7.98,7.95,15,13,8,2,False
2025-08-13 16:00:00,Kosovo,Kosovo,XK,591.92,641.13,22.05,22.05,16,13,8,2,False
2025-08-13 17:00:00,Kosovo,Kosovo,XK,635.71,687.79,16.27,16.27,17,13,8,2,False
2025-08-13 18:00:00,Kosovo,Kosovo,XK,693.84,749.64,8.65,8.65,18,13,8,2,False
2025-08-13 19:00:00,Kosovo,Kosovo,XK,750.6,810.01,1.23,1.23,19,13,8,2,False
2025-08-13 20:00:00,Kosovo,Kosovo,XK,760.0,820.0,0.0,0.0,20,13,8,2,False
2025-08-13 21:00:00,Kosovo,Kosovo,XK,760.0,820.0,0.0,0.0,21,13,8,2,False
2025-08-13 22:00:00,Kosovo,Kosovo,XK,760.0,820.0,0.0,0.0,22,13,8,2,False
2025-08-13 23:00:00,Kosovo,Kosovo,XK,760.0,820.0,0.0,0.0,23,13,8,2,False
2025-08-14 00:00:00,Kosovo,Kosovo,XK,760.0,820.0,0.0,0.0,0,14,8,3,False
2025-08-14 01:00:00,Kosovo,Kosovo,XK,760.0,820.0,0.0,0.0,1,14,8,3,False
2025-08-14 02:00:00,Kosovo,Kosovo,XK,760.0,820.0,0.0,0.0,2,14,8,3,False
2025-08-14 03:00:00,Kosovo,Kosovo,XK,760.0,820.0,0.0,0.0,3,14,8,3,False
2025-08-14 04:00:00,Kosovo,Kosovo,XK,596.32,661.28,12.77,11.05,4,14,8,3,False
2025-08-14 05:00:00,Kosovo,Kosovo,XK,546.31,608.66,19.38,17.54,5,14,8,3,False
2025-08-14 06:00:00,Kosovo,Kosovo,XK,525.5,583.39,24.6,21.86,6,14,8,3,False
2025-08-14 07:00:00,Kosovo,Kosovo,XK,490.82,545.96,29.98,27.14,7,14,8,3,False
2025-08-14 08:00:00,Kosovo,Kosovo,XK,474.17,527.05,33.13,30.46,8,14,8,3,False
2025-08-14 09:00:00,Kosovo,Kosovo,XK,474.92,527.91,33.05,30.39,9,14,8,3,False
2025-08-14 10:00:00,Kosovo,Kosovo,XK,474.97,527.93,33.13,30.36,10,14,8,3,False
2025-08-14 11:00:00,Kosovo,Kosovo,XK,490.41,543.67,31.44,28.24,11,14,8,3,False
2025-08-14 12:00:00,Kosovo,Kosovo,XK,542.77,598.9,24.42,20.23,12,14,8,3,False
2025-08-14 13:00:00,Kosovo,Kosovo,XK,589.22,647.7,18.23,14.35,13,14,8,3,False
2025-08-14 14:00:00,Kosovo,Kosovo,XK,646.96,707.09,11.25,8.82,14,14,8,3,False
2025-08-14 15:00:00,Kosovo,Kosovo,XK,737.63,797.62,2.14,1.84,15,14,8,3,False
2025-08-14 16:00:00,Kosovo,Kosovo,XK,644.1,704.37,10.5,10.4,16,14,8,3,False
2025-08-14 17:00:00,Kosovo,Kosovo,XK,632.96,695.11,10.35,10.24,17,14,8,3,False
2025-08-14 18:00:00,Kosovo,Kosovo,XK,628.8,691.25,10.58,10.26,18,14,8,3,False
2025-08-14 19:00:00,Kosovo,Kosovo,XK,630.55,692.56,10.71,10.32,19,14,8,3,False
2025-08-14 20:00:00,Kosovo,Kosovo,XK,682.02,743.53,6.45,5.6,20,14,8,3,False
2025-08-14 21:00:00,Kosovo,Kosovo,XK,755.14,815.25,0.4,0.27,21,14,8,3,False
2025-08-14 22:00:00,Kosovo,Kosovo,XK,628.6,695.44,8.57,5.95,22,14,8,3,False
2025-08-14 23:00:00,Kosovo,Kosovo,XK,628.41,693.99,9.45,5.18,23,14,8,3,False
2025-08-15 00:00:00,Kosovo,Kosovo,XK,597.62,665.0,11.26,7.55,0,15,8,4,False
2025-08-15 01:00:00,Kosovo,Kosovo,XK,575.65,642.71,13.5,9.92,1,15,8,4,False
2025-08-15 02:00:00,Kosovo,Kosovo,XK,539.74,607.75,16.29,13.31,2,15,8,4,False
2025-08-15 03:00:00,Kosovo,Kosovo,XK,513.97,580.61,19.55,15.95,3,15,8,4,False
2025-08-15 04:00:00,Kosovo,Kosovo,XK,760.0,820.0,0.0,0.0,4,15,8,4,False
2025-08-15 05:00:00,Kosovo,Kosovo,XK,760.0,820.0,0.0,0.0,5,15,8,4,False
2025-08-15 06:00:00,Kosovo,Kosovo,XK,760.0,820.0,0.0,0.0,6,15,8,4,False
2025-08-15 07:00:00,Kosovo,Kosovo,XK,760.0,820.0,0.0,0.0,7,15,8,4,False
2025-08-15 08:00:00,Kosovo,Kosovo,XK,760.0,820.0,0.0,0.0,8,15,8,4,False
2025-08-15 09:00:00,Kosovo,Kosovo,XK,760.0,820.0,0.0,0.0,9,15,8,4,False
2025-08-15 10:00:00,Kosovo,Kosovo,XK,760.0,820.0,0.0,0.0,10,15,8,4,False
2025-08-15 11:00:00,Kosovo,Kosovo,XK,760.0,820.0,0.0,0.0,11,15,8,4,False
2025-08-15 12:00:00,Kosovo,Kosovo,XK,760.0,820.0,0.0,0.0,12,15,8,4,False
2025-08-15 13:00:00,Kosovo,Kosovo,XK,760.0,820.0,0.0,0.0,13,15,8,4,False
2025-08-15 14:00:00,Kosovo,Kosovo,XK,760.0,820.0,0.0,0.0,14,15,8,4,False
2025-08-15 15:00:00,Kosovo,Kosovo,XK,760.0,820.0,0.0,0.0,15,15,8,4,False
2025-08-15 16:00:00,Kosovo,Kosovo,XK,760.0,820.0,0.0,0.0,16,15,8,4,False
2025-08-15 17:00:00,Kosovo,Kosovo,XK,760.0,820.0,0.0,0.0,17,15,8,4,False
2025-08-15 18:00:00,Kosovo,Kosovo,XK,760.0,820.0,0.0,0.0,18,15,8,4,False
2025-08-15 19:00:00,Kosovo,Kosovo,XK,760.0,820.0,0.0,0.0,19,15,8,4,False
2025-08-15 20:00:00,Kosovo,Kosovo,XK,760.0,820.0,0.0,0.0,20,15,8,4,False
2025-08-15 21:00:00,Kosovo,Kosovo,XK,760.0,820.0,0.0,0.0,21,15,8,4,False
2025-08-15 22:00:00,Kosovo,Kosovo,XK,760.0,820.0,0.0,0.0,22,15,8,4,False
2025-08-15 23:00:00,Kosovo,Kosovo,XK,760.0,820.0,0.0,0.0,23,15,8,4,False
2025-08-16 00:00:00,Kosovo,Kosovo,XK,760.0,820.0,0.0,0.0,0,16,8,5,False
2025-08-16 01:00:00,Kosovo,Kosovo,XK,760.0,820.0,0.0,0.0,1,16,8,5,False
2025-08-16 02:00:00,Kosovo,Kosovo,XK,760.0,820.0,0.0,0.0,2,16,8,5,False
2025-08-16 03:00:00,Kosovo,Kosovo,XK,760.0,820.0,0.0,0.0,3,16,8,5,False
2025-08-16 04:00:00,Kosovo,Kosovo,XK,760.0,820.0,0.0,0.0,4,16,8,5,False
2025-08-16 05:00:00,Kosovo,Kosovo,XK,760.0,820.0,0.0,0.0,5,16,8,5,False
2025-08-16 06:00:00,Kosovo,Kosovo,XK,760.0,820.0,0.0,-0.0,6,16,8,5,False
2025-08-16 07:00:00,Kosovo,Kosovo,XK,760.0,820.0,0.0,-0.0,7,16,8,5,False
2025-08-16 08:00:00,Kosovo,Kosovo,XK,760.0,820.0,0.0,0.0,8,16,8,5,False
2025-08-16 09:00:00,Kosovo,Kosovo,XK,760.0,820.0,0.0,0.0,9,16,8,5,False
2025-08-16 10:00:00,Kosovo,Kosovo,XK,760.0,820.0,0.0,0.0,10,16,8,5,False
2025-08-16 11:00:00,Kosovo,Kosovo,XK,760.0,820.0,0.0,0.0,11,16,8,5,False
2025-08-16 12:00:00,Kosovo,Kosovo,XK,760.0,820.0,0.0,0.0,12,16,8,5,False
2025-08-16 13:00:00,Kosovo,Kosovo,XK,760.0,820.0,0.0,0.0,13,16,8,5,False
2025-08-16 14:00:00,Kosovo,Kosovo,XK,760.0,820.0,0.0,0.0,14,16,8,5,False
2025-08-16 15:00:00,Kosovo,Kosovo,XK,760.0,820.0,0.0,0.0,15,16,8,5,False
2025-08-16 16:00:00,Kosovo,Kosovo,XK,760.0,820.0,0.0,0.0,16,16,8,5,False
2025-08-16 17:00:00,Kosovo,Kosovo,XK,760.0,820.0,0.0,0.0,17,16,8,5,False
2025-08-16 18:00:00,Kosovo,Kosovo,XK,760.0,820.0,0.0,0.0,18,16,8,5,False
2025-08-16 19:00:00,Kosovo,Kosovo,XK,760.0,820.0,0.0,0.0,19,16,8,5,False
2025-08-16 20:00:00,Kosovo,Kosovo,XK,760.0,820.0,0.0,0.0,20,16,8,5,False
2025-08-16 21:00:00,Kosovo,Kosovo,XK,760.0,820.0,0.0,0.0,21,16,8,5,False
2025-08-16 22:00:00,Kosovo,Kosovo,XK,760.0,820.0,0.0,0.0,22,16,8,5,False
2025-08-16 23:00:00,Kosovo,Kosovo,XK,760.0,820.0,0.0,0.0,23,16,8,5,False
2025-08-17 00:00:00,Kosovo,Kosovo,XK,760.0,820.0,0.0,0.0,0,17,8,6,False
2025-08-17 01:00:00,Kosovo,Kosovo,XK,760.0,820.0,0.0,0.0,1,17,8,6,False
2025-08-17 02:00:00,Kosovo,Kosovo,XK,760.0,820.0,0.0,0.0,2,17,8,6,False
2025-08-17 03:00:00,Kosovo,Kosovo,XK,760.0,820.0,0.0,0.0,3,17,8,6,False
2025-08-17 04:00:00,Kosovo,Kosovo,XK,760.0,820.0,0.0,0.0,4,17,8,6,False
2025-08-17 05:00:00,Kosovo,Kosovo,XK,760.0,820.0,0.0,0.0,5,17,8,6,False
2025-08-17 06:00:00,Kosovo,Kosovo,XK,760.0,820.0,0.0,-0.0,6,17,8,6,False
2025-08-17 07:00:00,Kosovo,Kosovo,XK,760.0,820.0,0.0,0.0,7,17,8,6,False
2025-08-17 08:00:00,Kosovo,Kosovo,XK,760.0,820.0,0.0,0.0,8,17,8,6,False
2025-08-17 09:00:00,Kosovo,Kosovo,XK,760.0,820.0,0.0,0.0,9,17,8,6,False
2025-08-17 10:00:00,Kosovo,Kosovo,XK,760.0,820.0,0.0,0.0,10,17,8,6,False
2025-08-17 11:00:00,Kosovo,Kosovo,XK,760.0,820.0,0.0,0.0,11,17,8,6,False
2025-08-17 12:00:00,Kosovo,Kosovo,XK,760.0,820.0,0.0,0.0,12,17,8,6,False
2025-08-17 13:00:00,Kosovo,Kosovo,XK,760.0,820.0,0.0,0.0,13,17,8,6,False
2025-08-17 14:00:00,Kosovo,Kosovo,XK,760.0,820.0,0.0,0.0,14,17,8,6,False
2025-08-17 15:00:00,Kosovo,Kosovo,XK,760.0,820.0,0.0,0.0,15,17,8,6,False
2025-08-17 16:00:00,Kosovo,Kosovo,XK,760.0,820.0,0.0,0.0,16,17,8,6,False
2025-08-17 17:00:00,Kosovo,Kosovo,XK,760.0,820.0,0.0,0.0,17,17,8,6,False
2025-08-17 18:00:00,Kosovo,Kosovo,XK,760.0,820.0,0.0,0.0,18,17,8,6,False
2025-08-17 19:00:00,Kosovo,Kosovo,XK,760.0,820.0,0.0,0.0,19,17,8,6,False
2025-08-17 20:00:00,Kosovo,Kosovo,XK,760.0,820.0,0.0,0.0,20,17,8,6,False
2025-08-17 21:00:00,Kosovo,Kosovo,XK,760.0,820.0,0.0,0.0,21,17,8,6,False
2025-08-17 22:00:00,Kosovo,Kosovo,XK,760.0,820.0,0.0,0.0,22,17,8,6,False
2025-08-17 23:00:00,Kosovo,Kosovo,XK,760.0,820.0,0.0,0.0,23,17,8,6,False
2025-08-18 00:00:00,Kosovo,Kosovo,XK,760.0,820.0,0.0,0.0,0,18,8,0,False
2025-08-18 01:00:00,Kosovo,Kosovo,XK,760.0,820.0,0.0,0.0,1,18,8,0,False
2025-08-18 02:00:00,Kosovo,Kosovo,XK,760.0,820.0,0.0,0.0,2,18,8,0,False
2025-08-18 03:00:00,Kosovo,Kosovo,XK,760.0,820.0,0.0,0.0,3,18,8,0,False
2025-08-18 04:00:00,Kosovo,Kosovo,XK,760.0,820.0,0.0,0.0,4,18,8,0,False
2025-08-18 05:00:00,Kosovo,Kosovo,XK,760.0,820.0,0.0,0.0,5,18,8,0,False
2025-08-18 06:00:00,Kosovo,Kosovo,XK,760.0,820.0,0.0,0.0,6,18,8,0,False
2025-08-18 07:00:00,Kosovo,Kosovo,XK,760.0,820.0,0.0,0.0,7,18,8,0,False
2025-08-18 08:00:00,Kosovo,Kosovo,XK,760.0,820.0,0.0,0.0,8,18,8,0,False
2025-08-18 09:00:00,Kosovo,Kosovo,XK,760.0,820.0,0.0,0.0,9,18,8,0,False
2025-08-18 10:00:00,Kosovo,Kosovo,XK,760.0,820.0,0.0,0.0,10,18,8,0,False
2025-08-18 11:00:00,Kosovo,Kosovo,XK,760.0,820.0,0.0,0.0,11,18,8,0,False
2025-08-18 12:00:00,Kosovo,Kosovo,XK,760.0,820.0,0.0,0.0,12,18,8,0,False
2025-08-18 13:00:00,Kosovo,Kosovo,XK,760.0,820.0,0.0,0.0,13,18,8,0,False
2025-08-18 14:00:00,Kosovo,Kosovo,XK,760.0,820.0,0.0,0.0,14,18,8,0,False
2025-08-18 15:00:00,Kosovo,Kosovo,XK,760.0,820.0,0.0,0.0,15,18,8,0,False
2025-08-18 16:00:00,Kosovo,Kosovo,XK,760.0,820.0,0.0,0.0,16,18,8,0,False
2025-08-18 17:00:00,Kosovo,Kosovo,XK,734.93,793.32,3.3,3.3,17,18,8,0,False
2025-08-18 18:00:00,Kosovo,Kosovo,XK,707.83,764.49,6.86,6.86,18,18,8,0,False
2025-08-18 19:00:00,Kosovo,Kosovo,XK,748.7,807.97,1.49,1.49,19,18,8,0,False
2025-08-18 20:00:00,Kosovo,Kosovo,XK,760.0,820.0,0.0,0.0,20,18,8,0,False
2025-08-18 21:00:00,Kosovo,Kosovo,XK,760.0,820.0,0.0,0.0,21,18,8,0,False
2025-08-18 22:00:00,Kosovo,Kosovo,XK,760.0,820.0,0.0,0.0,22,18,8,0,False
2025-08-18 23:00:00,Kosovo,Kosovo,XK,760.0,820.0,0.0,0.0,23,18,8,0,False
2025-08-19 00:00:00,Kosovo,Kosovo,XK,743.85,804.03,1.52,0.48,0,19,8,1,False
2025-08-19 01:00:00,Kosovo,Kosovo,XK,728.14,788.57,2.94,0.96,1,19,8,1,False
2025-08-19 02:00:00,Kosovo,Kosovo,XK,706.8,767.75,4.74,1.76,2,19,8,1,False
2025-08-19 03:00:00,Kosovo,Kosovo,XK,691.31,752.41,6.15,2.76,3,19,8,1,False
2025-08-19 04:00:00,Kosovo,Kosovo,XK,702.94,764.11,4.95,2.47,4,19,8,1,False
2025-08-19 05:00:00,Kosovo,Kosovo,XK,665.38,728.73,7.21,5.5,5,19,8,1,False
2025-08-19 06:00:00,Kosovo,Kosovo,XK,577.9,640.07,16.75,16.42,6,19,8,1,False
2025-08-19 07:00:00,Kosovo,Kosovo,XK,576.43,635.87,18.95,18.47,7,19,8,1,False
2025-08-19 08:00:00,Kosovo,Kosovo,XK,575.4,633.34,20.1,19.55,8,19,8,1,False
2025-08-19 09:00:00,Kosovo,Kosovo,XK,590.89,648.78,18.58,18.02,9,19,8,1,False
2025-08-19 10:00:00,Kosovo,Kosovo,XK,645.87,705.7,11.74,11.26,10,19,8,1,False
2025-08-19 11:00:00,Kosovo,Kosovo,XK,713.21,775.38,3.36,2.99,11,19,8,1,False
2025-08-19 12:00:00,Kosovo,Kosovo,XK,730.12,791.95,1.85,1.62,12,19,8,1,False
2025-08-19 13:00:00,Kosovo,Kosovo,XK,738.36,799.1,1.73,1.09,13,19,8,1,False
2025-08-19 14:00:00,Kosovo,Kosovo,XK,734.05,794.32,2.48,1.2,14,19,8,1,False
2025-08-19 15:00:00,Kosovo,Kosovo,XK,760.0,820.0,0.0,0.0,15,19,8,1,False
2025-08-19 16:00:00,Kosovo,Kosovo,XK,760.0,820.0,0.0,0.0,16,19,8,1,False
2025-08-19 17:00:00,Kosovo,Kosovo,XK,754.26,814.27,0.55,0.43,17,19,8,1,False
2025-08-19 18:00:00,Kosovo,Kosovo,XK,695.17,755.02,6.3,4.86,18,19,8,1,False
2025-08-19 19:00:00,Kosovo,Kosovo,XK,676.26,736.07,8.17,5.85,19,19,8,1,False
2025-08-19 20:00:00,Kosovo,Kosovo,XK,740.29,800.47,1.82,1.0,20,19,8,1,False
2025-08-19 21:00:00,Kosovo,Kosovo,XK,760.0,820.0,0.0,0.0,21,19,8,1,False
2025-08-19 22:00:00,Kosovo,Kosovo,XK,742.84,803.3,1.43,0.37,22,19,8,1,False
2025-08-19 23:00:00,Kosovo,Kosovo,XK,724.49,785.4,2.97,0.76,23,19,8,1,False
2025-08-20 00:00:00,Kosovo,Kosovo,XK,760.0,820.0,0.0,0.0,0,20,8,2,False
2025-08-20 01:00:00,Kosovo,Kosovo,XK,760.0,820.0,0.0,0.0,1,20,8,2,False
2025-08-20 02:00:00,Kosovo,Kosovo,XK,760.0,820.0,0.0,0.0,2,20,8,2,False
2025-08-20 03:00:00,Kosovo,Kosovo,XK,760.0,820.0,0.0,0.0,3,20,8,2,False
2025-08-20 04:00:00,Kosovo,Kosovo,XK,760.0,820.0,0.0,0.0,4,20,8,2,False
2025-08-20 05:00:00,Kosovo,Kosovo,XK,760.0,820.0,0.0,0.0,5,20,8,2,False
2025-08-20 06:00:00,Kosovo,Kosovo,XK,760.0,820.0,0.0,0.0,6,20,8,2,False
2025-08-20 07:00:00,Kosovo,Kosovo,XK,760.0,820.0,0.0,0.0,7,20,8,2,False
2025-08-20 08:00:00,Kosovo,Kosovo,XK,760.0,820.0,0.0,0.0,8,20,8,2,False
2025-08-20 09:00:00,Kosovo,Kosovo,XK,760.0,820.0,0.0,0.0,9,20,8,2,False
2025-08-20 10:00:00,Kosovo,Kosovo,XK,760.0,820.0,0.0,0.0,10,20,8,2,False
2025-08-20 11:00:00,Kosovo,Kosovo,XK,760.0,820.0,0.0,0.0,11,20,8,2,False
2025-08-20 12:00:00,Kosovo,Kosovo,XK,760.0,820.0,0.0,0.0,12,20,8,2,False
2025-08-20 13:00:00,Kosovo,Kosovo,XK,760.0,820.0,0.0,0.0,13,20,8,2,False
2025-08-20 14:00:00,Kosovo,Kosovo,XK,760.0,820.0,0.0,0.0,14,20,8,2,False
2025-08-20 15:00:00,Kosovo,Kosovo,XK,760.0,820.0,0.0,0.0,15,20,8,2,False
2025-08-20 16:00:00,Kosovo,Kosovo,XK,760.0,820.0,0.0,0.0,16,20,8,2,False
2025-08-20 17:00:00,Kosovo,Kosovo,XK,760.0,820.0,0.0,0.0,17,20,8,2,False
2025-08-20 18:00:00,Kosovo,Kosovo,XK,760.0,820.0,0.0,0.0,18,20,8,2,False
2025-08-20 19:00:00,Kosovo,Kosovo,XK,760.0,820.0,0.0,0.0,19,20,8,2,False
2025-08-20 20:00:00,Kosovo,Kosovo,XK,760.0,820.0,0.0,0.0,20,20,8,2,False
2025-08-20 21:00:00,Kosovo,Kosovo,XK,760.0,820.0,0.0,0.0,21,20,8,2,False
2025-08-20 22:00:00,Kosovo,Kosovo,XK,760.0,820.0,0.0,0.0,22,20,8,2,False
2025-08-20 23:00:00,Kosovo,Kosovo,XK,760.0,820.0,0.0,0.0,23,20,8,2,False
2025-08-21 00:00:00,Kosovo,Kosovo,XK,760.0,820.0,0.0,0.0,0,21,8,3,False
2025-08-21 01:00:00,Kosovo,Kosovo,XK,760.0,820.0,0.0,0.0,1,21,8,3,False
2025-08-21 02:00:00,Kosovo,Kosovo,XK,760.0,820.0,0.0,0.0,2,21,8,3,False
2025-08-21 03:00:00,Kosovo,Kosovo,XK,760.0,820.0,0.0,0.0,3,21,8,3,False
2025-08-21 04:00:00,Kosovo,Kosovo,XK,760.0,820.0,0.0,0.0,4,21,8,3,False
2025-08-21 05:00:00,Kosovo,Kosovo,XK,760.0,820.0,0.0,0.0,5,21,8,3,False
2025-08-21 06:00:00,Kosovo,Kosovo,XK,760.0,820.0,0.0,0.0,6,21,8,3,False
2025-08-21 07:00:00,Kosovo,Kosovo,XK,760.0,820.0,0.0,0.0,7,21,8,3,False
2025-08-21 08:00:00,Kosovo,Kosovo,XK,760.0,820.0,0.0,0.0,8,21,8,3,False
2025-08-21 09:00:00,Kosovo,Kosovo,XK,760.0,820.0,0.0,0.0,9,21,8,3,False
2025-08-21 10:00:00,Kosovo,Kosovo,XK,760.0,820.0,0.0,0.0,10,21,8,3,False
2025-08-21 11:00:00,Kosovo,Kosovo,XK,760.0,820.0,0.0,0.0,11,21,8,3,False
2025-08-21 12:00:00,Kosovo,Kosovo,XK,760.0,820.0,0.0,0.0,12,21,8,3,False
2025-08-21 13:00:00,Kosovo,Kosovo,XK,760.0,820.0,0.0,0.0,13,21,8,3,False
2025-08-21 14:00:00,Kosovo,Kosovo,XK,760.0,820.0,0.0,0.0,14,21,8,3,False
2025-08-21 15:00:00,Kosovo,Kosovo,XK,760.0,820.0,0.0,0.0,15,21,8,3,False
2025-08-21 16:00:00,Kosovo,Kosovo,XK,760.0,820.0,0.0,0.0,16,21,8,3,False
2025-08-21 17:00:00,Kosovo,Kosovo,XK,760.0,820.0,0.0,0.0,17,21,8,3,False
2025-08-21 18:00:00,Kosovo,Kosovo,XK,760.0,820.0,0.0,0.0,18,21,8,3,False
2025-08-21 19:00:00,Kosovo,Kosovo,XK,760.0,820.0,0.0,0.0,19,21,8,3,False
2025-08-21 20:00:00,Kosovo,Kosovo,XK,760.0,820.0,0.0,0.0,20,21,8,3,False
2025-08-21 21:00:00,Kosovo,Kosovo,XK,760.0,820.0,0.0,0.0,21,21,8,3,False
2025-08-21 22:00:00,Kosovo,Kosovo,XK,760.0,820.0,0.0,0.0,22,21,8,3,False
2025-08-21 23:00:00,Kosovo,Kosovo,XK,760.0,820.0,0.0,0.0,23,21,8,3,False
2025-08-22 00:00:00,Kosovo,Kosovo,XK,760.0,820.0,0.0,0.0,0,22,8,4,False
2025-08-22 01:00:00,Kosovo,Kosovo,XK,760.0,820.0,0.0,0.0,1,22,8,4,False
2025-08-22 02:00:00,Kosovo,Kosovo,XK,760.0,820.0,0.0,0.0,2,22,8,4,False
2025-08-22 03:00:00,Kosovo,Kosovo,XK,760.0,820.0,0.0,0.0,3,22,8,4,False
2025-08-22 04:00:00,Kosovo,Kosovo,XK,760.0,820.0,0.0,0.0,4,22,8,4,False
2025-08-22 05:00:00,Kosovo,Kosovo,XK,760.0,820.0,0.0,-0.0,5,22,8,4,False
2025-08-22 06:00:00,Kosovo,Kosovo,XK,760.0,820.0,0.0,0.0,6,22,8,4,False
2025-08-22 07:00:00,Kosovo,Kosovo,XK,760.0,820.0,0.0,0.0,7,22,8,4,False
2025-08-22 08:00:00,Kosovo,Kosovo,XK,760.0,820.0,0.0,0.0,8,22,8,4,False
2025-08-22 09:00:00,Kosovo,Kosovo,XK,760.0,820.0,0.0,0.0,9,22,8,4,False
2025-08-22 10:00:00,Kosovo,Kosovo,XK,760.0,820.0,0.0,0.0,10,22,8,4,False
2025-08-22 11:00:00,Kosovo,Kosovo,XK,760.0,820.0,0.0,0.0,11,22,8,4,False
2025-08-22 12:00:00,Kosovo,Kosovo,XK,760.0,820.0,0.0,0.0,12,22,8,4,False
2025-08-22 13:00:00,Kosovo,Kosovo,XK,760.0,820.0,0.0,0.0,13,22,8,4,False
2025-08-22 14:00:00,Kosovo,Kosovo,XK,760.0,820.0,0.0,0.0,14,22,8,4,False
2025-08-22 15:00:00,Kosovo,Kosovo,XK,760.0,820.0,0.0,0.0,15,22,8,4,False
2025-08-22 16:00:00,Kosovo,Kosovo,XK,760.0,820.0,0.0,0.0,16,22,8,4,False
2025-08-22 17:00:00,Kosovo,Kosovo,XK,760.0,820.0,0.0,0.0,17,22,8,4,False
2025-08-22 18:00:00,Kosovo,Kosovo,XK,760.0,820.0,0.0,0.0,18,22,8,4,False
2025-08-22 19:00:00,Kosovo,Kosovo,XK,760.0,820.0,0.0,0.0,19,22,8,4,False
2025-08-22 20:00:00,Kosovo,Kosovo,XK,760.0,820.0,0.0,0.0,20,22,8,4,False
2025-08-22 21:00:00,Kosovo,Kosovo,XK,760.0,820.0,0.0,0.0,21,22,8,4,False
2025-08-22 22:00:00,Kosovo,Kosovo,XK,760.0,820.0,0.0,0.0,22,22,8,4,False
2025-08-22 23:00:00,Kosovo,Kosovo,XK,760.0,820.0,0.0,0.0,23,22,8,4,False
2025-08-23 00:00:00,Kosovo,Kosovo,XK,760.0,820.0,0.0,0.0,0,23,8,5,False
2025-08-23 01:00:00,Kosovo,Kosovo,XK,760.0,820.0,0.0,0.0,1,23,8,5,False
2025-08-23 02:00:00,Kosovo,Kosovo,XK,760.0,820.0,0.0,0.0,2,23,8,5,False
2025-08-23 03:00:00,Kosovo,Kosovo,XK,760.0,820.0,0.0,0.0,3,23,8,5,False
2025-08-23 04:00:00,Kosovo,Kosovo,XK,760.0,820.0,0.0,0.0,4,23,8,5,False
2025-08-23 05:00:00,Kosovo,Kosovo,XK,760.0,820.0,0.0,0.0,5,23,8,5,False
2025-08-23 06:00:00,Kosovo,Kosovo,XK,760.0,820.0,0.0,0.0,6,23,8,5,False
2025-08-23 07:00:00,Kosovo,Kosovo,XK,760.0,820.0,0.0,0.0,7,23,8,5,False
2025-08-23 08:00:00,Kosovo,Kosovo,XK,760.0,820.0,0.0,0.0,8,23,8,5,False
2025-08-23 09:00:00,Kosovo,Kosovo,XK,760.0,820.0,0.0,0.0,9,23,8,5,False
2025-08-23 10:00:00,Kosovo,Kosovo,XK,760.0,820.0,0.0,0.0,10,23,8,5,False
2025-08-23 11:00:00,Kosovo,Kosovo,XK,760.0,820.0,0.0,0.0,11,23,8,5,False
2025-08-23 12:00:00,Kosovo,Kosovo,XK,760.0,820.0,0.0,0.0,12,23,8,5,False
2025-08-23 13:00:00,Kosovo,Kosovo,XK,760.0,820.0,0.0,0.0,13,23,8,5,False
2025-08-23 14:00:00,Kosovo,Kosovo,XK,760.0,820.0,0.0,0.0,14,23,8,5,False
2025-08-23 15:00:00,Kosovo,Kosovo,XK,760.0,820.0,0.0,0.0,15,23,8,5,False
2025-08-23 16:00:00,Kosovo,Kosovo,XK,760.0,820.0,0.0,0.0,16,23,8,5,False
2025-08-23 17:00:00,Kosovo,Kosovo,XK,760.0,820.0,0.0,0.0,17,23,8,5,False
2025-08-23 18:00:00,Kosovo,Kosovo,XK,760.0,820.0,0.0,0.0,18,23,8,5,False
2025-08-23 19:00:00,Kosovo,Kosovo,XK,760.0,820.0,0.0,0.0,19,23,8,5,False
2025-08-23 20:00:00,Kosovo,Kosovo,XK,760.0,820.0,0.0,0.0,20,23,8,5,False
2025-08-23 21:00:00,Kosovo,Kosovo,XK,760.0,820.0,0.0,0.0,21,23,8,5,False
2025-08-23 22:00:00,Kosovo,Kosovo,XK,760.0,820.0,0.0,0.0,22,23,8,5,False
2025-08-23 23:00:00,Kosovo,Kosovo,XK,760.0,820.0,0.0,0.0,23,23,8,5,False
2025-08-24 00:00:00,Kosovo,Kosovo,XK,760.0,820.0,0.0,0.0,0,24,8,6,False
2025-08-24 01:00:00,Kosovo,Kosovo,XK,760.0,820.0,0.0,0.0,1,24,8,6,False
2025-08-24 02:00:00,Kosovo,Kosovo,XK,760.0,820.0,0.0,0.0,2,24,8,6,False
2025-08-24 03:00:00,Kosovo,Kosovo,XK,760.0,820.0,0.0,0.0,3,24,8,6,False
2025-08-24 04:00:00,Kosovo,Kosovo,XK,760.0,820.0,0.0,0.0,4,24,8,6,False
2025-08-24 05:00:00,Kosovo,Kosovo,XK,760.0,820.0,0.0,0.0,5,24,8,6,False
2025-08-24 06:00:00,Kosovo,Kosovo,XK,760.0,820.0,0.0,0.0,6,24,8,6,False
2025-08-24 07:00:00,Kosovo,Kosovo,XK,760.0,820.0,0.0,0.0,7,24,8,6,False
2025-08-24 08:00:00,Kosovo,Kosovo,XK,760.0,820.0,0.0,0.0,8,24,8,6,False
2025-08-24 09:00:00,Kosovo,Kosovo,XK,760.0,820.0,0.0,0.0,9,24,8,6,False
2025-08-24 10:00:00,Kosovo,Kosovo,XK,760.0,820.0,0.0,0.0,10,24,8,6,False
2025-08-24 11:00:00,Kosovo,Kosovo,XK,760.0,820.0,0.0,0.0,11,24,8,6,False
2025-08-24 12:00:00,Kosovo,Kosovo,XK,760.0,820.0,0.0,0.0,12,24,8,6,False
2025-08-24 13:00:00,Kosovo,Kosovo,XK,760.0,820.0,0.0,0.0,13,24,8,6,False
2025-08-24 14:00:00,Kosovo,Kosovo,XK,760.0,820.0,0.0,0.0,14,24,8,6,False
2025-08-24 15:00:00,Kosovo,Kosovo,XK,760.0,820.0,0.0,0.0,15,24,8,6,False
2025-08-24 16:00:00,Kosovo,Kosovo,XK,760.0,820.0,0.0,0.0,16,24,8,6,False
2025-08-24 17:00:00,Kosovo,Kosovo,XK,760.0,820.0,0.0,0.0,17,24,8,6,False
2025-08-24 18:00:00,Kosovo,Kosovo,XK,760.0,820.0,0.0,0.0,18,24,8,6,False
2025-08-24 19:00:00,Kosovo,Kosovo,XK,760.0,820.0,0.0,0.0,19,24,8,6,False
2025-08-24 20:00:00,Kosovo,Kosovo,XK,760.0,820.0,0.0,0.0,20,24,8,6,False
2025-08-24 21:00:00,Kosovo,Kosovo,XK,760.0,820.0,0.0,0.0,21,24,8,6,False
2025-08-24 22:00:00,Kosovo,Kosovo,XK,760.0,820.0,0.0,0.0,22,24,8,6,False
2025-08-24 23:00:00,Kosovo,Kosovo,XK,760.0,820.0,0.0,0.0,23,24,8,6,False
2025-08-25 00:00:00,Kosovo,Kosovo,XK,760.0,820.0,0.0,0.0,0,25,8,0,False
2025-08-25 01:00:00,Kosovo,Kosovo,XK,760.0,820.0,0.0,0.0,1,25,8,0,False
2025-08-25 02:00:00,Kosovo,Kosovo,XK,760.0,820.0,0.0,0.0,2,25,8,0,False
2025-08-25 03:00:00,Kosovo,Kosovo,XK,760.0,820.0,0.0,0.0,3,25,8,0,False
2025-08-25 04:00:00,Kosovo,Kosovo,XK,760.0,820.0,0.0,0.0,4,25,8,0,False
2025-08-25 05:00:00,Kosovo,Kosovo,XK,760.0,820.0,0.0,0.0,5,25,8,0,False
2025-08-25 06:00:00,Kosovo,Kosovo,XK,760.0,820.0,0.0,0.0,6,25,8,0,False
2025-08-25 07:00:00,Kosovo,Kosovo,XK,760.0,820.0,0.0,0.0,7,25,8,0,False
2025-08-25 08:00:00,Kosovo,Kosovo,XK,760.0,820.0,0.0,0.0,8,25,8,0,False
2025-08-25 09:00:00,Kosovo,Kosovo,XK,760.0,820.0,0.0,0.0,9,25,8,0,False
2025-08-25 10:00:00,Kosovo,Kosovo,XK,760.0,820.0,0.0,0.0,10,25,8,0,False
2025-08-25 11:00:00,Kosovo,Kosovo,XK,760.0,820.0,0.0,0.0,11,25,8,0,False
2025-08-25 12:00:00,Kosovo,Kosovo,XK,760.0,820.0,0.0,0.0,12,25,8,0,False
2025-08-25 13:00:00,Kosovo,Kosovo,XK,760.0,820.0,0.0,0.0,13,25,8,0,False
2025-08-25 14:00:00,Kosovo,Kosovo,XK,760.0,820.0,0.0,0.0,14,25,8,0,False
2025-08-25 15:00:00,Kosovo,Kosovo,XK,760.0,820.0,0.0,0.0,15,25,8,0,False
2025-08-25 16:00:00,Kosovo,Kosovo,XK,760.0,820.0,0.0,0.0,16,25,8,0,False
2025-08-25 17:00:00,Kosovo,Kosovo,XK,760.0,820.0,0.0,0.0,17,25,8,0,False
2025-08-25 18:00:00,Kosovo,Kosovo,XK,760.0,820.0,0.0,0.0,18,25,8,0,False
2025-08-25 19:00:00,Kosovo,Kosovo,XK,760.0,820.0,0.0,0.0,19,25,8,0,False
2025-08-25 20:00:00,Kosovo,Kosovo,XK,760.0,820.0,0.0,0.0,20,25,8,0,False
2025-08-25 21:00:00,Kosovo,Kosovo,XK,760.0,820.0,0.0,0.0,21,25,8,0,False
2025-08-25 22:00:00,Kosovo,Kosovo,XK,760.0,820.0,0.0,0.0,22,25,8,0,False
2025-08-25 23:00:00,Kosovo,Kosovo,XK,760.0,820.0,0.0,0.0,23,25,8,0,False
2025-08-26 00:00:00,Kosovo,Kosovo,XK,760.0,820.0,0.0,0.0,0,26,8,1,False
2025-08-26 01:00:00,Kosovo,Kosovo,XK,760.0,820.0,0.0,0.0,1,26,8,1,False
2025-08-26 02:00:00,Kosovo,Kosovo,XK,760.0,820.0,0.0,0.0,2,26,8,1,False
2025-08-26 03:00:00,Kosovo,Kosovo,XK,760.0,820.0,0.0,0.0,3,26,8,1,False
2025-08-26 04:00:00,Kosovo,Kosovo,XK,760.0,820.0,0.0,0.0,4,26,8,1,False
2025-08-26 05:00:00,Kosovo,Kosovo,XK,760.0,820.0,0.0,0.0,5,26,8,1,False
2025-08-26 06:00:00,Kosovo,Kosovo,XK,760.0,820.0,0.0,0.0,6,26,8,1,False
2025-08-26 07:00:00,Kosovo,Kosovo,XK,760.0,820.0,0.0,0.0,7,26,8,1,False
2025-08-26 08:00:00,Kosovo,Kosovo,XK,760.0,820.0,0.0,0.0,8,26,8,1,False
2025-08-26 09:00:00,Kosovo,Kosovo,XK,760.0,820.0,0.0,0.0,9,26,8,1,False
2025-08-26 10:00:00,Kosovo,Kosovo,XK,760.0,820.0,0.0,0.0,10,26,8,1,False
2025-08-26 11:00:00,Kosovo,Kosovo,XK,760.0,820.0,0.0,0.0,11,26,8,1,False
2025-08-26 12:00:00,Kosovo,Kosovo,XK,760.0,820.0,0.0,0.0,12,26,8,1,False
2025-08-26 13:00:00,Kosovo,Kosovo,XK,760.0,820.0,0.0,0.0,13,26,8,1,False
2025-08-26 14:00:00,Kosovo,Kosovo,XK,760.0,820.0,0.0,0.0,14,26,8,1,False
2025-08-26 15:00:00,Kosovo,Kosovo,XK,760.0,820.0,0.0,0.0,15,26,8,1,False
2025-08-26 16:00:00,Kosovo,Kosovo,XK,760.0,820.0,0.0,0.0,16,26,8,1,False
2025-08-26 17:00:00,Kosovo,Kosovo,XK,601.66,651.53,20.83,20.83,17,26,8,1,False
2025-08-26 18:00:00,Kosovo,Kosovo,XK,599.59,649.3,21.11,21.11,18,26,8,1,False
2025-08-26 19:00:00,Kosovo,Kosovo,XK,743.84,802.79,2.13,2.13,19,26,8,1,False
2025-08-26 20:00:00,Kosovo,Kosovo,XK,760.0,820.0,0.0,0.0,20,26,8,1,False
2025-08-26 21:00:00,Kosovo,Kosovo,XK,760.0,820.0,0.0,0.0,21,26,8,1,False
2025-08-26 22:00:00,Kosovo,Kosovo,XK,760.0,820.0,0.0,0.0,22,26,8,1,False
2025-08-26 23:00:00,Kosovo,Kosovo,XK,760.0,820.0,0.0,0.0,23,26,8,1,False
2025-08-27 00:00:00,Kosovo,Kosovo,XK,760.0,820.0,0.0,0.0,0,27,8,2,False
2025-08-27 01:00:00,Kosovo,Kosovo,XK,760.0,820.0,0.0,0.0,1,27,8,2,False
2025-08-27 02:00:00,Kosovo,Kosovo,XK,760.0,820.0,0.0,0.0,2,27,8,2,False
2025-08-27 03:00:00,Kosovo,Kosovo,XK,760.0,820.0,0.0,0.0,3,27,8,2,False
2025-08-27 04:00:00,Kosovo,Kosovo,XK,760.0,820.0,0.0,0.0,4,27,8,2,False
2025-08-27 05:00:00,Kosovo,Kosovo,XK,760.0,820.0,0.0,0.0,5,27,8,2,False
2025-08-27 06:00:00,Kosovo,Kosovo,XK,760.0,820.0,0.0,0.0,6,27,8,2,False
2025-08-27 07:00:00,Kosovo,Kosovo,XK,760.0,820.0,0.0,0.0,7,27,8,2,False
2025-08-27 08:00:00,Kosovo,Kosovo,XK,760.0,820.0,0.0,0.0,8,27,8,2,False
2025-08-27 09:00:00,Kosovo,Kosovo,XK,760.0,820.0,0.0,0.0,9,27,8,2,False
2025-08-27 10:00:00,Kosovo,Kosovo,XK,760.0,820.0,0.0,0.0,10,27,8,2,False
2025-08-27 11:00:00,Kosovo,Kosovo,XK,760.0,820.0,0.0,0.0,11,27,8,2,False
2025-08-27 12:00:00,Kosovo,Kosovo,XK,760.0,820.0,0.0,0.0,12,27,8,2,False
2025-08-27 13:00:00,Kosovo,Kosovo,XK,760.0,820.0,0.0,0.0,13,27,8,2,False
2025-08-27 14:00:00,Kosovo,Kosovo,XK,760.0,820.0,0.0,0.0,14,27,8,2,False
2025-08-27 15:00:00,Kosovo,Kosovo,XK,760.0,820.0,0.0,0.0,15,27,8,2,False
2025-08-27 16:00:00,Kosovo,Kosovo,XK,724.45,782.15,4.68,4.68,16,27,8,2,False
2025-08-27 17:00:00,Kosovo,Kosovo,XK,760.0,820.0,0.0,0.0,17,27,8,2,False
2025-08-27 18:00:00,Kosovo,Kosovo,XK,760.0,820.0,0.0,0.0,18,27,8,2,False
2025-08-27 19:00:00,Kosovo,Kosovo,XK,760.0,820.0,0.0,0.0,19,27,8,2,False
2025-08-27 20:00:00,Kosovo,Kosovo,XK,760.0,820.0,0.0,0.0,20,27,8,2,False
2025-08-27 21:00:00,Kosovo,Kosovo,XK,760.0,820.0,0.0,0.0,21,27,8,2,False
2025-08-27 22:00:00,Kosovo,Kosovo,XK,760.0,820.0,0.0,0.0,22,27,8,2,False
2025-08-27 23:00:00,Kosovo,Kosovo,XK,760.0,820.0,0.0,0.0,23,27,8,2,False
2025-08-28 00:00:00,Kosovo,Kosovo,XK,760.0,820.0,0.0,0.0,0,28,8,3,False
2025-08-28 01:00:00,Kosovo,Kosovo,XK,760.0,820.0,0.0,0.0,1,28,8,3,False
2025-08-28 02:00:00,Kosovo,Kosovo,XK,760.0,820.0,0.0,0.0,2,28,8,3,False
2025-08-28 03:00:00,Kosovo,Kosovo,XK,760.0,820.0,0.0,0.0,3,28,8,3,False
2025-08-28 04:00:00,Kosovo,Kosovo,XK,739.15,798.33,2.55,2.29,4,28,8,3,False
2025-08-28 05:00:00,Kosovo,Kosovo,XK,721.35,779.64,4.84,4.27,5,28,8,3,False
2025-08-28 06:00:00,Kosovo,Kosovo,XK,715.57,773.62,5.56,4.95,6,28,8,3,False
2025-08-28 07:00:00,Kosovo,Kosovo,XK,710.46,768.39,6.17,5.45,7,28,8,3,False
2025-08-28 08:00:00,Kosovo,Kosovo,XK,698.38,755.68,7.78,6.83,8,28,8,3,False
2025-08-28 09:00:00,Kosovo,Kosovo,XK,697.91,755.19,7.83,6.91,9,28,8,3,False
2025-08-28 10:00:00,Kosovo,Kosovo,XK,731.49,790.23,3.6,3.18,10,28,8,3,False
2025-08-28 11:00:00,Kosovo,Kosovo,XK,720.37,778.63,5.0,4.4,11,28,8,3,False
2025-08-28 12:00:00,Kosovo,Kosovo,XK,719.5,777.68,5.13,4.5,12,28,8,3,False
2025-08-28 13:00:00,Kosovo,Kosovo,XK,719.23,777.41,5.16,4.52,13,28,8,3,False
2025-08-28 14:00:00,Kosovo,Kosovo,XK,705.86,763.45,6.8,6.02,14,28,8,3,False
2025-08-28 15:00:00,Kosovo,Kosovo,XK,700.26,757.35,7.4,6.68,15,28,8,3,False
2025-08-28 16:00:00,Kosovo,Kosovo,XK,696.5,752.43,8.36,8.36,16,28,8,3,False
2025-08-28 17:00:00,Kosovo,Kosovo,XK,551.68,598.33,27.41,27.41,17,28,8,3,False
2025-08-28 18:00:00,Kosovo,Kosovo,XK,582.76,631.38,23.32,23.32,18,28,8,3,False
2025-08-28 19:00:00,Kosovo,Kosovo,XK,659.6,713.09,13.21,13.21,19,28,8,3,False
2025-08-28 20:00:00,Kosovo,Kosovo,XK,702.17,759.32,7.0,6.45,20,28,8,3,False
2025-08-28 21:00:00,Kosovo,Kosovo,XK,699.53,756.8,7.23,6.6,21,28,8,3,False
2025-08-28 22:00:00,Kosovo,Kosovo,XK,709.71,767.57,6.04,5.39,22,28,8,3,False
2025-08-28 23:00:00,Kosovo,Kosovo,XK,724.18,782.95,4.3,3.8,23,28,8,3,False
2025-08-29 00:00:00,Kosovo,Kosovo,XK,734.79,793.88,3.04,2.7,0,29,8,4,False
2025-08-29 01:00:00,Kosovo,Kosovo,XK,740.61,799.88,2.35,2.1,1,29,8,4,False
2025-08-29 02:00:00,Kosovo,Kosovo,XK,749.86,809.48,1.23,1.12,2,29,8,4,False
2025-08-29 03:00:00,Kosovo,Kosovo,XK,759.08,819.05,0.11,0.1,3,29,8,4,False
2025-08-29 04:00:00,Kosovo,Kosovo,XK,760.0,820.0,0.0,0.0,4,29,8,4,False
2025-08-29 05:00:00,Kosovo,Kosovo,XK,760.0,820.0,0.0,0.0,5,29,8,4,False
2025-08-29 06:00:00,Kosovo,Kosovo,XK,760.0,820.0,0.0,0.0,6,29,8,4,False
2025-08-29 07:00:00,Kosovo,Kosovo,XK,760.0,820.0,0.0,0.0,7,29,8,4,False
2025-08-29 08:00:00,Kosovo,Kosovo,XK,760.0,820.0,0.0,0.0,8,29,8,4,False
2025-08-29 09:00:00,Kosovo,Kosovo,XK,760.0,820.0,0.0,0.0,9,29,8,4,False
2025-08-29 10:00:00,Kosovo,Kosovo,XK,760.0,820.0,0.0,0.0,10,29,8,4,False
2025-08-29 11:00:00,Kosovo,Kosovo,XK,760.0,820.0,0.0,0.0,11,29,8,4,False
2025-08-29 12:00:00,Kosovo,Kosovo,XK,760.0,820.0,0.0,0.0,12,29,8,4,False
2025-08-29 13:00:00,Kosovo,Kosovo,XK,760.0,820.0,0.0,0.0,13,29,8,4,False
2025-08-29 14:00:00,Kosovo,Kosovo,XK,760.0,820.0,0.0,0.0,14,29,8,4,False
2025-08-29 15:00:00,Kosovo,Kosovo,XK,760.0,820.0,0.0,0.0,15,29,8,4,False
2025-08-29 16:00:00,Kosovo,Kosovo,XK,760.0,820.0,0.0,0.0,16,29,8,4,False
2025-08-29 17:00:00,Kosovo,Kosovo,XK,760.0,820.0,0.0,0.0,17,29,8,4,False
2025-08-29 18:00:00,Kosovo,Kosovo,XK,760.0,820.0,0.0,0.0,18,29,8,4,False
2025-08-29 19:00:00,Kosovo,Kosovo,XK,760.0,820.0,0.0,0.0,19,29,8,4,False
2025-08-29 20:00:00,Kosovo,Kosovo,XK,760.0,820.0,0.0,0.0,20,29,8,4,False
2025-08-29 21:00:00,Kosovo,Kosovo,XK,760.0,820.0,0.0,0.0,21,29,8,4,False
2025-08-29 22:00:00,Kosovo,Kosovo,XK,760.0,820.0,0.0,0.0,22,29,8,4,False
2025-08-29 23:00:00,Kosovo,Kosovo,XK,760.0,820.0,0.0,0.0,23,29,8,4,False
2025-08-30 00:00:00,Kosovo,Kosovo,XK,760.0,820.0,0.0,0.0,0,30,8,5,False
2025-08-30 01:00:00,Kosovo,Kosovo,XK,760.0,820.0,0.0,0.0,1,30,8,5,False
2025-08-30 02:00:00,Kosovo,Kosovo,XK,760.0,820.0,0.0,0.0,2,30,8,5,False
2025-08-30 03:00:00,Kosovo,Kosovo,XK,760.0,820.0,0.0,0.0,3,30,8,5,False
2025-08-30 04:00:00,Kosovo,Kosovo,XK,760.0,820.0,0.0,0.0,4,30,8,5,False
2025-08-30 05:00:00,Kosovo,Kosovo,XK,760.0,820.0,0.0,0.0,5,30,8,5,False
2025-08-30 06:00:00,Kosovo,Kosovo,XK,760.0,820.0,0.0,0.0,6,30,8,5,False
2025-08-30 07:00:00,Kosovo,Kosovo,XK,760.0,820.0,0.0,0.0,7,30,8,5,False
2025-08-30 08:00:00,Kosovo,Kosovo,XK,760.0,820.0,0.0,0.0,8,30,8,5,False
2025-08-30 09:00:00,Kosovo,Kosovo,XK,760.0,820.0,0.0,0.0,9,30,8,5,False
2025-08-30 10:00:00,Kosovo,Kosovo,XK,760.0,820.0,0.0,0.0,10,30,8,5,False
2025-08-30 11:00:00,Kosovo,Kosovo,XK,760.0,820.0,0.0,0.0,11,30,8,5,False
2025-08-30 12:00:00,Kosovo,Kosovo,XK,760.0,820.0,0.0,0.0,12,30,8,5,False
2025-08-30 13:00:00,Kosovo,Kosovo,XK,760.0,820.0,0.0,0.0,13,30,8,5,False
2025-08-30 14:00:00,Kosovo,Kosovo,XK,760.0,820.0,0.0,0.0,14,30,8,5,False
2025-08-30 15:00:00,Kosovo,Kosovo,XK,760.0,820.0,0.0,0.0,15,30,8,5,False
2025-08-30 16:00:00,Kosovo,Kosovo,XK,760.0,820.0,0.0,0.0,16,30,8,5,False
2025-08-30 17:00:00,Kosovo,Kosovo,XK,760.0,820.0,0.0,0.0,17,30,8,5,False
2025-08-30 18:00:00,Kosovo,Kosovo,XK,760.0,820.0,0.0,0.0,18,30,8,5,False
2025-08-30 19:00:00,Kosovo,Kosovo,XK,760.0,820.0,0.0,0.0,19,30,8,5,False
2025-08-30 20:00:00,Kosovo,Kosovo,XK,760.0,820.0,0.0,0.0,20,30,8,5,False
2025-08-30 21:00:00,Kosovo,Kosovo,XK,760.0,820.0,0.0,0.0,21,30,8,5,False
2025-08-30 22:00:00,Kosovo,Kosovo,XK,760.0,820.0,0.0,0.0,22,30,8,5,False
2025-08-30 23:00:00,Kosovo,Kosovo,XK,760.0,820.0,0.0,0.0,23,30,8,5,False
2025-08-31 00:00:00,Kosovo,Kosovo,XK,760.0,820.0,0.0,0.0,0,31,8,6,False
2025-08-31 01:00:00,Kosovo,Kosovo,XK,760.0,820.0,0.0,0.0,1,31,8,6,False
2025-08-31 02:00:00,Kosovo,Kosovo,XK,760.0,820.0,0.0,0.0,2,31,8,6,False
2025-08-31 03:00:00,Kosovo,Kosovo,XK,760.0,820.0,0.0,0.0,3,31,8,6,False
2025-08-31 04:00:00,Kosovo,Kosovo,XK,760.0,820.0,0.0,0.0,4,31,8,6,False
2025-08-31 05:00:00,Kosovo,Kosovo,XK,760.0,820.0,0.0,0.0,5,31,8,6,False
2025-08-31 06:00:00,Kosovo,Kosovo,XK,760.0,820.0,0.0,0.0,6,31,8,6,False
2025-08-31 07:00:00,Kosovo,Kosovo,XK,760.0,820.0,0.0,0.0,7,31,8,6,False
2025-08-31 08:00:00,Kosovo,Kosovo,XK,760.0,820.0,0.0,0.0,8,31,8,6,False
2025-08-31 09:00:00,Kosovo,Kosovo,XK,760.0,820.0,0.0,0.0,9,31,8,6,False
2025-08-31 10:00:00,Kosovo,Kosovo,XK,760.0,820.0,0.0,0.0,10,31,8,6,False
2025-08-31 11:00:00,Kosovo,Kosovo,XK,760.0,820.0,0.0,0.0,11,31,8,6,False
2025-08-31 12:00:00,Kosovo,Kosovo,XK,760.0,820.0,0.0,0.0,12,31,8,6,False
2025-08-31 13:00:00,Kosovo,Kosovo,XK,756.79,816.68,0.41,0.35,13,31,8,6,False
2025-08-31 14:00:00,Kosovo,Kosovo,XK,760.0,820.0,0.0,0.0,14,31,8,6,False
2025-08-31 15:00:00,Kosovo,Kosovo,XK,726.26,784.63,4.37,3.86,15,31,8,6,False
2025-08-31 16:00:00,Kosovo,Kosovo,XK,744.46,803.58,2.02,1.95,16,31,8,6,False
2025-08-31 17:00:00,Kosovo,Kosovo,XK,760.0,820.0,0.0,0.0,17,31,8,6,False
2025-08-31 18:00:00,Kosovo,Kosovo,XK,760.0,820.0,0.0,0.0,18,31,8,6,False
2025-08-31 19:00:00,Kosovo,Kosovo,XK,760.0,820.0,0.0,0.0,19,31,8,6,False
2025-08-31 20:00:00,Kosovo,Kosovo,XK,760.0,820.0,0.0,0.0,20,31,8,6,False
2025-08-31 21:00:00,Kosovo,Kosovo,XK,760.0,820.0,0.0,0.0,21,31,8,6,False
2025-08-31 22:00:00,Kosovo,Kosovo,XK,760.0,820.0,0.0,0.0,22,31,8,6,False
2025-08-31 23:00:00,Kosovo,Kosovo,XK,760.0,820.0,0.0,0.0,23,31,8,6,False
2025-09-01 00:00:00,Kosovo,Kosovo,XK,760.0,820.0,0.0,0.0,0,1,9,0,False
2025-09-01 01:00:00,Kosovo,Kosovo,XK,760.0,820.0,0.0,0.0,1,1,9,0,False
2025-09-01 02:00:00,Kosovo,Kosovo,XK,760.0,820.0,0.0,0.0,2,1,9,0,False
2025-09-01 03:00:00,Kosovo,Kosovo,XK,760.0,820.0,0.0,0.0,3,1,9,0,False
2025-09-01 04:00:00,Kosovo,Kosovo,XK,760.0,820.0,0.0,0.0,4,1,9,0,False
2025-09-01 05:00:00,Kosovo,Kosovo,XK,760.0,820.0,0.0,0.0,5,1,9,0,False
2025-09-01 06:00:00,Kosovo,Kosovo,XK,760.0,820.0,0.0,0.0,6,1,9,0,False
2025-09-01 07:00:00,Kosovo,Kosovo,XK,760.0,820.0,0.0,0.0,7,1,9,0,False
2025-09-01 08:00:00,Kosovo,Kosovo,XK,760.0,820.0,0.0,0.0,8,1,9,0,False
2025-09-01 09:00:00,Kosovo,Kosovo,XK,760.0,820.0,0.0,0.0,9,1,9,0,False
2025-09-01 10:00:00,Kosovo,Kosovo,XK,760.0,820.0,0.0,0.0,10,1,9,0,False
2025-09-01 11:00:00,Kosovo,Kosovo,XK,760.0,820.0,0.0,0.0,11,1,9,0,False
2025-09-01 12:00:00,Kosovo,Kosovo,XK,760.0,820.0,0.0,0.0,12,1,9,0,False
2025-09-01 13:00:00,Kosovo,Kosovo,XK,760.0,820.0,0.0,0.0,13,1,9,0,False
2025-09-01 14:00:00,Kosovo,Kosovo,XK,760.0,820.0,0.0,0.0,14,1,9,0,False
2025-09-01 15:00:00,Kosovo,Kosovo,XK,728.8,787.05,4.07,3.83,15,1,9,0,False
2025-09-01 16:00:00,Kosovo,Kosovo,XK,586.51,639.51,20.73,20.66,16,1,9,0,False
2025-09-01 17:00:00,Kosovo,Kosovo,XK,647.83,705.39,12.13,12.0,17,1,9,0,False
2025-09-01 18:00:00,Kosovo,Kosovo,XK,715.39,773.01,5.58,5.57,18,1,9,0,False
2025-09-01 19:00:00,Kosovo,Kosovo,XK,727.97,785.91,4.21,4.2,19,1,9,0,False
2025-09-01 20:00:00,Kosovo,Kosovo,XK,728.29,786.46,4.13,3.84,20,1,9,0,False
2025-09-01 21:00:00,Kosovo,Kosovo,XK,743.12,802.19,2.2,1.97,21,1,9,0,False
2025-09-01 22:00:00,Kosovo,Kosovo,XK,760.0,820.0,0.0,0.0,22,1,9,0,False
2025-09-01 23:00:00,Kosovo,Kosovo,XK,760.0,820.0,0.0,0.0,23,1,9,0,False
2025-09-02 00:00:00,Kosovo,Kosovo,XK,760.0,820.0,0.0,0.0,0,2,9,1,False
2025-09-02 01:00:00,Kosovo,Kosovo,XK,760.0,820.0,0.0,0.0,1,2,9,1,False
2025-09-02 02:00:00,Kosovo,Kosovo,XK,760.0,820.0,0.0,0.0,2,2,9,1,False
2025-09-02 03:00:00,Kosovo,Kosovo,XK,760.0,820.0,0.0,0.0,3,2,9,1,False
2025-09-02 04:00:00,Kosovo,Kosovo,XK,760.0,820.0,0.0,0.0,4,2,9,1,False
2025-09-02 05:00:00,Kosovo,Kosovo,XK,760.0,820.0,0.0,0.0,5,2,9,1,False
2025-09-02 06:00:00,Kosovo,Kosovo,XK,760.0,820.0,0.0,0.0,6,2,9,1,False
2025-09-02 07:00:00,Kosovo,Kosovo,XK,760.0,820.0,0.0,0.0,7,2,9,1,False
2025-09-02 08:00:00,Kosovo,Kosovo,XK,760.0,820.0,0.0,0.0,8,2,9,1,False
2025-09-02 09:00:00,Kosovo,Kosovo,XK,760.0,820.0,0.0,0.0,9,2,9,1,False
2025-09-02 10:00:00,Kosovo,Kosovo,XK,760.0,820.0,0.0,0.0,10,2,9,1,False
2025-09-02 11:00:00,Kosovo,Kosovo,XK,760.0,820.0,0.0,0.0,11,2,9,1,False
2025-09-02 12:00:00,Kosovo,Kosovo,XK,760.0,820.0,0.0,0.0,12,2,9,1,False
2025-09-02 13:00:00,Kosovo,Kosovo,XK,760.0,820.0,0.0,0.0,13,2,9,1,False
2025-09-02 14:00:00,Kosovo,Kosovo,XK,760.0,820.0,0.0,0.0,14,2,9,1,False
2025-09-02 15:00:00,Kosovo,Kosovo,XK,556.63,607.67,25.1,24.86,15,2,9,1,False
2025-09-02 16:00:00,Kosovo,Kosovo,XK,517.52,567.86,29.04,28.98,16,2,9,1,False
2025-09-02 17:00:00,Kosovo,Kosovo,XK,604.18,660.76,17.18,17.07,17,2,9,1,False
2025-09-02 18:00:00,Kosovo,Kosovo,XK,596.61,652.57,18.09,18.0,18,2,9,1,False
2025-09-02 19:00:00,Kosovo,Kosovo,XK,563.47,618.26,22.14,22.05,19,2,9,1,False
2025-09-02 20:00:00,Kosovo,Kosovo,XK,649.61,703.65,14.33,12.85,20,2,9,1,False
2025-09-02 21:00:00,Kosovo,Kosovo,XK,672.91,728.48,11.31,9.68,21,2,9,1,False
2025-09-02 22:00:00,Kosovo,Kosovo,XK,760.0,820.0,0.0,0.0,22,2,9,1,False
2025-09-02 23:00:00,Kosovo,Kosovo,XK,760.0,820.0,0.0,0.0,23,2,9,1,False
2025-09-03 00:00:00,Kosovo,Kosovo,XK,760.0,820.0,0.0,0.0,0,3,9,2,False
2025-09-03 01:00:00,Kosovo,Kosovo,XK,760.0,820.0,0.0,0.0,1,3,9,2,False
2025-09-03 02:00:00,Kosovo,Kosovo,XK,760.0,820.0,0.0,0.0,2,3,9,2,False
2025-09-03 03:00:00,Kosovo,Kosovo,XK,760.0,820.0,0.0,0.0,3,3,9,2,False
2025-09-03 04:00:00,Kosovo,Kosovo,XK,723.75,782.73,4.32,3.74,4,3,9,2,False
2025-09-03 05:00:00,Kosovo,Kosovo,XK,715.92,774.23,5.43,4.72,5,3,9,2,False
2025-09-03 06:00:00,Kosovo,Kosovo,XK,700.13,757.76,7.45,6.44,6,3,9,2,False
2025-09-03 07:00:00,Kosovo,Kosovo,XK,694.23,751.85,8.25,6.76,7,3,9,2,False
2025-09-03 08:00:00,Kosovo,Kosovo,XK,686.22,743.49,9.27,7.74,8,3,9,2,False
2025-09-03 09:00:00,Kosovo,Kosovo,XK,684.19,741.58,9.46,7.57,9,3,9,2,False
2025-09-03 10:00:00,Kosovo,Kosovo,XK,689.0,746.72,8.83,6.94,10,3,9,2,False
2025-09-03 11:00:00,Kosovo,Kosovo,XK,683.5,741.03,9.55,7.42,11,3,9,2,False
2025-09-03 12:00:00,Kosovo,Kosovo,XK,674.01,731.5,10.67,7.99,12,3,9,2,False
2025-09-03 13:00:00,Kosovo,Kosovo,XK,673.59,731.18,10.69,7.76,13,3,9,2,False
2025-09-03 14:00:00,Kosovo,Kosovo,XK,693.08,750.95,8.26,6.52,14,3,9,2,False
2025-09-03 15:00:00,Kosovo,Kosovo,XK,737.89,796.98,2.67,2.45,15,3,9,2,False
2025-09-03 16:00:00,Kosovo,Kosovo,XK,760.0,820.0,0.0,0.0,16,3,9,2,False
2025-09-03 17:00:00,Kosovo,Kosovo,XK,760.0,820.0,0.0,0.0,17,3,9,2,False
2025-09-03 18:00:00,Kosovo,Kosovo,XK,760.0,820.0,0.0,0.0,18,3,9,2,False
2025-09-03 19:00:00,Kosovo,Kosovo,XK,760.0,820.0,0.0,0.0,19,3,9,2,False
2025-09-03 20:00:00,Kosovo,Kosovo,XK,721.66,780.2,4.63,4.01,20,3,9,2,False
2025-09-03 21:00:00,Kosovo,Kosovo,XK,719.32,778.23,4.84,4.1,21,3,9,2,False
2025-09-03 22:00:00,Kosovo,Kosovo,XK,736.3,795.9,2.71,2.37,22,3,9,2,False
2025-09-03 23:00:00,Kosovo,Kosovo,XK,731.93,791.57,3.16,2.68,23,3,9,2,False
2025-09-04 00:00:00,Kosovo,Kosovo,XK,734.6,794.35,2.83,2.25,0,4,9,3,False
2025-09-04 01:00:00,Kosovo,Kosovo,XK,731.27,791.05,3.2,2.5,1,4,9,3,False
2025-09-04 02:00:00,Kosovo,Kosovo,XK,730.23,789.88,3.35,2.69,2,4,9,3,False
2025-09-04 03:00:00,Kosovo,Kosovo,XK,748.0,808.04,1.28,1.05,3,4,9,3,False
2025-09-04 04:00:00,Kosovo,Kosovo,XK,760.0,820.0,0.0,0.0,4,4,9,3,False
2025-09-04 05:00:00,Kosovo,Kosovo,XK,760.0,820.0,0.0,0.0,5,4,9,3,False
2025-09-04 06:00:00,Kosovo,Kosovo,XK,760.0,820.0,0.0,0.0,6,4,9,3,False
2025-09-04 07:00:00,Kosovo,Kosovo,XK,760.0,820.0,0.0,0.0,7,4,9,3,False
2025-09-04 08:00:00,Kosovo,Kosovo,XK,760.0,820.0,0.0,0.0,8,4,9,3,False
2025-09-04 09:00:00,Kosovo,Kosovo,XK,760.0,820.0,0.0,0.0,9,4,9,3,False
2025-09-04 10:00:00,Kosovo,Kosovo,XK,760.0,820.0,0.0,0.0,10,4,9,3,False
2025-09-04 11:00:00,Kosovo,Kosovo,XK,760.0,820.0,0.0,0.0,11,4,9,3,False
2025-09-04 12:00:00,Kosovo,Kosovo,XK,760.0,820.0,0.0,0.0,12,4,9,3,False
2025-09-04 13:00:00,Kosovo,Kosovo,XK,760.0,820.0,0.0,0.0,13,4,9,3,False
2025-09-04 14:00:00,Kosovo,Kosovo,XK,760.0,820.0,0.0,0.0,14,4,9,3,False
2025-09-04 15:00:00,Kosovo,Kosovo,XK,756.98,816.78,0.4,0.4,15,4,9,3,False
2025-09-04 16:00:00,Kosovo,Kosovo,XK,549.1,595.61,27.75,27.75,16,4,9,3,False
2025-09-04 17:00:00,Kosovo,Kosovo,XK,537.28,583.0,29.31,29.31,17,4,9,3,False
2025-09-04 18:00:00,Kosovo,Kosovo,XK,551.8,598.47,27.4,27.4,18,4,9,3,False
2025-09-04 19:00:00,Kosovo,Kosovo,XK,670.9,725.13,11.72,11.72,19,4,9,3,False
2025-09-04 20:00:00,Kosovo,Kosovo,XK,760.0,820.0,0.0,0.0,20,4,9,3,False
2025-09-04 21:00:00,Kosovo,Kosovo,XK,760.0,820.0,0.0,0.0,21,4,9,3,False
2025-09-04 22:00:00,Kosovo,Kosovo,XK,760.0,820.0,0.0,0.0,22,4,9,3,False
2025-09-04 23:00:00,Kosovo,Kosovo,XK,760.0,820.0,0.0,0.0,23,4,9,3,False
2025-09-05 00:00:00,Kosovo,Kosovo,XK,760.0,820.0,0.0,0.0,0,5,9,4,False
2025-09-05 01:00:00,Kosovo,Kosovo,XK,760.0,820.0,0.0,0.0,1,5,9,4,False
2025-09-05 02:00:00,Kosovo,Kosovo,XK,760.0,820.0,0.0,0.0,2,5,9,4,False
2025-09-05 03:00:00,Kosovo,Kosovo,XK,760.0,820.0,0.0,0.0,3,5,9,4,False
2025-09-05 04:00:00,Kosovo,Kosovo,XK,760.0,820.0,0.0,0.0,4,5,9,4,False
2025-09-05 05:00:00,Kosovo,Kosovo,XK,760.0,820.0,0.0,0.0,5,5,9,4,False
2025-09-05 06:00:00,Kosovo,Kosovo,XK,760.0,820.0,0.0,0.0,6,5,9,4,False
2025-09-05 07:00:00,Kosovo,Kosovo,XK,760.0,820.0,0.0,-0.0,7,5,9,4,False
2025-09-05 08:00:00,Kosovo,Kosovo,XK,760.0,820.0,0.0,-0.0,8,5,9,4,False
2025-09-05 09:00:00,Kosovo,Kosovo,XK,760.0,820.0,0.0,-0.0,9,5,9,4,False
2025-09-05 10:00:00,Kosovo,Kosovo,XK,760.0,820.0,0.0,0.0,10,5,9,4,False
2025-09-05 11:00:00,Kosovo,Kosovo,XK,760.0,820.0,0.0,0.0,11,5,9,4,False
2025-09-05 12:00:00,Kosovo,Kosovo,XK,760.0,820.0,0.0,0.0,12,5,9,4,False
2025-09-05 13:00:00,Kosovo,Kosovo,XK,760.0,820.0,0.0,0.0,13,5,9,4,False
2025-09-05 14:00:00,Kosovo,Kosovo,XK,760.0,820.0,0.0,0.0,14,5,9,4,False
2025-09-05 15:00:00,Kosovo,Kosovo,XK,760.0,820.0,0.0,0.0,15,5,9,4,False
2025-09-05 16:00:00,Kosovo,Kosovo,XK,760.0,820.0,0.0,0.0,16,5,9,4,False
2025-09-05 17:00:00,Kosovo,Kosovo,XK,760.0,820.0,0.0,0.0,17,5,9,4,False
2025-09-05 18:00:00,Kosovo,Kosovo,XK,760.0,820.0,0.0,0.0,18,5,9,4,False
2025-09-05 19:00:00,Kosovo,Kosovo,XK,760.0,820.0,0.0,0.0,19,5,9,4,False
2025-09-05 20:00:00,Kosovo,Kosovo,XK,760.0,820.0,0.0,0.0,20,5,9,4,False
2025-09-05 21:00:00,Kosovo,Kosovo,XK,760.0,820.0,0.0,0.0,21,5,9,4,False
2025-09-05 22:00:00,Kosovo,Kosovo,XK,760.0,820.0,0.0,0.0,22,5,9,4,False
2025-09-05 23:00:00,Kosovo,Kosovo,XK,760.0,820.0,0.0,0.0,23,5,9,4,False
2025-09-06 00:00:00,Kosovo,Kosovo,XK,760.0,820.0,0.0,0.0,0,6,9,5,False
2025-09-06 01:00:00,Kosovo,Kosovo,XK,760.0,820.0,0.0,0.0,1,6,9,5,False
2025-09-06 02:00:00,Kosovo,Kosovo,XK,760.0,820.0,0.0,0.0,2,6,9,5,False
2025-09-06 03:00:00,Kosovo,Kosovo,XK,760.0,820.0,0.0,0.0,3,6,9,5,False
2025-09-06 04:00:00,Kosovo,Kosovo,XK,760.0,820.0,0.0,0.0,4,6,9,5,False
2025-09-06 05:00:00,Kosovo,Kosovo,XK,760.0,820.0,0.0,0.0,5,6,9,5,False
2025-09-06 06:00:00,Kosovo,Kosovo,XK,760.0,820.0,0.0,0.0,6,6,9,5,False
2025-09-06 07:00:00,Kosovo,Kosovo,XK,760.0,820.0,0.0,0.0,7,6,9,5,False
2025-09-06 08:00:00,Kosovo,Kosovo,XK,760.0,820.0,0.0,0.0,8,6,9,5,False
2025-09-06 09:00:00,Kosovo,Kosovo,XK,760.0,820.0,0.0,0.0,9,6,9,5,False
2025-09-06 10:00:00,Kosovo,Kosovo,XK,760.0,820.0,0.0,0.0,10,6,9,5,False
2025-09-06 11:00:00,Kosovo,Kosovo,XK,760.0,820.0,0.0,0.0,11,6,9,5,False
2025-09-06 12:00:00,Kosovo,Kosovo,XK,760.0,820.0,0.0,0.0,12,6,9,5,False
2025-09-06 13:00:00,Kosovo,Kosovo,XK,726.11,784.86,4.39,3.39,13,6,9,5,False
2025-09-06 14:00:00,Kosovo,Kosovo,XK,728.4,787.17,4.1,3.19,14,6,9,5,False
2025-09-06 15:00:00,Kosovo,Kosovo,XK,689.83,746.18,9.14,8.16,15,6,9,5,False
2025-09-06 16:00:00,Kosovo,Kosovo,XK,520.66,569.71,29.48,29.35,16,6,9,5,False
2025-09-06 17:00:00,Kosovo,Kosovo,XK,562.66,613.37,24.19,24.1,17,6,9,5,False
2025-09-06 18:00:00,Kosovo,Kosovo,XK,615.42,667.28,18.41,18.34,18,6,9,5,False
2025-09-06 19:00:00,Kosovo,Kosovo,XK,696.88,753.2,8.24,7.78,19,6,9,5,False
2025-09-06 20:00:00,Kosovo,Kosovo,XK,651.12,705.58,14.1,12.05,20,6,9,5,False
2025-09-06 21:00:00,Kosovo,Kosovo,XK,670.95,726.68,11.51,9.4,21,6,9,5,False
2025-09-06 22:00:00,Kosovo,Kosovo,XK,700.69,757.88,7.68,6.28,22,6,9,5,False
2025-09-06 23:00:00,Kosovo,Kosovo,XK,696.5,753.81,8.18,6.2,23,6,9,5,False
2025-09-07 00:00:00,Kosovo,Kosovo,XK,719.73,778.07,5.19,3.78,0,7,9,6,False
2025-09-07 01:00:00,Kosovo,Kosovo,XK,760.0,820.0,0.0,0.0,1,7,9,6,False
2025-09-07 02:00:00,Kosovo,Kosovo,XK,760.0,820.0,0.0,0.0,2,7,9,6,False
2025-09-07 03:00:00,Kosovo,Kosovo,XK,760.0,820.0,0.0,0.0,3,7,9,6,False
2025-09-07 04:00:00,Kosovo,Kosovo,XK,760.0,820.0,0.0,0.0,4,7,9,6,False
2025-09-07 05:00:00,Kosovo,Kosovo,XK,760.0,820.0,0.0,0.0,5,7,9,6,False
2025-09-07 06:00:00,Kosovo,Kosovo,XK,760.0,820.0,0.0,0.0,6,7,9,6,False
2025-09-07 07:00:00,Kosovo,Kosovo,XK,760.0,820.0,0.0,0.0,7,7,9,6,False
2025-09-07 08:00:00,Kosovo,Kosovo,XK,760.0,820.0,0.0,0.0,8,7,9,6,False
2025-09-07 09:00:00,Kosovo,Kosovo,XK,760.0,820.0,0.0,0.0,9,7,9,6,False
2025-09-07 10:00:00,Kosovo,Kosovo,XK,760.0,820.0,0.0,0.0,10,7,9,6,False
2025-09-07 11:00:00,Kosovo,Kosovo,XK,707.73,766.19,6.71,5.85,11,7,9,6,False
2025-09-07 12:00:00,Kosovo,Kosovo,XK,680.85,738.55,10.14,8.49,12,7,9,6,False
2025-09-07 13:00:00,Kosovo,Kosovo,XK,637.05,693.37,15.74,12.62,13,7,9,6,False
2025-09-07 14:00:00,Kosovo,Kosovo,XK,712.63,771.33,5.95,5.14,14,7,9,6,False
2025-09-07 15:00:00,Kosovo,Kosovo,XK,706.33,763.38,7.0,6.34,15,7,9,6,False
2025-09-07 16:00:00,Kosovo,Kosovo,XK,644.0,700.23,13.71,13.47,16,7,9,6,False
2025-09-07 17:00:00,Kosovo,Kosovo,XK,683.59,740.71,9.06,8.92,17,7,9,6,False
2025-09-07 18:00:00,Kosovo,Kosovo,XK,750.51,809.9,1.25,1.25,18,7,9,6,False
2025-09-07 19:00:00,Kosovo,Kosovo,XK,760.0,820.0,0.0,0.0,19,7,9,6,False
2025-09-07 20:00:00,Kosovo,Kosovo,XK,760.0,820.0,0.0,0.0,20,7,9,6,False
2025-09-07 21:00:00,Kosovo,Kosovo,XK,735.46,794.18,3.2,2.67,21,7,9,6,False
2025-09-07 22:00:00,Kosovo,Kosovo,XK,760.0,820.0,0.0,0.0,22,7,9,6,False
2025-09-07 23:00:00,Kosovo,Kosovo,XK,760.0,820.0,0.0,0.0,23,7,9,6,False
2025-09-08 00:00:00,Kosovo,Kosovo,XK,760.0,820.0,0.0,0.0,0,8,9,0,False
2025-09-08 01:00:00,Kosovo,Kosovo,XK,760.0,820.0,0.0,0.0,1,8,9,0,False
2025-09-08 02:00:00,Kosovo,Kosovo,XK,760.0,820.0,0.0,0.0,2,8,9,0,False
2025-09-08 03:00:00,Kosovo,Kosovo,XK,760.0,820.0,0.0,0.0,3,8,9,0,False
2025-09-08 04:00:00,Kosovo,Kosovo,XK,760.0,820.0,0.0,0.0,4,8,9,0,False
2025-09-08 05:00:00,Kosovo,Kosovo,XK,760.0,820.0,0.0,0.0,5,8,9,0,False
2025-09-08 06:00:00,Kosovo,Kosovo,XK,760.0,820.0,0.0,0.0,6,8,9,0,False
2025-09-08 07:00:00,Kosovo,Kosovo,XK,760.0,820.0,0.0,0.0,7,8,9,0,False
2025-09-08 08:00:00,Kosovo,Kosovo,XK,760.0,820.0,0.0,0.0,8,8,9,0,False
2025-09-08 09:00:00,Kosovo,Kosovo,XK,760.0,820.0,0.0,0.0,9,8,9,0,False
2025-09-08 10:00:00,Kosovo,Kosovo,XK,760.0,820.0,0.0,0.0,10,8,9,0,False
2025-09-08 11:00:00,Kosovo,Kosovo,XK,760.0,820.0,0.0,0.0,11,8,9,0,False
2025-09-08 12:00:00,Kosovo,Kosovo,XK,760.0,820.0,0.0,0.0,12,8,9,0,False
2025-09-08 13:00:00,Kosovo,Kosovo,XK,760.0,820.0,0.0,0.0,13,8,9,0,False
2025-09-08 14:00:00,Kosovo,Kosovo,XK,760.0,820.0,0.0,0.0,14,8,9,0,False
2025-09-08 15:00:00,Kosovo,Kosovo,XK,760.0,820.0,0.0,0.0,15,8,9,0,False
2025-09-08 16:00:00,Kosovo,Kosovo,XK,641.38,696.5,14.17,14.16,16,8,9,0,False
2025-09-08 17:00:00,Kosovo,Kosovo,XK,760.0,820.0,0.0,0.0,17,8,9,0,False
2025-09-08 18:00:00,Kosovo,Kosovo,XK,760.0,820.0,0.0,0.0,18,8,9,0,False
2025-09-08 19:00:00,Kosovo,Kosovo,XK,760.0,820.0,0.0,0.0,19,8,9,0,False
2025-09-08 20:00:00,Kosovo,Kosovo,XK,645.12,698.11,15.04,14.42,20,8,9,0,False
2025-09-08 21:00:00,Kosovo,Kosovo,XK,736.14,794.7,3.12,2.98,21,8,9,0,False
2025-09-08 22:00:00,Kosovo,Kosovo,XK,760.0,820.0,0.0,0.0,22,8,9,0,False
2025-09-08 23:00:00,Kosovo,Kosovo,XK,760.0,820.0,0.0,0.0,23,8,9,0,False
2025-09-09 00:00:00,Kosovo,Kosovo,XK,760.0,820.0,0.0,0.0,0,9,9,1,False
2025-09-09 01:00:00,Kosovo,Kosovo,XK,760.0,820.0,0.0,0.0,1,9,9,1,False
2025-09-09 02:00:00,Kosovo,Kosovo,XK,760.0,820.0,0.0,0.0,2,9,9,1,False
2025-09-09 03:00:00,Kosovo,Kosovo,XK,760.0,820.0,0.0,0.0,3,9,9,1,False
2025-09-09 04:00:00,Kosovo,Kosovo,XK,760.0,820.0,0.0,0.0,4,9,9,1,False
2025-09-09 05:00:00,Kosovo,Kosovo,XK,760.0,820.0,0.0,0.0,5,9,9,1,False
2025-09-09 06:00:00,Kosovo,Kosovo,XK,760.0,820.0,0.0,0.0,6,9,9,1,False
2025-09-09 07:00:00,Kosovo,Kosovo,XK,760.0,820.0,0.0,0.0,7,9,9,1,False
2025-09-09 08:00:00,Kosovo,Kosovo,XK,760.0,820.0,0.0,0.0,8,9,9,1,False
2025-09-09 09:00:00,Kosovo,Kosovo,XK,760.0,820.0,0.0,0.0,9,9,9,1,False
2025-09-09 10:00:00,Kosovo,Kosovo,XK,760.0,820.0,0.0,0.0,10,9,9,1,False
2025-09-09 11:00:00,Kosovo,Kosovo,XK,760.0,820.0,0.0,0.0,11,9,9,1,False
2025-09-09 12:00:00,Kosovo,Kosovo,XK,760.0,820.0,0.0,0.0,12,9,9,1,False
2025-09-09 13:00:00,Kosovo,Kosovo,XK,760.0,820.0,0.0,0.0,13,9,9,1,False
2025-09-09 14:00:00,Kosovo,Kosovo,XK,760.0,820.0,0.0,0.0,14,9,9,1,False
2025-09-09 15:00:00,Kosovo,Kosovo,XK,760.0,820.0,0.0,0.0,15,9,9,1,False
2025-09-09 16:00:00,Kosovo,Kosovo,XK,760.0,820.0,0.0,0.0,16,9,9,1,False
2025-09-09 17:00:00,Kosovo,Kosovo,XK,760.0,820.0,0.0,0.0,17,9,9,1,False
2025-09-09 18:00:00,Kosovo,Kosovo,XK,760.0,820.0,0.0,0.0,18,9,9,1,False
2025-09-09 19:00:00,Kosovo,Kosovo,XK,760.0,820.0,0.0,0.0,19,9,9,1,False
2025-09-09 20:00:00,Kosovo,Kosovo,XK,760.0,820.0,0.0,0.0,20,9,9,1,False
2025-09-09 21:00:00,Kosovo,Kosovo,XK,760.0,820.0,0.0,0.0,21,9,9,1,False
2025-09-09 22:00:00,Kosovo,Kosovo,XK,760.0,820.0,0.0,0.0,22,9,9,1,False
2025-09-09 23:00:00,Kosovo,Kosovo,XK,760.0,820.0,0.0,0.0,23,9,9,1,False
2025-09-10 00:00:00,Kosovo,Kosovo,XK,760.0,820.0,0.0,0.0,0,10,9,2,False
2025-09-10 01:00:00,Kosovo,Kosovo,XK,760.0,820.0,0.0,0.0,1,10,9,2,False
2025-09-10 02:00:00,Kosovo,Kosovo,XK,760.0,820.0,0.0,0.0,2,10,9,2,False
2025-09-10 03:00:00,Kosovo,Kosovo,XK,760.0,820.0,0.0,0.0,3,10,9,2,False
2025-09-10 04:00:00,Kosovo,Kosovo,XK,760.0,820.0,0.0,0.0,4,10,9,2,False
2025-09-10 05:00:00,Kosovo,Kosovo,XK,760.0,820.0,0.0,0.0,5,10,9,2,False
2025-09-10 06:00:00,Kosovo,Kosovo,XK,760.0,820.0,0.0,0.0,6,10,9,2,False
2025-09-10 07:00:00,Kosovo,Kosovo,XK,760.0,820.0,0.0,0.0,7,10,9,2,False
2025-09-10 08:00:00,Kosovo,Kosovo,XK,720.82,779.27,4.69,4.47,8,10,9,2,False
2025-09-10 09:00:00,Kosovo,Kosovo,XK,717.66,776.02,5.1,4.85,9,10,9,2,False
2025-09-10 10:00:00,Kosovo,Kosovo,XK,722.23,780.99,4.56,4.4,10,10,9,2,False
2025-09-10 11:00:00,Kosovo,Kosovo,XK,718.17,776.74,5.08,4.8,11,10,9,2,False
2025-09-10 12:00:00,Kosovo,Kosovo,XK,726.0,784.81,4.13,3.98,12,10,9,2,False
2025-09-10 13:00:00,Kosovo,Kosovo,XK,735.83,794.97,2.93,2.88,13,10,9,2,False
2025-09-10 14:00:00,Kosovo,Kosovo,XK,749.45,809.05,1.28,1.28,14,10,9,2,False
2025-09-10 15:00:00,Kosovo,Kosovo,XK,607.04,657.39,20.13,20.13,15,10,9,2,False
2025-09-10 16:00:00,Kosovo,Kosovo,XK,510.94,554.99,32.77,32.77,16,10,9,2,False
2025-09-10 17:00:00,Kosovo,Kosovo,XK,502.09,545.49,33.94,33.94,17,10,9,2,False
2025-09-10 18:00:00,Kosovo,Kosovo,XK,514.58,558.66,32.29,32.29,18,10,9,2,False
2025-09-10 19:00:00,Kosovo,Kosovo,XK,569.37,617.0,25.08,25.08,19,10,9,2,False
2025-09-10 20:00:00,Kosovo,Kosovo,XK,760.0,820.0,0.0,0.0,20,10,9,2,False
2025-09-10 21:00:00,Kosovo,Kosovo,XK,724.86,783.24,4.25,4.14,21,10,9,2,False
2025-09-10 22:00:00,Kosovo,Kosovo,XK,685.39,742.4,8.9,8.19,22,10,9,2,False
2025-09-10 23:00:00,Kosovo,Kosovo,XK,672.91,730.29,10.42,9.19,23,10,9,2,False
2025-09-11 00:00:00,Kosovo,Kosovo,XK,668.76,725.69,11.1,8.99,0,11,9,3,False
2025-09-11 01:00:00,Kosovo,Kosovo,XK,656.94,713.08,12.67,10.48,1,11,9,3,False
2025-09-11 02:00:00,Kosovo,Kosovo,XK,684.9,742.3,9.12,7.94,2,11,9,3,False
2025-09-11 03:00:00,Kosovo,Kosovo,XK,689.75,747.25,8.56,7.42,3,11,9,3,False
2025-09-11 04:00:00,Kosovo,Kosovo,XK,722.59,781.24,4.55,4.21,4,11,9,3,False
2025-09-11 05:00:00,Kosovo,Kosovo,XK,718.33,776.29,5.14,4.69,5,11,9,3,False
2025-09-11 06:00:00,Kosovo,Kosovo,XK,703.89,760.98,6.99,6.3,6,11,9,3,False
2025-09-11 07:00:00,Kosovo,Kosovo,XK,703.72,760.87,7.01,6.2,7,11,9,3,False
2025-09-11 08:00:00,Kosovo,Kosovo,XK,690.81,747.35,8.6,7.56,8,11,9,3,False
2025-09-11 09:00:00,Kosovo,Kosovo,XK,705.92,763.67,6.79,5.9,9,11,9,3,False
2025-09-11 10:00:00,Kosovo,Kosovo,XK,716.77,775.12,5.41,4.5,10,11,9,3,False
2025-09-11 11:00:00,Kosovo,Kosovo,XK,725.0,783.8,4.35,3.48,11,11,9,3,False
2025-09-11 12:00:00,Kosovo,Kosovo,XK,731.83,790.94,3.47,2.76,12,11,9,3,False
2025-09-11 13:00:00,Kosovo,Kosovo,XK,730.35,789.53,3.59,2.86,13,11,9,3,False
2025-09-11 14:00:00,Kosovo,Kosovo,XK,724.53,783.0,4.35,3.75,14,11,9,3,False
2025-09-11 15:00:00,Kosovo,Kosovo,XK,676.09,730.83,11.04,11.04,15,11,9,3,False
2025-09-11 16:00:00,Kosovo,Kosovo,XK,568.13,616.06,25.25,25.25,16,11,9,3,False
2025-09-11 17:00:00,Kosovo,Kosovo,XK,556.37,603.22,26.79,26.79,17,11,9,3,False
2025-09-11 18:00:00,Kosovo,Kosovo,XK,554.19,600.84,27.08,27.08,18,11,9,3,False
2025-09-11 19:00:00,Kosovo,Kosovo,XK,655.7,708.94,13.72,13.72,19,11,9,3,False
2025-09-11 20:00:00,Kosovo,Kosovo,XK,707.98,765.59,6.38,5.42,20,11,9,3,False
2025-09-11 21:00:00,Kosovo,Kosovo,XK,698.84,756.2,7.43,5.89,21,11,9,3,False
2025-09-11 22:00:00,Kosovo,Kosovo,XK,685.11,742.58,9.06,6.58,22,11,9,3,False
2025-09-11 23:00:00,Kosovo,Kosovo,XK,698.16,756.96,7.28,4.62,23,11,9,3,False
2025-09-12 00:00:00,Kosovo,Kosovo,XK,760.0,820.0,0.0,0.0,0,12,9,4,False
2025-09-12 01:00:00,Kosovo,Kosovo,XK,760.0,820.0,0.0,0.0,1,12,9,4,False
2025-09-12 02:00:00,Kosovo,Kosovo,XK,760.0,820.0,0.0,0.0,2,12,9,4,False
2025-09-12 03:00:00,Kosovo,Kosovo,XK,760.0,820.0,0.0,0.0,3,12,9,4,False
2025-09-12 04:00:00,Kosovo,Kosovo,XK,760.0,820.0,0.0,0.0,4,12,9,4,False
2025-09-12 05:00:00,Kosovo,Kosovo,XK,760.0,820.0,0.0,0.0,5,12,9,4,False
2025-09-12 06:00:00,Kosovo,Kosovo,XK,760.0,820.0,0.0,0.0,6,12,9,4,False
2025-09-12 07:00:00,Kosovo,Kosovo,XK,760.0,820.0,0.0,0.0,7,12,9,4,False
2025-09-12 08:00:00,Kosovo,Kosovo,XK,760.0,820.0,0.0,0.0,8,12,9,4,False
2025-09-12 09:00:00,Kosovo,Kosovo,XK,760.0,820.0,0.0,0.0,9,12,9,4,False
2025-09-12 10:00:00,Kosovo,Kosovo,XK,760.0,820.0,0.0,0.0,10,12,9,4,False
2025-09-12 11:00:00,Kosovo,Kosovo,XK,760.0,820.0,0.0,0.0,11,12,9,4,False
2025-09-12 12:00:00,Kosovo,Kosovo,XK,760.0,820.0,0.0,0.0,12,12,9,4,False
2025-09-12 13:00:00,Kosovo,Kosovo,XK,760.0,820.0,0.0,0.0,13,12,9,4,False
2025-09-12 14:00:00,Kosovo,Kosovo,XK,760.0,820.0,0.0,0.0,14,12,9,4,False
2025-09-12 15:00:00,Kosovo,Kosovo,XK,760.0,820.0,0.0,0.0,15,12,9,4,False
2025-09-12 16:00:00,Kosovo,Kosovo,XK,760.0,820.0,0.0,0.0,16,12,9,4,False
2025-09-12 17:00:00,Kosovo,Kosovo,XK,760.0,820.0,0.0,0.0,17,12,9,4,False
2025-09-12 18:00:00,Kosovo,Kosovo,XK,760.0,820.0,0.0,0.0,18,12,9,4,False
2025-09-12 19:00:00,Kosovo,Kosovo,XK,760.0,820.0,0.0,0.0,19,12,9,4,False
2025-09-12 20:00:00,Kosovo,Kosovo,XK,760.0,820.0,0.0,0.0,20,12,9,4,False
2025-09-12 21:00:00,Kosovo,Kosovo,XK,760.0,820.0,0.0,0.0,21,12,9,4,False
2025-09-12 22:00:00,Kosovo,Kosovo,XK,760.0,820.0,0.0,0.0,22,12,9,4,False
2025-09-12 23:00:00,Kosovo,Kosovo,XK,760.0,820.0,0.0,0.0,23,12,9,4,False
2025-09-13 00:00:00,Kosovo,Kosovo,XK,760.0,820.0,0.0,0.0,0,13,9,5,False
2025-09-13 01:00:00,Kosovo,Kosovo,XK,760.0,820.0,0.0,0.0,1,13,9,5,False
2025-09-13 02:00:00,Kosovo,Kosovo,XK,760.0,820.0,0.0,0.0,2,13,9,5,False
2025-09-13 03:00:00,Kosovo,Kosovo,XK,760.0,820.0,0.0,0.0,3,13,9,5,False
2025-09-13 04:00:00,Kosovo,Kosovo,XK,760.0,820.0,0.0,0.0,4,13,9,5,False
2025-09-13 05:00:00,Kosovo,Kosovo,XK,760.0,820.0,0.0,0.0,5,13,9,5,False
2025-09-13 06:00:00,Kosovo,Kosovo,XK,760.0,820.0,0.0,0.0,6,13,9,5,False
2025-09-13 07:00:00,Kosovo,Kosovo,XK,760.0,820.0,0.0,0.0,7,13,9,5,False
2025-09-13 08:00:00,Kosovo,Kosovo,XK,760.0,820.0,0.0,0.0,8,13,9,5,False
2025-09-13 09:00:00,Kosovo,Kosovo,XK,760.0,820.0,0.0,0.0,9,13,9,5,False
2025-09-13 10:00:00,Kosovo,Kosovo,XK,760.0,820.0,0.0,0.0,10,13,9,5,False
2025-09-13 11:00:00,Kosovo,Kosovo,XK,760.0,820.0,0.0,0.0,11,13,9,5,False
2025-09-13 12:00:00,Kosovo,Kosovo,XK,760.0,820.0,0.0,0.0,12,13,9,5,False
2025-09-13 13:00:00,Kosovo,Kosovo,XK,760.0,820.0,0.0,0.0,13,13,9,5,False
2025-09-13 14:00:00,Kosovo,Kosovo,XK,760.0,820.0,0.0,0.0,14,13,9,5,False
2025-09-13 15:00:00,Kosovo,Kosovo,XK,760.0,820.0,0.0,0.0,15,13,9,5,False
2025-09-13 16:00:00,Kosovo,Kosovo,XK,760.0,820.0,0.0,0.0,16,13,9,5,False
2025-09-13 17:00:00,Kosovo,Kosovo,XK,760.0,820.0,0.0,0.0,17,13,9,5,False
2025-09-13 18:00:00,Kosovo,Kosovo,XK,760.0,820.0,0.0,0.0,18,13,9,5,False
2025-09-13 19:00:00,Kosovo,Kosovo,XK,760.0,820.0,0.0,0.0,19,13,9,5,False
2025-09-13 20:00:00,Kosovo,Kosovo,XK,760.0,820.0,0.0,0.0,20,13,9,5,False
2025-09-13 21:00:00,Kosovo,Kosovo,XK,760.0,820.0,0.0,0.0,21,13,9,5,False
2025-09-13 22:00:00,Kosovo,Kosovo,XK,760.0,820.0,0.0,0.0,22,13,9,5,False
2025-09-13 23:00:00,Kosovo,Kosovo,XK,760.0,820.0,0.0,0.0,23,13,9,5,False
2025-09-14 00:00:00,Kosovo,Kosovo,XK,760.0,820.0,0.0,0.0,0,14,9,6,False
2025-09-14 01:00:00,Kosovo,Kosovo,XK,760.0,820.0,0.0,0.0,1,14,9,6,False
2025-09-14 02:00:00,Kosovo,Kosovo,XK,760.0,820.0,0.0,-0.0,2,14,9,6,False
2025-09-14 03:00:00,Kosovo,Kosovo,XK,760.0,820.0,0.0,0.0,3,14,9,6,False
2025-09-14 04:00:00,Kosovo,Kosovo,XK,760.0,820.0,0.0,0.0,4,14,9,6,False
2025-09-14 05:00:00,Kosovo,Kosovo,XK,760.0,820.0,0.0,-0.0,5,14,9,6,False
2025-09-14 06:00:00,Kosovo,Kosovo,XK,760.0,820.0,0.0,0.0,6,14,9,6,False
2025-09-14 07:00:00,Kosovo,Kosovo,XK,760.0,820.0,0.0,0.0,7,14,9,6,False
2025-09-14 08:00:00,Kosovo,Kosovo,XK,760.0,820.0,0.0,0.0,8,14,9,6,False
2025-09-14 09:00:00,Kosovo,Kosovo,XK,760.0,820.0,0.0,0.0,9,14,9,6,False
2025-09-14 10:00:00,Kosovo,Kosovo,XK,760.0,820.0,0.0,0.0,10,14,9,6,False
2025-09-14 11:00:00,Kosovo,Kosovo,XK,760.0,820.0,0.0,0.0,11,14,9,6,False
2025-09-14 12:00:00,Kosovo,Kosovo,XK,760.0,820.0,0.0,0.0,12,14,9,6,False
2025-09-14 13:00:00,Kosovo,Kosovo,XK,760.0,820.0,0.0,0.0,13,14,9,6,False
2025-09-14 14:00:00,Kosovo,Kosovo,XK,760.0,820.0,0.0,0.0,14,14,9,6,False
2025-09-14 15:00:00,Kosovo,Kosovo,XK,760.0,820.0,0.0,0.0,15,14,9,6,False
2025-09-14 16:00:00,Kosovo,Kosovo,XK,760.0,820.0,0.0,0.0,16,14,9,6,False
2025-09-14 17:00:00,Kosovo,Kosovo,XK,760.0,820.0,0.0,0.0,17,14,9,6,False
2025-09-14 18:00:00,Kosovo,Kosovo,XK,760.0,820.0,0.0,0.0,18,14,9,6,False
2025-09-14 19:00:00,Kosovo,Kosovo,XK,760.0,820.0,0.0,0.0,19,14,9,6,False
2025-09-14 20:00:00,Kosovo,Kosovo,XK,760.0,820.0,0.0,0.0,20,14,9,6,False
2025-09-14 21:00:00,Kosovo,Kosovo,XK,760.0,820.0,0.0,0.0,21,14,9,6,False
2025-09-14 22:00:00,Kosovo,Kosovo,XK,760.0,820.0,0.0,0.0,22,14,9,6,False
2025-09-14 23:00:00,Kosovo,Kosovo,XK,760.0,820.0,0.0,0.0,23,14,9,6,False
2025-09-15 00:00:00,Kosovo,Kosovo,XK,760.0,820.0,0.0,0.0,0,15,9,0,False
2025-09-15 01:00:00,Kosovo,Kosovo,XK,760.0,820.0,0.0,0.0,1,15,9,0,False
2025-09-15 02:00:00,Kosovo,Kosovo,XK,760.0,820.0,0.0,0.0,2,15,9,0,False
2025-09-15 03:00:00,Kosovo,Kosovo,XK,760.0,820.0,0.0,0.0,3,15,9,0,False
2025-09-15 04:00:00,Kosovo,Kosovo,XK,760.0,820.0,0.0,0.0,4,15,9,0,False
2025-09-15 05:00:00,Kosovo,Kosovo,XK,760.0,820.0,0.0,0.0,5,15,9,0,False
2025-09-15 06:00:00,Kosovo,Kosovo,XK,760.0,820.0,0.0,0.0,6,15,9,0,False
2025-09-15 07:00:00,Kosovo,Kosovo,XK,760.0,820.0,0.0,0.0,7,15,9,0,False
2025-09-15 08:00:00,Kosovo,Kosovo,XK,760.0,820.0,0.0,0.0,8,15,9,0,False
2025-09-15 09:00:00,Kosovo,Kosovo,XK,760.0,820.0,0.0,0.0,9,15,9,0,False
2025-09-15 10:00:00,Kosovo,Kosovo,XK,760.0,820.0,0.0,0.0,10,15,9,0,False
2025-09-15 11:00:00,Kosovo,Kosovo,XK,760.0,820.0,0.0,0.0,11,15,9,0,False
2025-09-15 12:00:00,Kosovo,Kosovo,XK,760.0,820.0,0.0,0.0,12,15,9,0,False
2025-09-15 13:00:00,Kosovo,Kosovo,XK,760.0,820.0,0.0,0.0,13,15,9,0,False
2025-09-15 14:00:00,Kosovo,Kosovo,XK,760.0,820.0,0.0,0.0,14,15,9,0,False
2025-09-15 15:00:00,Kosovo,Kosovo,XK,760.0,820.0,0.0,0.0,15,15,9,0,False
2025-09-15 16:00:00,Kosovo,Kosovo,XK,760.0,820.0,0.0,0.0,16,15,9,0,False
2025-09-15 17:00:00,Kosovo,Kosovo,XK,760.0,820.0,0.0,0.0,17,15,9,0,False
2025-09-15 18:00:00,Kosovo,Kosovo,XK,760.0,820.0,0.0,0.0,18,15,9,0,False
2025-09-15 19:00:00,Kosovo,Kosovo,XK,760.0,820.0,0.0,0.0,19,15,9,0,False
2025-09-15 20:00:00,Kosovo,Kosovo,XK,760.0,820.0,0.0,0.0,20,15,9,0,False
2025-09-15 21:00:00,Kosovo,Kosovo,XK,760.0,820.0,0.0,0.0,21,15,9,0,False
2025-09-15 22:00:00,Kosovo,Kosovo,XK,760.0,820.0,0.0,0.0,22,15,9,0,False
2025-09-15 23:00:00,Kosovo,Kosovo,XK,760.0,820.0,0.0,0.0,23,15,9,0,False
2025-09-16 00:00:00,Kosovo,Kosovo,XK,760.0,820.0,0.0,0.0,0,16,9,1,False
2025-09-16 01:00:00,Kosovo,Kosovo,XK,760.0,820.0,0.0,0.0,1,16,9,1,False
2025-09-16 02:00:00,Kosovo,Kosovo,XK,760.0,820.0,0.0,0.0,2,16,9,1,False
2025-09-16 03:00:00,Kosovo,Kosovo,XK,760.0,820.0,0.0,0.0,3,16,9,1,False
2025-09-16 04:00:00,Kosovo,Kosovo,XK,760.0,820.0,0.0,0.0,4,16,9,1,False
2025-09-16 05:00:00,Kosovo,Kosovo,XK,760.0,820.0,0.0,0.0,5,16,9,1,False
2025-09-16 06:00:00,Kosovo,Kosovo,XK,537.77,591.75,26.06,22.27,6,16,9,1,False
2025-09-16 07:00:00,Kosovo,Kosovo,XK,496.13,547.2,32.31,28.67,7,16,9,1,False
2025-09-16 08:00:00,Kosovo,Kosovo,XK,483.3,533.68,34.21,31.36,8,16,9,1,False
2025-09-16 09:00:00,Kosovo,Kosovo,XK,470.82,519.81,36.41,33.59,9,16,9,1,False
2025-09-16 10:00:00,Kosovo,Kosovo,XK,468.35,517.02,36.86,34.28,10,16,9,1,False
2025-09-16 11:00:00,Kosovo,Kosovo,XK,468.31,516.86,36.94,33.74,11,16,9,1,False
2025-09-16 12:00:00,Kosovo,Kosovo,XK,484.62,533.71,34.93,30.77,12,16,9,1,False
2025-09-16 13:00:00,Kosovo,Kosovo,XK,508.02,561.32,29.84,26.45,13,16,9,1,False
2025-09-16 14:00:00,Kosovo,Kosovo,XK,605.31,663.85,16.57,13.82,14,16,9,1,False
2025-09-16 15:00:00,Kosovo,Kosovo,XK,760.0,820.0,0.0,0.0,15,16,9,1,False
2025-09-16 16:00:00,Kosovo,Kosovo,XK,760.0,820.0,0.0,0.0,16,16,9,1,False
2025-09-16 17:00:00,Kosovo,Kosovo,XK,760.0,820.0,0.0,0.0,17,16,9,1,False
2025-09-16 18:00:00,Kosovo,Kosovo,XK,760.0,820.0,0.0,0.0,18,16,9,1,False
2025-09-16 19:00:00,Kosovo,Kosovo,XK,760.0,820.0,0.0,0.0,19,16,9,1,False
2025-09-16 20:00:00,Kosovo,Kosovo,XK,760.0,820.0,0.0,0.0,20,16,9,1,False
2025-09-16 21:00:00,Kosovo,Kosovo,XK,760.0,820.0,0.0,0.0,21,16,9,1,False
2025-09-16 22:00:00,Kosovo,Kosovo,XK,760.0,820.0,0.0,0.0,22,16,9,1,False
2025-09-16 23:00:00,Kosovo,Kosovo,XK,760.0,820.0,0.0,0.0,23,16,9,1,False
2025-09-17 00:00:00,Kosovo,Kosovo,XK,742.78,802.09,2.22,1.76,0,17,9,2,False
2025-09-17 01:00:00,Kosovo,Kosovo,XK,724.76,783.22,4.56,3.77,1,17,9,2,False
2025-09-17 02:00:00,Kosovo,Kosovo,XK,717.4,775.78,5.48,4.25,2,17,9,2,False
2025-09-17 03:00:00,Kosovo,Kosovo,XK,688.29,745.3,9.23,7.56,3,17,9,2,False
2025-09-17 04:00:00,Kosovo,Kosovo,XK,659.61,716.81,11.49,10.93,4,17,9,2,False
2025-09-17 05:00:00,Kosovo,Kosovo,XK,692.14,747.87,8.85,8.55,5,17,9,2,False
2025-09-17 06:00:00,Kosovo,Kosovo,XK,760.0,820.0,0.0,0.0,6,17,9,2,False
2025-09-17 07:00:00,Kosovo,Kosovo,XK,760.0,820.0,0.0,0.0,7,17,9,2,False
2025-09-17 08:00:00,Kosovo,Kosovo,XK,760.0,820.0,0.0,0.0,8,17,9,2,False
2025-09-17 09:00:00,Kosovo,Kosovo,XK,760.0,820.0,0.0,0.0,9,17,9,2,False
2025-09-17 10:00:00,Kosovo,Kosovo,XK,760.0,820.0,0.0,0.0,10,17,9,2,False
2025-09-17 11:00:00,Kosovo,Kosovo,XK,760.0,820.0,0.0,0.0,11,17,9,2,False
2025-09-17 12:00:00,Kosovo,Kosovo,XK,760.0,820.0,0.0,0.0,12,17,9,2,False
2025-09-17 13:00:00,Kosovo,Kosovo,XK,760.0,820.0,0.0,0.0,13,17,9,2,False
2025-09-17 14:00:00,Kosovo,Kosovo,XK,760.0,820.0,0.0,0.0,14,17,9,2,False
2025-09-17 15:00:00,Kosovo,Kosovo,XK,638.05,692.88,14.76,14.62,15,17,9,2,False
2025-09-17 16:00:00,Kosovo,Kosovo,XK,533.16,583.66,27.16,27.1,16,17,9,2,False
2025-09-17 17:00:00,Kosovo,Kosovo,XK,483.9,534.24,32.06,31.85,17,17,9,2,False
2025-09-17 18:00:00,Kosovo,Kosovo,XK,492.67,543.2,31.05,30.86,18,17,9,2,False
2025-09-17 19:00:00,Kosovo,Kosovo,XK,606.61,660.58,18.09,17.97,19,17,9,2,False
2025-09-17 20:00:00,Kosovo,Kosovo,XK,695.0,751.13,8.5,8.22,20,17,9,2,False
2025-09-17 21:00:00,Kosovo,Kosovo,XK,760.0,820.0,0.0,0.0,21,17,9,2,False
2025-09-17 22:00:00,Kosovo,Kosovo,XK,760.0,820.0,0.0,0.0,22,17,9,2,False
2025-09-17 23:00:00,Kosovo,Kosovo,XK,760.0,820.0,0.0,0.0,23,17,9,2,False
2025-09-18 00:00:00,Kosovo,Kosovo,XK,760.0,820.0,0.0,0.0,0,18,9,3,False
2025-09-18 01:00:00,Kosovo,Kosovo,XK,760.0,820.0,0.0,0.0,1,18,9,3,False
2025-09-18 02:00:00,Kosovo,Kosovo,XK,760.0,820.0,0.0,0.0,2,18,9,3,False
2025-09-18 03:00:00,Kosovo,Kosovo,XK,760.0,820.0,0.0,0.0,3,18,9,3,False
2025-09-18 04:00:00,Kosovo,Kosovo,XK,760.0,820.0,0.0,0.0,4,18,9,3,False
2025-09-18 05:00:00,Kosovo,Kosovo,XK,760.0,820.0,0.0,0.0,5,18,9,3,False
2025-09-18 06:00:00,Kosovo,Kosovo,XK,760.0,820.0,0.0,0.0,6,18,9,3,False
2025-09-18 07:00:00,Kosovo,Kosovo,XK,760.0,820.0,0.0,0.0,7,18,9,3,False
2025-09-18 08:00:00,Kosovo,Kosovo,XK,760.0,820.0,0.0,0.0,8,18,9,3,False
2025-09-18 09:00:00,Kosovo,Kosovo,XK,760.0,820.0,0.0,0.0,9,18,9,3,False
2025-09-18 10:00:00,Kosovo,Kosovo,XK,760.0,820.0,0.0,0.0,10,18,9,3,False
2025-09-18 11:00:00,Kosovo,Kosovo,XK,760.0,820.0,0.0,0.0,11,18,9,3,False
2025-09-18 12:00:00,Kosovo,Kosovo,XK,760.0,820.0,0.0,0.0,12,18,9,3,False
2025-09-18 13:00:00,Kosovo,Kosovo,XK,760.0,820.0,0.0,0.0,13,18,9,3,False
2025-09-18 14:00:00,Kosovo,Kosovo,XK,760.0,820.0,0.0,0.0,14,18,9,3,False
2025-09-18 15:00:00,Kosovo,Kosovo,XK,760.0,820.0,0.0,0.0,15,18,9,3,False
2025-09-18 16:00:00,Kosovo,Kosovo,XK,760.0,820.0,0.0,0.0,16,18,9,3,False
2025-09-18 17:00:00,Kosovo,Kosovo,XK,760.0,820.0,0.0,0.0,17,18,9,3,False
2025-09-18 18:00:00,Kosovo,Kosovo,XK,760.0,820.0,0.0,0.0,18,18,9,3,False
2025-09-18 19:00:00,Kosovo,Kosovo,XK,760.0,820.0,0.0,0.0,19,18,9,3,False
2025-09-18 20:00:00,Kosovo,Kosovo,XK,760.0,820.0,0.0,0.0,20,18,9,3,False
2025-09-18 21:00:00,Kosovo,Kosovo,XK,760.0,820.0,0.0,0.0,21,18,9,3,False
2025-09-18 22:00:00,Kosovo,Kosovo,XK,760.0,820.0,0.0,0.0,22,18,9,3,False
2025-09-18 23:00:00,Kosovo,Kosovo,XK,760.0,820.0,0.0,0.0,23,18,9,3,False
2025-09-19 00:00:00,Kosovo,Kosovo,XK,760.0,820.0,0.0,0.0,0,19,9,4,False
2025-09-19 01:00:00,Kosovo,Kosovo,XK,760.0,820.0,0.0,0.0,1,19,9,4,False
2025-09-19 02:00:00,Kosovo,Kosovo,XK,760.0,820.0,0.0,0.0,2,19,9,4,False
2025-09-19 03:00:00,Kosovo,Kosovo,XK,760.0,820.0,0.0,0.0,3,19,9,4,False
2025-09-19 04:00:00,Kosovo,Kosovo,XK,760.0,820.0,0.0,0.0,4,19,9,4,False
2025-09-19 05:00:00,Kosovo,Kosovo,XK,760.0,820.0,0.0,0.0,5,19,9,4,False
2025-09-19 06:00:00,Kosovo,Kosovo,XK,760.0,820.0,0.0,0.0,6,19,9,4,False
2025-09-19 07:00:00,Kosovo,Kosovo,XK,760.0,820.0,0.0,0.0,7,19,9,4,False
2025-09-19 08:00:00,Kosovo,Kosovo,XK,760.0,820.0,0.0,-0.0,8,19,9,4,False
2025-09-19 09:00:00,Kosovo,Kosovo,XK,760.0,820.0,0.0,-0.0,9,19,9,4,False
2025-09-19 10:00:00,Kosovo,Kosovo,XK,760.0,820.0,0.0,0.0,10,19,9,4,False
2025-09-19 11:00:00,Kosovo,Kosovo,XK,760.0,820.0,0.0,0.0,11,19,9,4,False
2025-09-19 12:00:00,Kosovo,Kosovo,XK,760.0,820.0,0.0,0.0,12,19,9,4,False
2025-09-19 13:00:00,Kosovo,Kosovo,XK,760.0,820.0,0.0,0.0,13,19,9,4,False
2025-09-19 14:00:00,Kosovo,Kosovo,XK,760.0,820.0,0.0,0.0,14,19,9,4,False
2025-09-19 15:00:00,Kosovo,Kosovo,XK,696.29,754.85,7.16,7.16,15,19,9,4,False
2025-09-19 16:00:00,Kosovo,Kosovo,XK,624.19,680.98,15.1,15.09,16,19,9,4,False
2025-09-19 17:00:00,Kosovo,Kosovo,XK,607.67,667.06,15.2,15.13,17,19,9,4,False
2025-09-19 18:00:00,Kosovo,Kosovo,XK,632.22,690.72,13.37,13.28,18,19,9,4,False
2025-09-19 19:00:00,Kosovo,Kosovo,XK,746.44,805.57,1.77,1.77,19,19,9,4,False
2025-09-19 20:00:00,Kosovo,Kosovo,XK,760.0,820.0,0.0,0.0,20,19,9,4,False
2025-09-19 21:00:00,Kosovo,Kosovo,XK,760.0,820.0,0.0,0.0,21,19,9,4,False
2025-09-19 22:00:00,Kosovo,Kosovo,XK,760.0,820.0,0.0,0.0,22,19,9,4,False
2025-09-19 23:00:00,Kosovo,Kosovo,XK,760.0,820.0,0.0,0.0,23,19,9,4,False
2025-09-20 00:00:00,Kosovo,Kosovo,XK,710.06,768.89,6.12,4.01,0,20,9,5,False
2025-09-20 01:00:00,Kosovo,Kosovo,XK,704.4,762.71,6.95,4.71,1,20,9,5,False
2025-09-20 02:00:00,Kosovo,Kosovo,XK,706.45,764.76,6.69,4.73,2,20,9,5,False
2025-09-20 03:00:00,Kosovo,Kosovo,XK,705.05,763.2,6.87,5.06,3,20,9,5,False
2025-09-20 04:00:00,Kosovo,Kosovo,XK,700.97,758.9,7.4,5.5,4,20,9,5,False
2025-09-20 05:00:00,Kosovo,Kosovo,XK,730.5,789.46,3.72,2.7,5,20,9,5,False
2025-09-20 06:00:00,Kosovo,Kosovo,XK,722.1,780.71,4.82,3.65,6,20,9,5,False
2025-09-20 07:00:00,Kosovo,Kosovo,XK,732.7,791.7,3.49,2.69,7,20,9,5,False
2025-09-20 08:00:00,Kosovo,Kosovo,XK,724.02,782.81,4.57,3.4,8,20,9,5,False
2025-09-20 09:00:00,Kosovo,Kosovo,XK,721.26,779.91,4.93,3.74,9,20,9,5,False
2025-09-20 10:00:00,Kosovo,Kosovo,XK,684.68,741.93,9.6,7.49,10,20,9,5,False
2025-09-20 11:00:00,Kosovo,Kosovo,XK,679.62,736.66,10.25,8.04,11,20,9,5,False
2025-09-20 12:00:00,Kosovo,Kosovo,XK,683.67,740.84,9.71,7.6,12,20,9,5,False
2025-09-20 13:00:00,Kosovo,Kosovo,XK,695.59,753.4,8.12,6.41,13,20,9,5,False
2025-09-20 14:00:00,Kosovo,Kosovo,XK,729.95,789.02,3.73,2.92,14,20,9,5,False
2025-09-20 15:00:00,Kosovo,Kosovo,XK,725.37,784.18,4.22,3.77,15,20,9,5,False
2025-09-20 16:00:00,Kosovo,Kosovo,XK,741.17,800.37,2.33,2.22,16,20,9,5,False
2025-09-20 17:00:00,Kosovo,Kosovo,XK,760.0,820.0,0.0,0.0,17,20,9,5,False
2025-09-20 18:00:00,Kosovo,Kosovo,XK,736.41,795.22,2.92,2.74,18,20,9,5,False
2025-09-20 19:00:00,Kosovo,Kosovo,XK,689.08,746.17,8.57,7.44,19,20,9,5,False
2025-09-20 20:00:00,Kosovo,Kosovo,XK,669.47,726.89,10.95,8.4,20,20,9,5,False
2025-09-20 21:00:00,Kosovo,Kosovo,XK,672.6,730.76,10.43,7.53,21,20,9,5,False
2025-09-20 22:00:00,Kosovo,Kosovo,XK,640.74,697.19,14.76,10.96,22,20,9,5,False
2025-09-20 23:00:00,Kosovo,Kosovo,XK,628.35,684.01,16.58,11.99,23,20,9,5,False
2025-09-21 00:00:00,Kosovo,Kosovo,XK,760.0,820.0,0.0,0.0,0,21,9,6,False
2025-09-21 01:00:00,Kosovo,Kosovo,XK,760.0,820.0,0.0,0.0,1,21,9,6,False
2025-09-21 02:00:00,Kosovo,Kosovo,XK,760.0,820.0,0.0,0.0,2,21,9,6,False
2025-09-21 03:00:00,Kosovo,Kosovo,XK,760.0,820.0,0.0,0.0,3,21,9,6,False
2025-09-21 04:00:00,Kosovo,Kosovo,XK,760.0,820.0,0.0,0.0,4,21,9,6,False
2025-09-21 05:00:00,Kosovo,Kosovo,XK,760.0,820.0,0.0,0.0,5,21,9,6,False
2025-09-21 06:00:00,Kosovo,Kosovo,XK,760.0,820.0,0.0,0.0,6,21,9,6,False
2025-09-21 07:00:00,Kosovo,Kosovo,XK,760.0,820.0,0.0,0.0,7,21,9,6,False
2025-09-21 08:00:00,Kosovo,Kosovo,XK,760.0,820.0,0.0,0.0,8,21,9,6,False
2025-09-21 09:00:00,Kosovo,Kosovo,XK,760.0,820.0,0.0,0.0,9,21,9,6,False
2025-09-21 10:00:00,Kosovo,Kosovo,XK,760.0,820.0,0.0,0.0,10,21,9,6,False
2025-09-21 11:00:00,Kosovo,Kosovo,XK,760.0,820.0,0.0,0.0,11,21,9,6,False
2025-09-21 12:00:00,Kosovo,Kosovo,XK,760.0,820.0,0.0,0.0,12,21,9,6,False
2025-09-21 13:00:00,Kosovo,Kosovo,XK,760.0,820.0,0.0,0.0,13,21,9,6,False
2025-09-21 14:00:00,Kosovo,Kosovo,XK,760.0,820.0,0.0,0.0,14,21,9,6,False
2025-09-21 15:00:00,Kosovo,Kosovo,XK,760.0,820.0,0.0,0.0,15,21,9,6,False
2025-09-21 16:00:00,Kosovo,Kosovo,XK,731.72,790.09,3.6,3.59,16,21,9,6,False
2025-09-21 17:00:00,Kosovo,Kosovo,XK,760.0,820.0,0.0,0.0,17,21,9,6,False
2025-09-21 18:00:00,Kosovo,Kosovo,XK,760.0,820.0,0.0,0.0,18,21,9,6,False
2025-09-21 19:00:00,Kosovo,Kosovo,XK,760.0,820.0,0.0,0.0,19,21,9,6,False
2025-09-21 20:00:00,Kosovo,Kosovo,XK,760.0,820.0,0.0,0.0,20,21,9,6,False
2025-09-21 21:00:00,Kosovo,Kosovo,XK,760.0,820.0,0.0,0.0,21,21,9,6,False
2025-09-21 22:00:00,Kosovo,Kosovo,XK,760.0,820.0,0.0,0.0,22,21,9,6,False
2025-09-21 23:00:00,Kosovo,Kosovo,XK,760.0,820.0,0.0,0.0,23,21,9,6,False
2025-09-22 00:00:00,Kosovo,Kosovo,XK,760.0,820.0,0.0,0.0,0,22,9,0,False
2025-09-22 01:00:00,Kosovo,Kosovo,XK,760.0,820.0,0.0,0.0,1,22,9,0,False
2025-09-22 02:00:00,Kosovo,Kosovo,XK,760.0,820.0,0.0,0.0,2,22,9,0,False
2025-09-22 03:00:00,Kosovo,Kosovo,XK,760.0,820.0,0.0,0.0,3,22,9,0,False
2025-09-22 04:00:00,Kosovo,Kosovo,XK,760.0,820.0,0.0,0.0,4,22,9,0,False
2025-09-22 05:00:00,Kosovo,Kosovo,XK,760.0,820.0,0.0,0.0,5,22,9,0,False
2025-09-22 06:00:00,Kosovo,Kosovo,XK,760.0,820.0,0.0,0.0,6,22,9,0,False
2025-09-22 07:00:00,Kosovo,Kosovo,XK,760.0,820.0,0.0,0.0,7,22,9,0,False
2025-09-22 08:00:00,Kosovo,Kosovo,XK,760.0,820.0,0.0,0.0,8,22,9,0,False
2025-09-22 09:00:00,Kosovo,Kosovo,XK,760.0,820.0,0.0,0.0,9,22,9,0,False
2025-09-22 10:00:00,Kosovo,Kosovo,XK,760.0,820.0,0.0,0.0,10,22,9,0,False
2025-09-22 11:00:00,Kosovo,Kosovo,XK,760.0,820.0,0.0,0.0,11,22,9,0,False
2025-09-22 12:00:00,Kosovo,Kosovo,XK,760.0,820.0,0.0,0.0,12,22,9,0,False
2025-09-22 13:00:00,Kosovo,Kosovo,XK,760.0,820.0,0.0,0.0,13,22,9,0,False
2025-09-22 14:00:00,Kosovo,Kosovo,XK,760.0,820.0,0.0,0.0,14,22,9,0,False
2025-09-22 15:00:00,Kosovo,Kosovo,XK,760.0,820.0,0.0,0.0,15,22,9,0,False
2025-09-22 16:00:00,Kosovo,Kosovo,XK,760.0,820.0,0.0,0.0,16,22,9,0,False
2025-09-22 17:00:00,Kosovo,Kosovo,XK,760.0,820.0,0.0,0.0,17,22,9,0,False
2025-09-22 18:00:00,Kosovo,Kosovo,XK,760.0,820.0,0.0,0.0,18,22,9,0,False
2025-09-22 19:00:00,Kosovo,Kosovo,XK,760.0,820.0,0.0,0.0,19,22,9,0,False
2025-09-22 20:00:00,Kosovo,Kosovo,XK,760.0,820.0,0.0,0.0,20,22,9,0,False
2025-09-22 21:00:00,Kosovo,Kosovo,XK,760.0,820.0,0.0,0.0,21,22,9,0,False
2025-09-22 22:00:00,Kosovo,Kosovo,XK,760.0,820.0,0.0,0.0,22,22,9,0,False
2025-09-22 23:00:00,Kosovo,Kosovo,XK,760.0,820.0,0.0,0.0,23,22,9,0,False
2025-09-23 00:00:00,Kosovo,Kosovo,XK,639.43,695.09,14.75,12.7,0,23,9,1,False
2025-09-23 01:00:00,Kosovo,Kosovo,XK,646.46,702.33,13.85,12.42,1,23,9,1,False
2025-09-23 02:00:00,Kosovo,Kosovo,XK,652.88,709.34,12.95,11.63,2,23,9,1,False
2025-09-23 03:00:00,Kosovo,Kosovo,XK,662.61,719.68,11.64,10.96,3,23,9,1,False
2025-09-23 04:00:00,Kosovo,Kosovo,XK,664.18,722.72,10.35,10.22,4,23,9,1,False
2025-09-23 05:00:00,Kosovo,Kosovo,XK,727.63,786.28,4.04,3.62,5,23,9,1,False
2025-09-23 06:00:00,Kosovo,Kosovo,XK,716.93,775.13,5.42,4.64,6,23,9,1,False
2025-09-23 07:00:00,Kosovo,Kosovo,XK,713.6,771.82,5.84,4.76,7,23,9,1,False
2025-09-23 08:00:00,Kosovo,Kosovo,XK,734.31,793.39,3.23,2.57,8,23,9,1,False
2025-09-23 09:00:00,Kosovo,Kosovo,XK,743.78,803.21,2.05,1.6,9,23,9,1,False
2025-09-23 10:00:00,Kosovo,Kosovo,XK,722.67,781.38,4.72,3.69,10,23,9,1,False
2025-09-23 11:00:00,Kosovo,Kosovo,XK,708.35,766.57,6.54,5.04,11,23,9,1,False
2025-09-23 12:00:00,Kosovo,Kosovo,XK,695.28,753.02,8.19,6.38,12,23,9,1,False
2025-09-23 13:00:00,Kosovo,Kosovo,XK,702.27,760.48,7.17,5.59,13,23,9,1,False
2025-09-23 14:00:00,Kosovo,Kosovo,XK,681.22,738.38,9.73,8.21,14,23,9,1,False
2025-09-23 15:00:00,Kosovo,Kosovo,XK,545.65,597.72,25.41,25.24,15,23,9,1,False
2025-09-23 16:00:00,Kosovo,Kosovo,XK,469.14,517.64,34.52,34.35,16,23,9,1,False
2025-09-23 17:00:00,Kosovo,Kosovo,XK,483.29,531.28,33.31,33.08,17,23,9,1,False
2025-09-23 18:00:00,Kosovo,Kosovo,XK,506.53,553.42,31.5,31.32,18,23,9,1,False
2025-09-23 19:00:00,Kosovo,Kosovo,XK,558.21,609.18,24.54,24.26,19,23,9,1,False
2025-09-23 20:00:00,Kosovo,Kosovo,XK,646.91,702.61,13.93,12.04,20,23,9,1,False
2025-09-23 21:00:00,Kosovo,Kosovo,XK,666.28,724.04,11.22,8.49,21,23,9,1,False
2025-09-23 22:00:00,Kosovo,Kosovo,XK,659.78,716.96,12.05,9.62,22,23,9,1,False
2025-09-23 23:00:00,Kosovo,Kosovo,XK,658.36,715.91,12.08,9.37,23,23,9,1,False
2025-09-24 00:00:00,Kosovo,Kosovo,XK,760.0,820.0,0.0,0.0,0,24,9,2,False
2025-09-24 01:00:00,Kosovo,Kosovo,XK,760.0,820.0,0.0,0.0,1,24,9,2,False
2025-09-24 02:00:00,Kosovo,Kosovo,XK,760.0,820.0,0.0,0.0,2,24,9,2,False
2025-09-24 03:00:00,Kosovo,Kosovo,XK,760.0,820.0,0.0,0.0,3,24,9,2,False
2025-09-24 04:00:00,Kosovo,Kosovo,XK,760.0,820.0,0.0,0.0,4,24,9,2,False
2025-09-24 05:00:00,Kosovo,Kosovo,XK,760.0,820.0,0.0,0.0,5,24,9,2,False
2025-09-24 06:00:00,Kosovo,Kosovo,XK,760.0,820.0,0.0,0.0,6,24,9,2,False
2025-09-24 07:00:00,Kosovo,Kosovo,XK,760.0,820.0,0.0,0.0,7,24,9,2,False
2025-09-24 08:00:00,Kosovo,Kosovo,XK,760.0,820.0,0.0,0.0,8,24,9,2,False
2025-09-24 09:00:00,Kosovo,Kosovo,XK,760.0,820.0,0.0,0.0,9,24,9,2,False
2025-09-24 10:00:00,Kosovo,Kosovo,XK,760.0,820.0,0.0,0.0,10,24,9,2,False
2025-09-24 11:00:00,Kosovo,Kosovo,XK,760.0,820.0,0.0,0.0,11,24,9,2,False
2025-09-24 12:00:00,Kosovo,Kosovo,XK,760.0,820.0,0.0,0.0,12,24,9,2,False
2025-09-24 13:00:00,Kosovo,Kosovo,XK,760.0,820.0,0.0,0.0,13,24,9,2,False
2025-09-24 14:00:00,Kosovo,Kosovo,XK,760.0,820.0,0.0,0.0,14,24,9,2,False
2025-09-24 15:00:00,Kosovo,Kosovo,XK,760.0,820.0,0.0,0.0,15,24,9,2,False
2025-09-24 16:00:00,Kosovo,Kosovo,XK,760.0,820.0,0.0,0.0,16,24,9,2,False
2025-09-24 17:00:00,Kosovo,Kosovo,XK,760.0,820.0,0.0,0.0,17,24,9,2,False
2025-09-24 18:00:00,Kosovo,Kosovo,XK,760.0,820.0,0.0,0.0,18,24,9,2,False
2025-09-24 19:00:00,Kosovo,Kosovo,XK,760.0,820.0,0.0,0.0,19,24,9,2,False
2025-09-24 20:00:00,Kosovo,Kosovo,XK,760.0,820.0,0.0,0.0,20,24,9,2,False
2025-09-24 21:00:00,Kosovo,Kosovo,XK,760.0,820.0,0.0,0.0,21,24,9,2,False
2025-09-24 22:00:00,Kosovo,Kosovo,XK,760.0,820.0,0.0,0.0,22,24,9,2,False
2025-09-24 23:00:00,Kosovo,Kosovo,XK,760.0,820.0,0.0,0.0,23,24,9,2,False
2025-09-25 00:00:00,Kosovo,Kosovo,XK,760.0,820.0,0.0,0.0,0,25,9,3,False
2025-09-25 01:00:00,Kosovo,Kosovo,XK,760.0,820.0,0.0,0.0,1,25,9,3,False
2025-09-25 02:00:00,Kosovo,Kosovo,XK,760.0,820.0,0.0,0.0,2,25,9,3,False
2025-09-25 03:00:00,Kosovo,Kosovo,XK,760.0,820.0,0.0,0.0,3,25,9,3,False
2025-09-25 04:00:00,Kosovo,Kosovo,XK,760.0,820.0,0.0,0.0,4,25,9,3,False
2025-09-25 05:00:00,Kosovo,Kosovo,XK,760.0,820.0,0.0,0.0,5,25,9,3,False
2025-09-25 06:00:00,Kosovo,Kosovo,XK,760.0,820.0,0.0,0.0,6,25,9,3,False
2025-09-25 07:00:00,Kosovo,Kosovo,XK,760.0,820.0,0.0,0.0,7,25,9,3,False
2025-09-25 08:00:00,Kosovo,Kosovo,XK,760.0,820.0,0.0,0.0,8,25,9,3,False
2025-09-25 09:00:00,Kosovo,Kosovo,XK,760.0,820.0,0.0,0.0,9,25,9,3,False
2025-09-25 10:00:00,Kosovo,Kosovo,XK,760.0,820.0,0.0,0.0,10,25,9,3,False
2025-09-25 11:00:00,Kosovo,Kosovo,XK,760.0,820.0,0.0,0.0,11,25,9,3,False
2025-09-25 12:00:00,Kosovo,Kosovo,XK,760.0,820.0,0.0,0.0,12,25,9,3,False
2025-09-25 13:00:00,Kosovo,Kosovo,XK,760.0,820.0,0.0,0.0,13,25,9,3,False
2025-09-25 14:00:00,Kosovo,Kosovo,XK,760.0,820.0,0.0,0.0,14,25,9,3,False
2025-09-25 15:00:00,Kosovo,Kosovo,XK,760.0,820.0,0.0,0.0,15,25,9,3,False
2025-09-25 16:00:00,Kosovo,Kosovo,XK,760.0,820.0,0.0,0.0,16,25,9,3,False
2025-09-25 17:00:00,Kosovo,Kosovo,XK,760.0,820.0,0.0,0.0,17,25,9,3,False
2025-09-25 18:00:00,Kosovo,Kosovo,XK,760.0,820.0,0.0,0.0,18,25,9,3,False
2025-09-25 19:00:00,Kosovo,Kosovo,XK,760.0,820.0,0.0,0.0,19,25,9,3,False
2025-09-25 20:00:00,Kosovo,Kosovo,XK,760.0,820.0,0.0,0.0,20,25,9,3,False
2025-09-25 21:00:00,Kosovo,Kosovo,XK,760.0,820.0,0.0,0.0,21,25,9,3,False
2025-09-25 22:00:00,Kosovo,Kosovo,XK,760.0,820.0,0.0,0.0,22,25,9,3,False
2025-09-25 23:00:00,Kosovo,Kosovo,XK,760.0,820.0,0.0,0.0,23,25,9,3,False
2025-09-26 00:00:00,Kosovo,Kosovo,XK,698.4,755.99,7.57,7.57,0,26,9,4,False
2025-09-26 01:00:00,Kosovo,Kosovo,XK,699.42,756.98,7.47,7.47,1,26,9,4,False
2025-09-26 02:00:00,Kosovo,Kosovo,XK,698.5,755.9,7.63,7.63,2,26,9,4,False
2025-09-26 03:00:00,Kosovo,Kosovo,XK,699.42,756.79,7.55,7.55,3,26,9,4,False
2025-09-26 04:00:00,Kosovo,Kosovo,XK,729.71,788.38,3.77,3.77,4,26,9,4,False
2025-09-26 05:00:00,Kosovo,Kosovo,XK,731.49,790.16,3.58,3.58,5,26,9,4,False
2025-09-26 06:00:00,Kosovo,Kosovo,XK,716.51,774.48,5.47,5.47,6,26,9,4,False
2025-09-26 07:00:00,Kosovo,Kosovo,XK,721.95,780.27,4.77,4.77,7,26,9,4,False
2025-09-26 08:00:00,Kosovo,Kosovo,XK,704.83,762.31,6.95,6.95,8,26,9,4,False
2025-09-26 09:00:00,Kosovo,Kosovo,XK,690.96,747.85,8.69,8.6,9,26,9,4,False
2025-09-26 10:00:00,Kosovo,Kosovo,XK,710.81,768.68,6.17,6.16,10,26,9,4,False
2025-09-26 11:00:00,Kosovo,Kosovo,XK,707.1,764.86,6.62,6.57,11,26,9,4,False
2025-09-26 12:00:00,Kosovo,Kosovo,XK,711.77,769.73,6.03,6.03,12,26,9,4,False
2025-09-26 13:00:00,Kosovo,Kosovo,XK,705.69,763.44,6.76,6.76,13,26,9,4,False
2025-09-26 14:00:00,Kosovo,Kosovo,XK,721.53,780.04,4.71,4.71,14,26,9,4,False
2025-09-26 15:00:00,Kosovo,Kosovo,XK,656.42,711.23,12.79,12.77,15,26,9,4,False
2025-09-26 16:00:00,Kosovo,Kosovo,XK,563.35,613.1,24.43,24.39,16,26,9,4,False
2025-09-26 17:00:00,Kosovo,Kosovo,XK,603.59,655.66,19.29,19.25,17,26,9,4,False
2025-09-26 18:00:00,Kosovo,Kosovo,XK,638.57,692.59,14.85,14.83,18,26,9,4,False
2025-09-26 19:00:00,Kosovo,Kosovo,XK,680.68,736.87,9.69,9.68,19,26,9,4,False
2025-09-26 20:00:00,Kosovo,Kosovo,XK,711.77,769.84,5.87,5.87,20,26,9,4,False
2025-09-26 21:00:00,Kosovo,Kosovo,XK,714.05,772.36,5.53,5.53,21,26,9,4,False
2025-09-26 22:00:00,Kosovo,Kosovo,XK,731.56,790.57,3.42,3.42,22,26,9,4,False
2025-09-26 23:00:00,Kosovo,Kosovo,XK,733.48,792.47,3.24,3.24,23,26,9,4,False
2025-09-27 00:00:00,Kosovo,Kosovo,XK,760.0,820.0,0.0,-0.0,0,27,9,5,False
2025-09-27 01:00:00,Kosovo,Kosovo,XK,760.0,820.0,0.0,0.0,1,27,9,5,False
2025-09-27 02:00:00,Kosovo,Kosovo,XK,760.0,820.0,0.0,0.0,2,27,9,5,False
2025-09-27 03:00:00,Kosovo,Kosovo,XK,760.0,820.0,0.0,0.0,3,27,9,5,False
2025-09-27 04:00:00,Kosovo,Kosovo,XK,760.0,820.0,0.0,0.0,4,27,9,5,False
2025-09-27 05:00:00,Kosovo,Kosovo,XK,760.0,820.0,0.0,0.0,5,27,9,5,False
2025-09-27 06:00:00,Kosovo,Kosovo,XK,760.0,820.0,0.0,0.0,6,27,9,5,False
2025-09-27 07:00:00,Kosovo,Kosovo,XK,760.0,820.0,0.0,0.0,7,27,9,5,False
2025-09-27 08:00:00,Kosovo,Kosovo,XK,760.0,820.0,0.0,0.0,8,27,9,5,False
2025-09-27 09:00:00,Kosovo,Kosovo,XK,760.0,820.0,0.0,0.0,9,27,9,5,False
2025-09-27 10:00:00,Kosovo,Kosovo,XK,760.0,820.0,0.0,0.0,10,27,9,5,False
2025-09-27 11:00:00,Kosovo,Kosovo,XK,760.0,820.0,0.0,0.0,11,27,9,5,False
2025-09-27 12:00:00,Kosovo,Kosovo,XK,760.0,820.0,0.0,0.0,12,27,9,5,False
2025-09-27 13:00:00,Kosovo,Kosovo,XK,760.0,820.0,0.0,0.0,13,27,9,5,False
2025-09-27 14:00:00,Kosovo,Kosovo,XK,760.0,820.0,0.0,0.0,14,27,9,5,False
2025-09-27 15:00:00,Kosovo,Kosovo,XK,760.0,820.0,0.0,0.0,15,27,9,5,False
2025-09-27 16:00:00,Kosovo,Kosovo,XK,760.0,820.0,0.0,0.0,16,27,9,5,False
2025-09-27 17:00:00,Kosovo,Kosovo,XK,760.0,820.0,0.0,0.0,17,27,9,5,False
2025-09-27 18:00:00,Kosovo,Kosovo,XK,760.0,820.0,0.0,0.0,18,27,9,5,False
2025-09-27 19:00:00,Kosovo,Kosovo,XK,760.0,820.0,0.0,0.0,19,27,9,5,False
2025-09-27 20:00:00,Kosovo,Kosovo,XK,760.0,820.0,0.0,0.0,20,27,9,5,False
2025-09-27 21:00:00,Kosovo,Kosovo,XK,760.0,820.0,0.0,0.0,21,27,9,5,False
2025-09-27 22:00:00,Kosovo,Kosovo,XK,760.0,820.0,0.0,0.0,22,27,9,5,False
2025-09-27 23:00:00,Kosovo,Kosovo,XK,760.0,820.0,0.0,0.0,23,27,9,5,False
2025-09-28 00:00:00,Kosovo,Kosovo,XK,760.0,820.0,0.0,0.0,0,28,9,6,False
2025-09-28 01:00:00,Kosovo,Kosovo,XK,760.0,820.0,0.0,0.0,1,28,9,6,False
2025-09-28 02:00:00,Kosovo,Kosovo,XK,760.0,820.0,0.0,0.0,2,28,9,6,False
2025-09-28 03:00:00,Kosovo,Kosovo,XK,760.0,820.0,0.0,0.0,3,28,9,6,False
2025-09-28 04:00:00,Kosovo,Kosovo,XK,760.0,820.0,0.0,0.0,4,28,9,6,False
2025-09-28 05:00:00,Kosovo,Kosovo,XK,760.0,820.0,0.0,0.0,5,28,9,6,False
2025-09-28 06:00:00,Kosovo,Kosovo,XK,760.0,820.0,0.0,0.0,6,28,9,6,False
2025-09-28 07:00:00,Kosovo,Kosovo,XK,760.0,820.0,0.0,0.0,7,28,9,6,False
2025-09-28 08:00:00,Kosovo,Kosovo,XK,760.0,820.0,0.0,0.0,8,28,9,6,False
2025-09-28 09:00:00,Kosovo,Kosovo,XK,760.0,820.0,0.0,0.0,9,28,9,6,False
2025-09-28 10:00:00,Kosovo,Kosovo,XK,760.0,820.0,0.0,0.0,10,28,9,6,False
2025-09-28 11:00:00,Kosovo,Kosovo,XK,760.0,820.0,0.0,0.0,11,28,9,6,False
2025-09-28 12:00:00,Kosovo,Kosovo,XK,760.0,820.0,0.0,0.0,12,28,9,6,False
2025-09-28 13:00:00,Kosovo,Kosovo,XK,760.0,820.0,0.0,0.0,13,28,9,6,False
2025-09-28 14:00:00,Kosovo,Kosovo,XK,760.0,820.0,0.0,0.0,14,28,9,6,False
2025-09-28 15:00:00,Kosovo,Kosovo,XK,760.0,820.0,0.0,0.0,15,28,9,6,False
2025-09-28 16:00:00,Kosovo,Kosovo,XK,760.0,820.0,0.0,0.0,16,28,9,6,False
2025-09-28 17:00:00,Kosovo,Kosovo,XK,760.0,820.0,0.0,0.0,17,28,9,6,False
2025-09-28 18:00:00,Kosovo,Kosovo,XK,760.0,820.0,0.0,0.0,18,28,9,6,False
2025-09-28 19:00:00,Kosovo,Kosovo,XK,760.0,820.0,0.0,0.0,19,28,9,6,False
2025-09-28 20:00:00,Kosovo,Kosovo,XK,760.0,820.0,0.0,0.0,20,28,9,6,False
2025-09-28 21:00:00,Kosovo,Kosovo,XK,760.0,820.0,0.0,0.0,21,28,9,6,False
2025-09-28 22:00:00,Kosovo,Kosovo,XK,760.0,820.0,0.0,0.0,22,28,9,6,False
2025-09-28 23:00:00,Kosovo,Kosovo,XK,760.0,820.0,0.0,0.0,23,28,9,6,False
2025-09-29 00:00:00,Kosovo,Kosovo,XK,745.2,804.93,1.75,1.47,0,29,9,0,False
2025-09-29 01:00:00,Kosovo,Kosovo,XK,744.91,804.6,1.79,1.56,1,29,9,0,False
2025-09-29 02:00:00,Kosovo,Kosovo,XK,744.94,804.6,1.79,1.62,2,29,9,0,False
2025-09-29 03:00:00,Kosovo,Kosovo,XK,741.58,801.15,2.2,1.88,3,29,9,0,False
2025-09-29 04:00:00,Kosovo,Kosovo,XK,682.21,737.26,10.24,10.24,4,29,9,0,False
2025-09-29 05:00:00,Kosovo,Kosovo,XK,717.85,775.16,5.55,5.55,5,29,9,0,False
2025-09-29 06:00:00,Kosovo,Kosovo,XK,727.66,785.65,4.26,4.26,6,29,9,0,False
2025-09-29 07:00:00,Kosovo,Kosovo,XK,760.0,820.0,0.0,0.0,7,29,9,0,False
2025-09-29 08:00:00,Kosovo,Kosovo,XK,747.1,806.33,1.7,1.7,8,29,9,0,False
2025-09-29 09:00:00,Kosovo,Kosovo,XK,760.0,820.0,0.0,0.0,9,29,9,0,False
2025-09-29 10:00:00,Kosovo,Kosovo,XK,760.0,820.0,0.0,0.0,10,29,9,0,False
2025-09-29 11:00:00,Kosovo,Kosovo,XK,760.0,820.0,0.0,0.0,11,29,9,0,False
2025-09-29 12:00:00,Kosovo,Kosovo,XK,760.0,820.0,0.0,0.0,12,29,9,0,False
2025-09-29 13:00:00,Kosovo,Kosovo,XK,760.0,820.0,0.0,0.0,13,29,9,0,False
2025-09-29 14:00:00,Kosovo,Kosovo,XK,760.0,820.0,0.0,0.0,14,29,9,0,False
2025-09-29 15:00:00,Kosovo,Kosovo,XK,662.31,716.1,12.85,12.85,15,29,9,0,False
2025-09-29 16:00:00,Kosovo,Kosovo,XK,577.76,626.08,23.98,23.98,16,29,9,0,False
2025-09-29 17:00:00,Kosovo,Kosovo,XK,566.38,613.94,25.48,25.48,17,29,9,0,False
2025-09-29 18:00:00,Kosovo,Kosovo,XK,580.56,628.92,23.61,23.61,18,29,9,0,False
2025-09-29 19:00:00,Kosovo,Kosovo,XK,637.89,689.97,16.07,16.07,19,29,9,0,False
2025-09-29 20:00:00,Kosovo,Kosovo,XK,738.79,797.41,2.79,2.79,20,29,9,0,False
2025-09-29 21:00:00,Kosovo,Kosovo,XK,739.34,798.89,2.46,2.0,21,29,9,0,False
2025-09-29 22:00:00,Kosovo,Kosovo,XK,721.38,780.62,4.6,3.51,22,29,9,0,False
2025-09-29 23:00:00,Kosovo,Kosovo,XK,724.76,783.95,4.23,3.46,23,29,9,0,False
2025-09-30 00:00:00,Kosovo,Kosovo,XK,760.0,820.0,0.0,0.0,0,30,9,1,False
2025-09-30 01:00:00,Kosovo,Kosovo,XK,760.0,820.0,0.0,0.0,1,30,9,1,False
2025-09-30 02:00:00,Kosovo,Kosovo,XK,760.0,820.0,0.0,0.0,2,30,9,1,False
2025-09-30 03:00:00,Kosovo,Kosovo,XK,760.0,820.0,0.0,0.0,3,30,9,1,False
2025-09-30 04:00:00,Kosovo,Kosovo,XK,760.0,820.0,0.0,0.0,4,30,9,1,False
2025-09-30 05:00:00,Kosovo,Kosovo,XK,760.0,820.0,0.0,0.0,5,30,9,1,False
2025-09-30 06:00:00,Kosovo,Kosovo,XK,760.0,820.0,0.0,0.0,6,30,9,1,False
2025-09-30 07:00:00,Kosovo,Kosovo,XK,760.0,820.0,0.0,0.0,7,30,9,1,False
2025-09-30 08:00:00,Kosovo,Kosovo,XK,760.0,820.0,0.0,0.0,8,30,9,1,False
2025-09-30 09:00:00,Kosovo,Kosovo,XK,760.0,820.0,0.0,0.0,9,30,9,1,False
2025-09-30 10:00:00,Kosovo,Kosovo,XK,760.0,820.0,0.0,0.0,10,30,9,1,False
2025-09-30 11:00:00,Kosovo,Kosovo,XK,760.0,820.0,0.0,0.0,11,30,9,1,False
2025-09-30 12:00:00,Kosovo,Kosovo,XK,760.0,820.0,0.0,0.0,12,30,9,1,False
2025-09-30 13:00:00,Kosovo,Kosovo,XK,760.0,820.0,0.0,0.0,13,30,9,1,False
2025-09-30 14:00:00,Kosovo,Kosovo,XK,760.0,820.0,0.0,0.0,14,30,9,1,False
2025-09-30 15:00:00,Kosovo,Kosovo,XK,760.0,820.0,0.0,0.0,15,30,9,1,False
2025-09-30 16:00:00,Kosovo,Kosovo,XK,760.0,820.0,0.0,0.0,16,30,9,1,False
2025-09-30 17:00:00,Kosovo,Kosovo,XK,760.0,820.0,0.0,0.0,17,30,9,1,False
2025-09-30 18:00:00,Kosovo,Kosovo,XK,760.0,820.0,0.0,0.0,18,30,9,1,False
2025-09-30 19:00:00,Kosovo,Kosovo,XK,760.0,820.0,0.0,0.0,19,30,9,1,False
2025-09-30 20:00:00,Kosovo,Kosovo,XK,760.0,820.0,0.0,0.0,20,30,9,1,False
2025-09-30 21:00:00,Kosovo,Kosovo,XK,760.0,820.0,0.0,0.0,21,30,9,1,False
2025-09-30 22:00:00,Kosovo,Kosovo,XK,760.0,820.0,0.0,0.0,22,30,9,1,False
2025-09-30 23:00:00,Kosovo,Kosovo,XK,760.0,820.0,0.0,0.0,23,30,9,1,False
2025-10-01 00:00:00,Kosovo,Kosovo,XK,760.0,820.0,0.0,0.0,0,1,10,2,False
2025-10-01 01:00:00,Kosovo,Kosovo,XK,760.0,820.0,0.0,0.0,1,1,10,2,False
2025-10-01 02:00:00,Kosovo,Kosovo,XK,760.0,820.0,0.0,0.0,2,1,10,2,False
2025-10-01 03:00:00,Kosovo,Kosovo,XK,760.0,820.0,0.0,0.0,3,1,10,2,False
2025-10-01 04:00:00,Kosovo,Kosovo,XK,760.0,820.0,0.0,0.0,4,1,10,2,False
2025-10-01 05:00:00,Kosovo,Kosovo,XK,760.0,820.0,0.0,0.0,5,1,10,2,False
2025-10-01 06:00:00,Kosovo,Kosovo,XK,760.0,820.0,0.0,0.0,6,1,10,2,False
2025-10-01 07:00:00,Kosovo,Kosovo,XK,760.0,820.0,0.0,0.0,7,1,10,2,False
2025-10-01 08:00:00,Kosovo,Kosovo,XK,760.0,820.0,0.0,0.0,8,1,10,2,False
2025-10-01 09:00:00,Kosovo,Kosovo,XK,760.0,820.0,0.0,0.0,9,1,10,2,False
2025-10-01 10:00:00,Kosovo,Kosovo,XK,760.0,820.0,0.0,0.0,10,1,10,2,False
2025-10-01 11:00:00,Kosovo,Kosovo,XK,760.0,820.0,0.0,0.0,11,1,10,2,False
2025-10-01 12:00:00,Kosovo,Kosovo,XK,760.0,820.0,0.0,0.0,12,1,10,2,False
2025-10-01 13:00:00,Kosovo,Kosovo,XK,760.0,820.0,0.0,0.0,13,1,10,2,False
2025-10-01 14:00:00,Kosovo,Kosovo,XK,760.0,820.0,0.0,0.0,14,1,10,2,False
2025-10-01 15:00:00,Kosovo,Kosovo,XK,760.0,820.0,0.0,0.0,15,1,10,2,False
2025-10-01 16:00:00,Kosovo,Kosovo,XK,760.0,820.0,0.0,0.0,16,1,10,2,False
2025-10-01 17:00:00,Kosovo,Kosovo,XK,760.0,820.0,0.0,0.0,17,1,10,2,False
2025-10-01 18:00:00,Kosovo,Kosovo,XK,760.0,820.0,0.0,0.0,18,1,10,2,False
2025-10-01 19:00:00,Kosovo,Kosovo,XK,760.0,820.0,0.0,0.0,19,1,10,2,False
2025-10-01 20:00:00,Kosovo,Kosovo,XK,760.0,820.0,0.0,0.0,20,1,10,2,False
2025-10-01 21:00:00,Kosovo,Kosovo,XK,760.0,820.0,0.0,0.0,21,1,10,2,False
2025-10-01 22:00:00,Kosovo,Kosovo,XK,760.0,820.0,0.0,0.0,22,1,10,2,False
2025-10-01 23:00:00,Kosovo,Kosovo,XK,760.0,820.0,0.0,0.0,23,1,10,2,False
2025-10-02 00:00:00,Kosovo,Kosovo,XK,721.38,780.38,4.56,4.56,0,2,10,3,False
2025-10-02 01:00:00,Kosovo,Kosovo,XK,760.0,820.0,0.0,0.0,1,2,10,3,False
2025-10-02 02:00:00,Kosovo,Kosovo,XK,760.0,820.0,0.0,0.0,2,2,10,3,False
2025-10-02 03:00:00,Kosovo,Kosovo,XK,742.74,802.23,2.07,2.07,3,2,10,3,False
2025-10-02 04:00:00,Kosovo,Kosovo,XK,662.14,719.44,11.58,11.57,4,2,10,3,False
2025-10-02 05:00:00,Kosovo,Kosovo,XK,542.16,594.43,26.11,26.08,5,2,10,3,False
2025-10-02 06:00:00,Kosovo,Kosovo,XK,496.53,545.37,32.54,32.11,6,2,10,3,False
2025-10-02 07:00:00,Kosovo,Kosovo,XK,492.11,540.27,33.88,32.66,7,2,10,3,False
2025-10-02 08:00:00,Kosovo,Kosovo,XK,497.36,546.4,33.42,31.39,8,2,10,3,False
2025-10-02 09:00:00,Kosovo,Kosovo,XK,502.47,552.04,32.87,30.44,9,2,10,3,False
2025-10-02 10:00:00,Kosovo,Kosovo,XK,535.22,586.48,28.63,26.51,10,2,10,3,False
2025-10-02 11:00:00,Kosovo,Kosovo,XK,576.77,629.68,23.29,22.0,11,2,10,3,False
2025-10-02 12:00:00,Kosovo,Kosovo,XK,568.36,620.84,24.36,23.43,12,2,10,3,False
2025-10-02 13:00:00,Kosovo,Kosovo,XK,630.21,684.34,16.62,15.59,13,2,10,3,False
2025-10-02 14:00:00,Kosovo,Kosovo,XK,645.64,699.4,14.83,14.31,14,2,10,3,False
2025-10-02 15:00:00,Kosovo,Kosovo,XK,590.34,643.32,20.76,20.75,15,2,10,3,False
2025-10-02 16:00:00,Kosovo,Kosovo,XK,591.27,645.98,19.78,19.78,16,2,10,3,False
2025-10-02 17:00:00,Kosovo,Kosovo,XK,631.54,687.71,14.84,14.83,17,2,10,3,False
2025-10-02 18:00:00,Kosovo,Kosovo,XK,625.53,682.13,15.28,15.28,18,2,10,3,False
2025-10-02 19:00:00,Kosovo,Kosovo,XK,688.74,744.88,8.99,8.99,19,2,10,3,False
2025-10-02 20:00:00,Kosovo,Kosovo,XK,759.72,819.71,0.04,0.04,20,2,10,3,False
2025-10-02 21:00:00,Kosovo,Kosovo,XK,760.0,820.0,0.0,0.0,21,2,10,3,False
2025-10-02 22:00:00,Kosovo,Kosovo,XK,760.0,820.0,0.0,0.0,22,2,10,3,False
2025-10-02 23:00:00,Kosovo,Kosovo,XK,760.0,820.0,0.0,0.0,23,2,10,3,False
2025-10-03 00:00:00,Kosovo,Kosovo,XK,760.0,820.0,0.0,0.0,0,3,10,4,False
2025-10-03 01:00:00,Kosovo,Kosovo,XK,760.0,820.0,0.0,0.0,1,3,10,4,False
2025-10-03 02:00:00,Kosovo,Kosovo,XK,760.0,820.0,0.0,0.0,2,3,10,4,False
2025-10-03 03:00:00,Kosovo,Kosovo,XK,760.0,820.0,0.0,0.0,3,3,10,4,False
2025-10-03 04:00:00,Kosovo,Kosovo,XK,760.0,820.0,0.0,0.0,4,3,10,4,False
2025-10-03 05:00:00,Kosovo,Kosovo,XK,760.0,820.0,0.0,0.0,5,3,10,4,False
2025-10-03 06:00:00,Kosovo,Kosovo,XK,760.0,820.0,0.0,0.0,6,3,10,4,False
2025-10-03 07:00:00,Kosovo,Kosovo,XK,760.0,820.0,0.0,0.0,7,3,10,4,False
2025-10-03 08:00:00,Kosovo,Kosovo,XK,760.0,820.0,0.0,0.0,8,3,10,4,False
2025-10-03 09:00:00,Kosovo,Kosovo,XK,760.0,820.0,0.0,0.0,9,3,10,4,False
2025-10-03 10:00:00,Kosovo,Kosovo,XK,760.0,820.0,0.0,0.0,10,3,10,4,False
2025-10-03 11:00:00,Kosovo,Kosovo,XK,760.0,820.0,0.0,0.0,11,3,10,4,False
2025-10-03 12:00:00,Kosovo,Kosovo,XK,760.0,820.0,0.0,0.0,12,3,10,4,False
2025-10-03 13:00:00,Kosovo,Kosovo,XK,760.0,820.0,0.0,0.0,13,3,10,4,False
2025-10-03 14:00:00,Kosovo,Kosovo,XK,760.0,820.0,0.0,0.0,14,3,10,4,False
2025-10-03 15:00:00,Kosovo,Kosovo,XK,631.14,682.92,16.96,16.96,15,3,10,4,False
2025-10-03 16:00:00,Kosovo,Kosovo,XK,586.12,634.93,22.88,22.88,16,3,10,4,False
2025-10-03 17:00:00,Kosovo,Kosovo,XK,601.58,651.38,20.85,20.85,17,3,10,4,False
2025-10-03 18:00:00,Kosovo,Kosovo,XK,612.02,662.42,19.47,19.47,18,3,10,4,False
2025-10-03 19:00:00,Kosovo,Kosovo,XK,618.88,669.73,18.57,18.57,19,3,10,4,False
2025-10-03 20:00:00,Kosovo,Kosovo,XK,715.27,772.46,5.87,5.72,20,3,10,4,False
2025-10-03 21:00:00,Kosovo,Kosovo,XK,748.74,808.22,1.46,1.0,21,3,10,4,False
2025-10-03 22:00:00,Kosovo,Kosovo,XK,745.9,805.48,1.82,1.14,22,3,10,4,False
2025-10-03 23:00:00,Kosovo,Kosovo,XK,741.27,800.61,2.41,1.69,23,3,10,4,False
2025-10-04 00:00:00,Kosovo,Kosovo,XK,760.0,820.0,0.0,0.0,0,4,10,5,False
2025-10-04 01:00:00,Kosovo,Kosovo,XK,760.0,820.0,0.0,0.0,1,4,10,5,False
2025-10-04 02:00:00,Kosovo,Kosovo,XK,744.74,804.26,1.94,1.48,2,4,10,5,False
2025-10-04 03:00:00,Kosovo,Kosovo,XK,746.49,806.13,1.7,1.23,3,4,10,5,False
2025-10-04 04:00:00,Kosovo,Kosovo,XK,760.0,820.0,0.0,0.0,4,4,10,5,False
2025-10-04 05:00:00,Kosovo,Kosovo,XK,760.0,820.0,0.0,0.0,5,4,10,5,False
2025-10-04 06:00:00,Kosovo,Kosovo,XK,760.0,820.0,0.0,0.0,6,4,10,5,False
2025-10-04 07:00:00,Kosovo,Kosovo,XK,760.0,820.0,0.0,0.0,7,4,10,5,False
2025-10-04 08:00:00,Kosovo,Kosovo,XK,760.0,820.0,0.0,0.0,8,4,10,5,False
2025-10-04 09:00:00,Kosovo,Kosovo,XK,760.0,820.0,0.0,0.0,9,4,10,5,False
2025-10-04 10:00:00,Kosovo,Kosovo,XK,760.0,820.0,0.0,0.0,10,4,10,5,False
2025-10-04 11:00:00,Kosovo,Kosovo,XK,760.0,820.0,0.0,0.0,11,4,10,5,False
2025-10-04 12:00:00,Kosovo,Kosovo,XK,760.0,820.0,0.0,0.0,12,4,10,5,False
2025-10-04 13:00:00,Kosovo,Kosovo,XK,760.0,820.0,0.0,0.0,13,4,10,5,False
2025-10-04 14:00:00,Kosovo,Kosovo,XK,760.0,820.0,0.0,0.0,14,4,10,5,False
2025-10-04 15:00:00,Kosovo,Kosovo,XK,760.0,820.0,0.0,0.0,15,4,10,5,False
2025-10-04 16:00:00,Kosovo,Kosovo,XK,760.0,820.0,0.0,0.0,16,4,10,5,False
2025-10-04 17:00:00,Kosovo,Kosovo,XK,760.0,820.0,0.0,0.0,17,4,10,5,False
2025-10-04 18:00:00,Kosovo,Kosovo,XK,760.0,820.0,0.0,0.0,18,4,10,5,False
2025-10-04 19:00:00,Kosovo,Kosovo,XK,760.0,820.0,0.0,0.0,19,4,10,5,False
2025-10-04 20:00:00,Kosovo,Kosovo,XK,760.0,820.0,0.0,0.0,20,4,10,5,False
2025-10-04 21:00:00,Kosovo,Kosovo,XK,760.0,820.0,0.0,0.0,21,4,10,5,False
2025-10-04 22:00:00,Kosovo,Kosovo,XK,760.0,820.0,0.0,0.0,22,4,10,5,False
2025-10-04 23:00:00,Kosovo,Kosovo,XK,760.0,820.0,0.0,0.0,23,4,10,5,False
2025-10-05 00:00:00,Kosovo,Kosovo,XK,760.0,820.0,0.0,0.0,0,5,10,6,False
2025-10-05 01:00:00,Kosovo,Kosovo,XK,760.0,820.0,0.0,0.0,1,5,10,6,False
2025-10-05 02:00:00,Kosovo,Kosovo,XK,760.0,820.0,0.0,0.0,2,5,10,6,False
2025-10-05 03:00:00,Kosovo,Kosovo,XK,760.0,820.0,0.0,0.0,3,5,10,6,False
2025-10-05 04:00:00,Kosovo,Kosovo,XK,760.0,820.0,0.0,0.0,4,5,10,6,False
2025-10-05 05:00:00,Kosovo,Kosovo,XK,760.0,820.0,0.0,0.0,5,5,10,6,False
2025-10-05 06:00:00,Kosovo,Kosovo,XK,760.0,820.0,0.0,0.0,6,5,10,6,False
2025-10-05 07:00:00,Kosovo,Kosovo,XK,760.0,820.0,0.0,0.0,7,5,10,6,False
2025-10-05 08:00:00,Kosovo,Kosovo,XK,760.0,820.0,0.0,0.0,8,5,10,6,False
2025-10-05 09:00:00,Kosovo,Kosovo,XK,760.0,820.0,0.0,0.0,9,5,10,6,False
2025-10-05 10:00:00,Kosovo,Kosovo,XK,760.0,820.0,0.0,0.0,10,5,10,6,False
2025-10-05 11:00:00,Kosovo,Kosovo,XK,760.0,820.0,0.0,0.0,11,5,10,6,False
2025-10-05 12:00:00,Kosovo,Kosovo,XK,760.0,820.0,0.0,0.0,12,5,10,6,False
2025-10-05 13:00:00,Kosovo,Kosovo,XK,760.0,820.0,0.0,0.0,13,5,10,6,False
2025-10-05 14:00:00,Kosovo,Kosovo,XK,760.0,820.0,0.0,0.0,14,5,10,6,False
2025-10-05 15:00:00,Kosovo,Kosovo,XK,661.81,715.52,12.92,12.92,15,5,10,6,False
2025-10-05 16:00:00,Kosovo,Kosovo,XK,641.95,694.35,15.53,15.53,16,5,10,6,False
2025-10-05 17:00:00,Kosovo,Kosovo,XK,625.1,676.41,17.75,17.75,17,5,10,6,False
2025-10-05 18:00:00,Kosovo,Kosovo,XK,634.16,686.0,16.56,16.56,18,5,10,6,False
2025-10-05 19:00:00,Kosovo,Kosovo,XK,646.84,699.5,14.89,14.89,19,5,10,6,False
2025-10-05 20:00:00,Kosovo,Kosovo,XK,671.6,725.87,11.63,11.63,20,5,10,6,False
2025-10-05 21:00:00,Kosovo,Kosovo,XK,726.67,784.51,4.39,4.39,21,5,10,6,False
2025-10-05 22:00:00,Kosovo,Kosovo,XK,760.0,820.0,0.0,0.0,22,5,10,6,False
2025-10-05 23:00:00,Kosovo,Kosovo,XK,760.0,820.0,0.0,0.0,23,5,10,6,False
2025-10-06 00:00:00,Kosovo,Kosovo,XK,760.0,820.0,0.0,0.0,0,6,10,0,False
2025-10-06 01:00:00,Kosovo,Kosovo,XK,760.0,820.0,0.0,0.0,1,6,10,0,False
2025-10-06 02:00:00,Kosovo,Kosovo,XK,760.0,820.0,0.0,0.0,2,6,10,0,False
2025-10-06 03:00:00,Kosovo,Kosovo,XK,760.0,820.0,0.0,0.0,3,6,10,0,False
2025-10-06 04:00:00,Kosovo,Kosovo,XK,760.0,820.0,0.0,0.0,4,6,10,0,False
2025-10-06 05:00:00,Kosovo,Kosovo,XK,760.0,820.0,0.0,0.0,5,6,10,0,False
2025-10-06 06:00:00,Kosovo,Kosovo,XK,760.0,820.0,0.0,0.0,6,6,10,0,False
2025-10-06 07:00:00,Kosovo,Kosovo,XK,760.0,820.0,0.0,0.0,7,6,10,0,False
2025-10-06 08:00:00,Kosovo,Kosovo,XK,760.0,820.0,0.0,0.0,8,6,10,0,False
2025-10-06 09:00:00,Kosovo,Kosovo,XK,760.0,820.0,0.0,0.0,9,6,10,0,False
2025-10-06 10:00:00,Kosovo,Kosovo,XK,760.0,820.0,0.0,0.0,10,6,10,0,False
2025-10-06 11:00:00,Kosovo,Kosovo,XK,760.0,820.0,0.0,0.0,11,6,10,0,False
2025-10-06 12:00:00,Kosovo,Kosovo,XK,760.0,820.0,0.0,0.0,12,6,10,0,False
2025-10-06 13:00:00,Kosovo,Kosovo,XK,760.0,820.0,0.0,0.0,13,6,10,0,False
2025-10-06 14:00:00,Kosovo,Kosovo,XK,760.0,820.0,0.0,0.0,14,6,10,0,False
2025-10-06 15:00:00,Kosovo,Kosovo,XK,760.0,820.0,0.0,0.0,15,6,10,0,False
2025-10-06 16:00:00,Kosovo,Kosovo,XK,760.0,820.0,0.0,0.0,16,6,10,0,False
2025-10-06 17:00:00,Kosovo,Kosovo,XK,760.0,820.0,0.0,0.0,17,6,10,0,False
2025-10-06 18:00:00,Kosovo,Kosovo,XK,760.0,820.0,0.0,0.0,18,6,10,0,False
2025-10-06 19:00:00,Kosovo,Kosovo,XK,760.0,820.0,0.0,0.0,19,6,10,0,False
2025-10-06 20:00:00,Kosovo,Kosovo,XK,760.0,820.0,0.0,0.0,20,6,10,0,False
2025-10-06 21:00:00,Kosovo,Kosovo,XK,760.0,820.0,0.0,0.0,21,6,10,0,False
2025-10-06 22:00:00,Kosovo,Kosovo,XK,682.41,746.59,4.83,4.82,22,6,10,0,False
2025-10-06 23:00:00,Kosovo,Kosovo,XK,686.14,750.15,4.58,4.58,23,6,10,0,False
2025-10-07 00:00:00,Kosovo,Kosovo,XK,685.67,748.45,5.39,5.39,0,7,10,1,False
2025-10-07 01:00:00,Kosovo,Kosovo,XK,701.53,763.42,4.4,4.4,1,7,10,1,False
2025-10-07 02:00:00,Kosovo,Kosovo,XK,706.49,767.91,4.21,4.21,2,7,10,1,False
2025-10-07 03:00:00,Kosovo,Kosovo,XK,714.93,776.14,3.54,3.54,3,7,10,1,False
2025-10-07 04:00:00,Kosovo,Kosovo,XK,684.8,745.76,6.6,6.6,4,7,10,1,False
2025-10-07 05:00:00,Kosovo,Kosovo,XK,636.62,695.8,12.4,12.39,5,7,10,1,False
2025-10-07 06:00:00,Kosovo,Kosovo,XK,601.05,657.26,17.81,17.79,6,7,10,1,False
2025-10-07 07:00:00,Kosovo,Kosovo,XK,567.7,620.97,23.0,22.97,7,7,10,1,False
2025-10-07 08:00:00,Kosovo,Kosovo,XK,562.67,614.92,24.19,24.14,8,7,10,1,False
2025-10-07 09:00:00,Kosovo,Kosovo,XK,559.04,610.03,25.35,25.23,9,7,10,1,False
2025-10-07 10:00:00,Kosovo,Kosovo,XK,581.4,632.77,23.04,22.86,10,7,10,1,False
2025-10-07 11:00:00,Kosovo,Kosovo,XK,603.71,656.78,19.87,19.7,11,7,10,1,False
2025-10-07 12:00:00,Kosovo,Kosovo,XK,624.85,679.84,16.68,16.52,12,7,10,1,False
2025-10-07 13:00:00,Kosovo,Kosovo,XK,632.18,689.71,14.32,14.23,13,7,10,1,False
2025-10-07 14:00:00,Kosovo,Kosovo,XK,610.54,666.7,17.06,17.04,14,7,10,1,False
2025-10-07 15:00:00,Kosovo,Kosovo,XK,533.84,584.55,27.23,27.21,15,7,10,1,False
2025-10-07 16:00:00,Kosovo,Kosovo,XK,548.17,600.71,24.51,24.47,16,7,10,1,False
2025-10-07 17:00:00,Kosovo,Kosovo,XK,583.99,640.16,18.69,18.62,17,7,10,1,False
2025-10-07 18:00:00,Kosovo,Kosovo,XK,578.06,632.78,20.21,20.16,18,7,10,1,False
2025-10-07 19:00:00,Kosovo,Kosovo,XK,615.81,673.28,14.94,14.89,19,7,10,1,False
2025-10-07 20:00:00,Kosovo,Kosovo,XK,658.19,716.05,10.97,10.68,20,7,10,1,False
2025-10-07 21:00:00,Kosovo,Kosovo,XK,681.05,743.31,6.29,5.46,21,7,10,1,False
2025-10-07 22:00:00,Kosovo,Kosovo,XK,629.35,692.44,10.77,9.95,22,7,10,1,False
2025-10-07 23:00:00,Kosovo,Kosovo,XK,639.86,703.29,9.46,9.24,23,7,10,1,False
2025-10-08 00:00:00,Kosovo,Kosovo,XK,652.68,716.49,7.99,7.87,0,8,10,2,False
2025-10-08 01:00:00,Kosovo,Kosovo,XK,652.02,715.98,7.96,7.85,1,8,10,2,False
2025-10-08 02:00:00,Kosovo,Kosovo,XK,649.34,713.08,8.35,8.23,2,8,10,2,False
2025-10-08 03:00:00,Kosovo,Kosovo,XK,693.05,755.9,4.66,4.64,3,8,10,2,False
2025-10-08 04:00:00,Kosovo,Kosovo,XK,713.01,774.33,3.61,3.6,4,8,10,2,False
2025-10-08 05:00:00,Kosovo,Kosovo,XK,670.35,731.55,7.77,7.73,5,8,10,2,False
2025-10-08 06:00:00,Kosovo,Kosovo,XK,642.34,702.74,11.1,11.07,6,8,10,2,False
2025-10-08 07:00:00,Kosovo,Kosovo,XK,638.4,697.18,12.55,12.55,7,8,10,2,False
2025-10-08 08:00:00,Kosovo,Kosovo,XK,613.95,672.22,15.44,15.41,8,8,10,2,False
2025-10-08 09:00:00,Kosovo,Kosovo,XK,634.29,692.66,13.29,13.27,9,8,10,2,False
2025-10-08 10:00:00,Kosovo,Kosovo,XK,628.11,684.23,15.18,15.18,10,8,10,2,False
2025-10-08 11:00:00,Kosovo,Kosovo,XK,644.84,702.44,12.65,12.65,11,8,10,2,False
2025-10-08 12:00:00,Kosovo,Kosovo,XK,664.99,724.65,9.47,9.47,12,8,10,2,False
2025-10-08 13:00:00,Kosovo,Kosovo,XK,670.56,731.26,8.28,8.28,13,8,10,2,False
2025-10-08 14:00:00,Kosovo,Kosovo,XK,638.58,695.97,13.08,13.06,14,8,10,2,False
2025-10-08 15:00:00,Kosovo,Kosovo,XK,514.41,561.57,31.1,31.09,15,8,10,2,False
2025-10-08 16:00:00,Kosovo,Kosovo,XK,541.86,592.72,26.3,26.2,16,8,10,2,False
2025-10-08 17:00:00,Kosovo,Kosovo,XK,570.17,623.81,21.6,21.42,17,8,10,2,False
2025-10-08 18:00:00,Kosovo,Kosovo,XK,563.39,615.19,23.69,23.43,18,8,10,2,False
2025-10-08 19:00:00,Kosovo,Kosovo,XK,602.47,655.32,19.27,19.1,19,8,10,2,False
2025-10-08 20:00:00,Kosovo,Kosovo,XK,701.57,759.89,6.59,6.16,20,8,10,2,False
2025-10-08 21:00:00,Kosovo,Kosovo,XK,657.02,716.8,10.51,7.75,21,8,10,2,False
2025-10-08 22:00:00,Kosovo,Kosovo,XK,617.91,681.52,11.97,9.28,22,8,10,2,False
2025-10-08 23:00:00,Kosovo,Kosovo,XK,629.1,692.59,10.97,8.24,23,8,10,2,False
2025-10-09 00:00:00,Kosovo,Kosovo,XK,622.99,687.31,10.95,8.76,0,9,10,3,False
2025-10-09 01:00:00,Kosovo,Kosovo,XK,631.89,695.77,10.35,8.19,1,9,10,3,False
2025-10-09 02:00:00,Kosovo,Kosovo,XK,645.18,708.09,9.7,7.31,2,9,10,3,False
2025-10-09 03:00:00,Kosovo,Kosovo,XK,701.3,761.08,6.08,4.63,3,9,10,3,False
2025-10-09 04:00:00,Kosovo,Kosovo,XK,732.42,791.62,3.26,2.83,4,9,10,3,False
2025-10-09 05:00:00,Kosovo,Kosovo,XK,617.74,678.17,13.43,12.67,5,9,10,3,False
2025-10-09 06:00:00,Kosovo,Kosovo,XK,571.22,631.19,18.63,18.44,6,9,10,3,False
2025-10-09 07:00:00,Kosovo,Kosovo,XK,545.33,602.08,23.63,23.31,7,9,10,3,False
2025-10-09 08:00:00,Kosovo,Kosovo,XK,533.7,590.51,25.09,24.58,8,9,10,3,False
2025-10-09 09:00:00,Kosovo,Kosovo,XK,521.31,576.28,27.57,26.9,9,9,10,3,False
2025-10-09 10:00:00,Kosovo,Kosovo,XK,520.16,574.97,27.8,27.24,10,9,10,3,False
2025-10-09 11:00:00,Kosovo,Kosovo,XK,519.49,574.81,27.61,27.15,11,9,10,3,False
2025-10-09 12:00:00,Kosovo,Kosovo,XK,533.82,591.04,24.92,24.46,12,9,10,3,False
2025-10-09 13:00:00,Kosovo,Kosovo,XK,562.41,622.58,20.04,19.64,13,9,10,3,False
2025-10-09 14:00:00,Kosovo,Kosovo,XK,629.66,692.46,11.32,10.9,14,9,10,3,False
2025-10-09 15:00:00,Kosovo,Kosovo,XK,602.32,657.59,18.32,18.13,15,9,10,3,False
2025-10-09 16:00:00,Kosovo,Kosovo,XK,620.76,676.41,16.06,15.75,16,9,10,3,False
2025-10-09 17:00:00,Kosovo,Kosovo,XK,651.43,707.43,12.72,12.48,17,9,10,3,False
2025-10-09 18:00:00,Kosovo,Kosovo,XK,645.29,700.73,13.64,13.4,18,9,10,3,False
2025-10-09 19:00:00,Kosovo,Kosovo,XK,696.77,755.61,6.66,6.37,19,9,10,3,False
2025-10-09 20:00:00,Kosovo,Kosovo,XK,727.93,787.8,3.25,2.75,20,9,10,3,False
2025-10-09 21:00:00,Kosovo,Kosovo,XK,702.13,761.68,6.03,4.41,21,9,10,3,False
2025-10-09 22:00:00,Kosovo,Kosovo,XK,677.54,737.12,8.72,5.59,22,9,10,3,False
2025-10-09 23:00:00,Kosovo,Kosovo,XK,682.74,741.92,8.55,5.19,23,9,10,3,False
2025-10-10 00:00:00,Kosovo,Kosovo,XK,709.36,767.51,6.53,4.37,0,10,10,4,False
2025-10-10 01:00:00,Kosovo,Kosovo,XK,708.84,767.07,6.57,4.35,1,10,10,4,False
2025-10-10 02:00:00,Kosovo,Kosovo,XK,721.03,779.78,4.97,3.31,2,10,10,4,False
2025-10-10 03:00:00,Kosovo,Kosovo,XK,739.82,799.23,2.52,1.97,3,10,10,4,False
2025-10-10 04:00:00,Kosovo,Kosovo,XK,750.7,810.35,1.18,1.02,4,10,10,4,False
2025-10-10 05:00:00,Kosovo,Kosovo,XK,615.87,676.2,13.72,12.75,5,10,10,4,False
2025-10-10 06:00:00,Kosovo,Kosovo,XK,540.68,600.16,22.0,21.64,6,10,10,4,False
2025-10-10 07:00:00,Kosovo,Kosovo,XK,508.18,564.14,28.08,26.47,7,10,10,4,False
2025-10-10 08:00:00,Kosovo,Kosovo,XK,498.39,552.75,30.32,28.3,8,10,10,4,False
2025-10-10 09:00:00,Kosovo,Kosovo,XK,499.16,554.22,29.78,28.36,9,10,10,4,False
2025-10-10 10:00:00,Kosovo,Kosovo,XK,499.16,553.55,30.26,28.61,10,10,10,4,False
2025-10-10 11:00:00,Kosovo,Kosovo,XK,505.99,561.04,29.12,27.6,11,10,10,4,False
2025-10-10 12:00:00,Kosovo,Kosovo,XK,527.6,584.65,25.58,24.26,12,10,10,4,False
2025-10-10 13:00:00,Kosovo,Kosovo,XK,566.39,627.07,19.21,18.25,13,10,10,4,False
2025-10-10 14:00:00,Kosovo,Kosovo,XK,638.43,701.93,9.69,9.57,14,10,10,4,False
2025-10-10 15:00:00,Kosovo,Kosovo,XK,589.5,644.05,20.01,19.92,15,10,10,4,False
2025-10-10 16:00:00,Kosovo,Kosovo,XK,583.73,637.31,20.83,20.6,16,10,10,4,False
2025-10-10 17:00:00,Kosovo,Kosovo,XK,595.93,649.47,19.57,19.35,17,10,10,4,False
2025-10-10 18:00:00,Kosovo,Kosovo,XK,611.39,665.08,17.97,17.77,18,10,10,4,False
2025-10-10 19:00:00,Kosovo,Kosovo,XK,631.2,686.56,15.2,14.92,19,10,10,4,False
2025-10-10 20:00:00,Kosovo,Kosovo,XK,663.71,720.12,11.47,11.18,20,10,10,4,False
2025-10-10 21:00:00,Kosovo,Kosovo,XK,626.01,678.67,17.41,15.97,21,10,10,4,False
2025-10-10 22:00:00,Kosovo,Kosovo,XK,699.95,757.54,7.7,5.93,22,10,10,4,False
2025-10-10 23:00:00,Kosovo,Kosovo,XK,696.26,754.61,7.59,5.56,23,10,10,4,False
2025-10-11 00:00:00,Kosovo,Kosovo,XK,681.12,741.1,8.04,5.58,0,11,10,5,False
2025-10-11 01:00:00,Kosovo,Kosovo,XK,665.24,725.44,9.46,6.64,1,11,10,5,False
2025-10-11 02:00:00,Kosovo,Kosovo,XK,682.96,742.23,8.27,5.91,2,11,10,5,False
2025-10-11 03:00:00,Kosovo,Kosovo,XK,697.31,755.96,7.24,5.24,3,11,10,5,False
2025-10-11 04:00:00,Kosovo,Kosovo,XK,705.55,764.47,6.22,4.62,4,11,10,5,False
2025-10-11 05:00:00,Kosovo,Kosovo,XK,601.7,663.03,14.45,13.99,5,11,10,5,False
2025-10-11 06:00:00,Kosovo,Kosovo,XK,544.13,602.54,22.26,21.78,6,11,10,5,False
2025-10-11 07:00:00,Kosovo,Kosovo,XK,509.08,564.42,27.93,26.54,7,11,10,5,False
2025-10-11 08:00:00,Kosovo,Kosovo,XK,494.16,549.44,29.87,28.36,8,11,10,5,False
2025-10-11 09:00:00,Kosovo,Kosovo,XK,508.63,564.28,28.26,27.07,9,11,10,5,False
2025-10-11 10:00:00,Kosovo,Kosovo,XK,522.45,578.36,26.64,26.0,10,11,10,5,False
2025-10-11 11:00:00,Kosovo,Kosovo,XK,523.16,578.17,27.14,25.59,11,11,10,5,False
2025-10-11 12:00:00,Kosovo,Kosovo,XK,525.34,581.02,26.44,24.92,12,11,10,5,False
2025-10-11 13:00:00,Kosovo,Kosovo,XK,509.81,566.41,27.12,26.13,13,11,10,5,False
2025-10-11 14:00:00,Kosovo,Kosovo,XK,572.17,631.44,18.8,18.1,14,11,10,5,False
2025-10-11 15:00:00,Kosovo,Kosovo,XK,590.07,645.76,19.05,18.97,15,11,10,5,False
2025-10-11 16:00:00,Kosovo,Kosovo,XK,556.52,610.24,23.14,22.77,16,11,10,5,False
2025-10-11 17:00:00,Kosovo,Kosovo,XK,569.55,624.4,20.78,20.46,17,11,10,5,False
2025-10-11 18:00:00,Kosovo,Kosovo,XK,592.96,649.85,17.19,17.04,18,11,10,5,False
2025-10-11 19:00:00,Kosovo,Kosovo,XK,621.95,681.27,13.08,12.92,19,11,10,5,False
2025-10-11 20:00:00,Kosovo,Kosovo,XK,615.79,677.55,12.49,11.82,20,11,10,5,False
2025-10-11 21:00:00,Kosovo,Kosovo,XK,588.93,648.66,16.44,14.69,21,11,10,5,False
2025-10-11 22:00:00,Kosovo,Kosovo,XK,574.79,633.67,18.75,16.13,22,11,10,5,False
2025-10-11 23:00:00,Kosovo,Kosovo,XK,575.85,634.32,18.82,16.54,23,11,10,5,False
2025-10-12 00:00:00,Kosovo,Kosovo,XK,579.53,639.05,17.85,15.6,0,12,10,6,False
2025-10-12 01:00:00,Kosovo,Kosovo,XK,575.47,634.81,18.33,16.13,1,12,10,6,False
2025-10-12 02:00:00,Kosovo,Kosovo,XK,598.12,659.07,15.16,13.38,2,12,10,6,False
2025-10-12 03:00:00,Kosovo,Kosovo,XK,629.92,690.85,12.18,9.95,3,12,10,6,False
2025-10-12 04:00:00,Kosovo,Kosovo,XK,622.85,684.97,12.06,10.52,4,12,10,6,False
2025-10-12 05:00:00,Kosovo,Kosovo,XK,576.44,637.3,17.57,15.95,5,12,10,6,False
2025-10-12 06:00:00,Kosovo,Kosovo,XK,524.27,581.02,25.67,23.49,6,12,10,6,False
2025-10-12 07:00:00,Kosovo,Kosovo,XK,509.59,565.13,28.31,25.79,7,12,10,6,False
2025-10-12 08:00:00,Kosovo,Kosovo,XK,498.26,552.26,30.51,28.19,8,12,10,6,False
2025-10-12 09:00:00,Kosovo,Kosovo,XK,516.11,571.02,28.17,26.18,9,12,10,6,False
2025-10-12 10:00:00,Kosovo,Kosovo,XK,523.34,578.24,27.49,25.6,10,12,10,6,False
2025-10-12 11:00:00,Kosovo,Kosovo,XK,528.31,583.42,26.75,25.57,11,12,10,6,False
2025-10-12 12:00:00,Kosovo,Kosovo,XK,554.23,611.48,22.58,22.14,12,12,10,6,False
2025-10-12 13:00:00,Kosovo,Kosovo,XK,595.78,656.01,16.4,16.2,13,12,10,6,False
2025-10-12 14:00:00,Kosovo,Kosovo,XK,650.12,712.25,9.65,9.54,14,12,10,6,False
2025-10-12 15:00:00,Kosovo,Kosovo,XK,614.2,669.68,17.16,16.86,15,12,10,6,False
2025-10-12 16:00:00,Kosovo,Kosovo,XK,618.4,673.68,16.47,16.03,16,12,10,6,False
2025-10-12 17:00:00,Kosovo,Kosovo,XK,601.45,655.53,18.7,18.25,17,12,10,6,False
2025-10-12 18:00:00,Kosovo,Kosovo,XK,593.04,646.22,20.01,19.47,18,12,10,6,False
2025-10-12 19:00:00,Kosovo,Kosovo,XK,642.75,696.47,14.97,14.16,19,12,10,6,False
2025-10-12 20:00:00,Kosovo,Kosovo,XK,679.34,737.01,9.57,7.5,20,12,10,6,False
2025-10-12 21:00:00,Kosovo,Kosovo,XK,660.99,718.73,11.42,8.29,21,12,10,6,False
2025-10-12 22:00:00,Kosovo,Kosovo,XK,680.11,739.37,8.6,6.03,22,12,10,6,False
2025-10-12 23:00:00,Kosovo,Kosovo,XK,690.15,749.69,7.32,5.43,23,12,10,6,False
2025-10-13 00:00:00,Kosovo,Kosovo,XK,708.36,769.03,4.84,3.33,0,13,10,0,False
2025-10-13 01:00:00,Kosovo,Kosovo,XK,722.19,783.49,3.04,2.11,1,13,10,0,False
2025-10-13 02:00:00,Kosovo,Kosovo,XK,745.86,806.15,1.29,1.01,2,13,10,0,False
2025-10-13 03:00:00,Kosovo,Kosovo,XK,693.09,754.97,6.02,5.44,3,13,10,0,False
2025-10-13 04:00:00,Kosovo,Kosovo,XK,567.66,624.51,21.02,20.57,4,13,10,0,False
2025-10-13 05:00:00,Kosovo,Kosovo,XK,606.08,664.08,16.36,16.17,5,13,10,0,False
2025-10-13 06:00:00,Kosovo,Kosovo,XK,604.61,663.37,16.18,16.1,6,13,10,0,False
2025-10-13 07:00:00,Kosovo,Kosovo,XK,574.64,630.55,21.02,20.94,7,13,10,0,False
2025-10-13 08:00:00,Kosovo,Kosovo,XK,565.69,620.75,22.65,22.47,8,13,10,0,False
2025-10-13 09:00:00,Kosovo,Kosovo,XK,571.52,626.66,22.09,21.81,9,13,10,0,False
2025-10-13 10:00:00,Kosovo,Kosovo,XK,575.57,631.14,21.51,21.19,10,13,10,0,False
2025-10-13 11:00:00,Kosovo,Kosovo,XK,584.16,640.79,19.94,19.63,11,13,10,0,False
2025-10-13 12:00:00,Kosovo,Kosovo,XK,599.54,656.75,17.95,17.67,12,13,10,0,False
2025-10-13 13:00:00,Kosovo,Kosovo,XK,634.42,694.04,13.0,12.81,13,13,10,0,False
2025-10-13 14:00:00,Kosovo,Kosovo,XK,606.97,661.27,18.48,18.06,14,13,10,0,False
2025-10-13 15:00:00,Kosovo,Kosovo,XK,447.74,492.55,38.8,38.61,15,13,10,0,False
2025-10-13 16:00:00,Kosovo,Kosovo,XK,459.66,505.03,37.13,36.89,16,13,10,0,False
2025-10-13 17:00:00,Kosovo,Kosovo,XK,453.01,497.95,37.96,37.77,17,13,10,0,False
2025-10-13 18:00:00,Kosovo,Kosovo,XK,450.06,495.01,38.25,37.97,18,13,10,0,False
2025-10-13 19:00:00,Kosovo,Kosovo,XK,469.11,515.77,35.57,35.12,19,13,10,0,False
2025-10-13 20:00:00,Kosovo,Kosovo,XK,490.85,541.05,31.81,30.41,20,13,10,0,False
2025-10-13 21:00:00,Kosovo,Kosovo,XK,491.79,540.6,32.48,31.2,21,13,10,0,False
2025-10-13 22:00:00,Kosovo,Kosovo,XK,656.76,716.77,10.94,7.07,22,13,10,0,False
2025-10-13 23:00:00,Kosovo,Kosovo,XK,681.57,741.75,8.16,5.68,23,13,10,0,False
2025-10-14 00:00:00,Kosovo,Kosovo,XK,698.88,759.63,5.9,4.58,0,14,10,1,False
2025-10-14 01:00:00,Kosovo,Kosovo,XK,706.34,767.45,4.89,3.94,1,14,10,1,False
2025-10-14 02:00:00,Kosovo,Kosovo,XK,714.35,772.7,5.74,4.78,2,14,10,1,False
2025-10-14 03:00:00,Kosovo,Kosovo,XK,566.66,624.1,21.14,20.05,3,14,10,1,False
2025-10-14 04:00:00,Kosovo,Kosovo,XK,451.67,503.39,35.14,34.47,4,14,10,1,False
2025-10-14 05:00:00,Kosovo,Kosovo,XK,462.63,515.03,33.23,32.99,5,14,10,1,False
2025-10-14 06:00:00,Kosovo,Kosovo,XK,440.99,493.25,35.87,35.79,6,14,10,1,False
2025-10-14 07:00:00,Kosovo,Kosovo,XK,469.99,522.43,33.33,33.11,7,14,10,1,False
2025-10-14 08:00:00,Kosovo,Kosovo,XK,520.26,574.95,27.7,26.66,8,14,10,1,False
2025-10-14 09:00:00,Kosovo,Kosovo,XK,510.69,565.22,28.92,27.98,9,14,10,1,False
2025-10-14 10:00:00,Kosovo,Kosovo,XK,523.04,577.33,27.75,27.04,10,14,10,1,False
2025-10-14 11:00:00,Kosovo,Kosovo,XK,526.8,581.59,27.03,26.43,11,14,10,1,False
2025-10-14 12:00:00,Kosovo,Kosovo,XK,556.19,612.95,23.17,22.52,12,14,10,1,False
2025-10-14 13:00:00,Kosovo,Kosovo,XK,558.98,617.21,21.73,21.34,13,14,10,1,False
2025-10-14 14:00:00,Kosovo,Kosovo,XK,440.68,487.82,38.6,38.31,14,14,10,1,False
2025-10-14 15:00:00,Kosovo,Kosovo,XK,342.64,380.69,52.56,52.27,15,14,10,1,False
2025-10-14 16:00:00,Kosovo,Kosovo,XK,360.11,398.85,50.25,49.91,16,14,10,1,False
2025-10-14 17:00:00,Kosovo,Kosovo,XK,377.83,417.68,47.89,47.56,17,14,10,1,False
2025-10-14 18:00:00,Kosovo,Kosovo,XK,374.14,414.04,48.27,47.9,18,14,10,1,False
2025-10-14 19:00:00,Kosovo,Kosovo,XK,397.77,439.74,44.99,44.54,19,14,10,1,False
2025-10-14 20:00:00,Kosovo,Kosovo,XK,471.7,519.72,35.07,33.36,20,14,10,1,False
2025-10-14 21:00:00,Kosovo,Kosovo,XK,497.51,548.46,31.1,29.21,21,14,10,1,False
2025-10-14 22:00:00,Kosovo,Kosovo,XK,615.88,675.19,15.38,12.64,22,14,10,1,False
2025-10-14 23:00:00,Kosovo,Kosovo,XK,658.44,719.98,10.08,7.37,23,14,10,1,False
2025-10-15 00:00:00,Kosovo,Kosovo,XK,684.5,746.87,6.72,5.05,0,15,10,2,False
2025-10-15 01:00:00,Kosovo,Kosovo,XK,690.14,752.05,6.54,5.2,1,15,10,2,False
2025-10-15 02:00:00,Kosovo,Kosovo,XK,671.96,736.63,7.06,5.87,2,15,10,2,False
2025-10-15 03:00:00,Kosovo,Kosovo,XK,563.5,624.06,19.97,18.66,3,15,10,2,False
2025-10-15 04:00:00,Kosovo,Kosovo,XK,432.05,481.51,38.09,37.5,4,15,10,2,False
2025-10-15 05:00:00,Kosovo,Kosovo,XK,467.6,518.96,33.51,33.06,5,15,10,2,False
2025-10-15 06:00:00,Kosovo,Kosovo,XK,496.75,553.45,27.79,27.56,6,15,10,2,False
2025-10-15 07:00:00,Kosovo,Kosovo,XK,483.29,537.37,31.15,30.91,7,15,10,2,False
2025-10-15 08:00:00,Kosovo,Kosovo,XK,504.97,558.63,29.92,29.28,8,15,10,2,False
2025-10-15 09:00:00,Kosovo,Kosovo,XK,521.29,575.99,27.94,27.15,9,15,10,2,False
2025-10-15 10:00:00,Kosovo,Kosovo,XK,515.99,570.17,29.01,27.99,10,15,10,2,False
2025-10-15 11:00:00,Kosovo,Kosovo,XK,536.04,590.78,26.55,25.5,11,15,10,2,False
2025-10-15 12:00:00,Kosovo,Kosovo,XK,566.65,624.54,21.19,20.8,12,15,10,2,False
2025-10-15 13:00:00,Kosovo,Kosovo,XK,486.35,541.5,30.29,29.93,13,15,10,2,False
2025-10-15 14:00:00,Kosovo,Kosovo,XK,460.16,511.54,34.48,34.2,14,15,10,2,False
2025-10-15 15:00:00,Kosovo,Kosovo,XK,365.17,407.82,48.18,47.92,15,15,10,2,False
2025-10-15 16:00:00,Kosovo,Kosovo,XK,350.32,391.28,50.29,49.99,16,15,10,2,False
2025-10-15 17:00:00,Kosovo,Kosovo,XK,363.4,402.81,49.61,49.37,17,15,10,2,False
2025-10-15 18:00:00,Kosovo,Kosovo,XK,366.91,406.92,49.09,48.78,18,15,10,2,False
2025-10-15 19:00:00,Kosovo,Kosovo,XK,375.03,418.35,46.64,46.26,19,15,10,2,False
2025-10-15 20:00:00,Kosovo,Kosovo,XK,419.34,466.87,40.38,39.75,20,15,10,2,False
2025-10-15 21:00:00,Kosovo,Kosovo,XK,442.15,491.55,37.14,36.65,21,15,10,2,False
2025-10-15 22:00:00,Kosovo,Kosovo,XK,626.04,683.13,15.24,13.45,22,15,10,2,False
2025-10-15 23:00:00,Kosovo,Kosovo,XK,688.26,748.45,7.28,5.95,23,15,10,2,False
2025-10-16 00:00:00,Kosovo,Kosovo,XK,706.82,767.16,5.35,4.25,0,16,10,3,False
2025-10-16 01:00:00,Kosovo,Kosovo,XK,706.09,767.25,4.83,4.18,1,16,10,3,False
2025-10-16 02:00:00,Kosovo,Kosovo,XK,704.3,766.03,4.53,4.28,2,16,10,3,False
2025-10-16 03:00:00,Kosovo,Kosovo,XK,691.85,750.89,7.74,7.29,3,16,10,3,False
2025-10-16 04:00:00,Kosovo,Kosovo,XK,552.41,608.27,23.21,23.04,4,16,10,3,False
2025-10-16 05:00:00,Kosovo,Kosovo,XK,515.48,568.04,28.29,28.21,5,16,10,3,False
2025-10-16 06:00:00,Kosovo,Kosovo,XK,500.46,552.27,30.17,29.98,6,16,10,3,False
2025-10-16 07:00:00,Kosovo,Kosovo,XK,562.6,616.68,22.74,22.45,7,16,10,3,False
2025-10-16 08:00:00,Kosovo,Kosovo,XK,574.69,629.84,21.4,20.24,8,16,10,3,False
2025-10-16 09:00:00,Kosovo,Kosovo,XK,587.36,643.57,19.74,18.32,9,16,10,3,False
2025-10-16 10:00:00,Kosovo,Kosovo,XK,593.3,648.64,19.53,18.41,10,16,10,3,False
2025-10-16 11:00:00,Kosovo,Kosovo,XK,595.99,651.76,19.03,17.82,11,16,10,3,False
2025-10-16 12:00:00,Kosovo,Kosovo,XK,609.62,666.08,17.13,16.18,12,16,10,3,False
2025-10-16 13:00:00,Kosovo,Kosovo,XK,583.42,639.21,19.8,18.98,13,16,10,3,False
2025-10-16 14:00:00,Kosovo,Kosovo,XK,510.99,563.37,28.95,28.62,14,16,10,3,False
2025-10-16 15:00:00,Kosovo,Kosovo,XK,405.81,450.02,43.27,43.2,15,16,10,3,False
2025-10-16 16:00:00,Kosovo,Kosovo,XK,416.31,461.56,41.41,41.2,16,16,10,3,False
2025-10-16 17:00:00,Kosovo,Kosovo,XK,430.38,476.17,39.57,39.31,17,16,10,3,False
2025-10-16 18:00:00,Kosovo,Kosovo,XK,445.56,492.19,37.81,37.64,18,16,10,3,False
2025-10-16 19:00:00,Kosovo,Kosovo,XK,471.59,519.85,34.48,34.3,19,16,10,3,False
2025-10-16 20:00:00,Kosovo,Kosovo,XK,512.93,565.07,28.37,27.99,20,16,10,3,False
2025-10-16 21:00:00,Kosovo,Kosovo,XK,591.47,646.14,19.22,18.47,21,16,10,3,False
2025-10-16 22:00:00,Kosovo,Kosovo,XK,701.68,761.86,5.73,4.77,22,16,10,3,False
2025-10-16 23:00:00,Kosovo,Kosovo,XK,746.01,805.96,1.45,1.2,23,16,10,3,False
2025-10-17 00:00:00,Kosovo,Kosovo,XK,754.41,814.65,0.39,0.39,0,17,10,4,False
2025-10-17 01:00:00,Kosovo,Kosovo,XK,758.6,818.67,0.09,0.09,1,17,10,4,False
2025-10-17 02:00:00,Kosovo,Kosovo,XK,760.0,820.0,0.0,0.0,2,17,10,4,False
2025-10-17 03:00:00,Kosovo,Kosovo,XK,755.29,815.08,0.6,0.55,3,17,10,4,False
2025-10-17 04:00:00,Kosovo,Kosovo,XK,672.05,732.33,8.81,8.66,4,17,10,4,False
2025-10-17 05:00:00,Kosovo,Kosovo,XK,654.32,713.9,10.89,10.68,5,17,10,4,False
2025-10-17 06:00:00,Kosovo,Kosovo,XK,675.37,733.75,9.41,9.2,6,17,10,4,False
2025-10-17 07:00:00,Kosovo,Kosovo,XK,708.67,770.79,3.68,3.63,7,17,10,4,False
2025-10-17 08:00:00,Kosovo,Kosovo,XK,679.79,742.58,6.33,5.74,8,17,10,4,False
2025-10-17 09:00:00,Kosovo,Kosovo,XK,680.98,742.64,7.06,5.97,9,17,10,4,False
2025-10-17 10:00:00,Kosovo,Kosovo,XK,703.37,763.5,5.86,4.56,10,17,10,4,False
2025-10-17 11:00:00,Kosovo,Kosovo,XK,710.69,769.96,5.69,4.27,11,17,10,4,False
2025-10-17 12:00:00,Kosovo,Kosovo,XK,718.38,777.49,4.97,3.96,12,17,10,4,False
2025-10-17 13:00:00,Kosovo,Kosovo,XK,709.78,769.49,5.36,4.88,13,17,10,4,False
2025-10-17 14:00:00,Kosovo,Kosovo,XK,607.33,663.74,17.52,17.28,14,17,10,4,False
2025-10-17 15:00:00,Kosovo,Kosovo,XK,511.09,559.01,30.89,30.76,15,17,10,4,False
2025-10-17 16:00:00,Kosovo,Kosovo,XK,519.66,567.67,29.93,29.75,16,17,10,4,False
2025-10-17 17:00:00,Kosovo,Kosovo,XK,524.58,572.63,29.37,29.17,17,17,10,4,False
2025-10-17 18:00:00,Kosovo,Kosovo,XK,538.19,587.44,27.42,27.19,18,17,10,4,False
2025-10-17 19:00:00,Kosovo,Kosovo,XK,521.72,571.03,29.11,28.74,19,17,10,4,False
2025-10-17 20:00:00,Kosovo,Kosovo,XK,505.64,554.43,31.07,30.38,20,17,10,4,False
2025-10-17 21:00:00,Kosovo,Kosovo,XK,585.89,638.97,20.66,19.21,21,17,10,4,False
2025-10-17 22:00:00,Kosovo,Kosovo,XK,675.66,736.14,8.65,4.64,22,17,10,4,False
2025-10-17 23:00:00,Kosovo,Kosovo,XK,675.57,734.22,9.9,5.66,23,17,10,4,False
2025-10-18 00:00:00,Kosovo,Kosovo,XK,682.98,741.63,9.07,5.39,0,18,10,5,False
2025-10-18 01:00:00,Kosovo,Kosovo,XK,693.13,751.86,8.0,4.77,1,18,10,5,False
2025-10-18 02:00:00,Kosovo,Kosovo,XK,696.68,755.18,7.86,4.7,2,18,10,5,False
2025-10-18 03:00:00,Kosovo,Kosovo,XK,690.77,749.17,8.53,5.32,3,18,10,5,False
2025-10-18 04:00:00,Kosovo,Kosovo,XK,664.65,724.32,10.44,8.1,4,18,10,5,False
2025-10-18 05:00:00,Kosovo,Kosovo,XK,677.15,736.33,9.15,7.47,5,18,10,5,False
2025-10-18 06:00:00,Kosovo,Kosovo,XK,643.2,703.79,11.23,9.44,6,18,10,5,False
2025-10-18 07:00:00,Kosovo,Kosovo,XK,592.51,653.02,16.33,14.23,7,18,10,5,False
2025-10-18 08:00:00,Kosovo,Kosovo,XK,550.12,609.56,20.99,19.9,8,18,10,5,False
2025-10-18 09:00:00,Kosovo,Kosovo,XK,542.28,601.62,21.95,20.88,9,18,10,5,False
2025-10-18 10:00:00,Kosovo,Kosovo,XK,571.44,630.14,19.58,19.07,10,18,10,5,False
2025-10-18 11:00:00,Kosovo,Kosovo,XK,559.98,616.29,22.25,21.63,11,18,10,5,False
2025-10-18 12:00:00,Kosovo,Kosovo,XK,573.51,630.83,20.31,19.65,12,18,10,5,False
2025-10-18 13:00:00,Kosovo,Kosovo,XK,570.24,627.47,20.55,19.88,13,18,10,5,False
2025-10-18 14:00:00,Kosovo,Kosovo,XK,518.21,571.08,28.33,27.58,14,18,10,5,False
2025-10-18 15:00:00,Kosovo,Kosovo,XK,463.94,512.82,35.5,34.89,15,18,10,5,False
2025-10-18 16:00:00,Kosovo,Kosovo,XK,444.98,493.23,37.18,36.44,16,18,10,5,False
2025-10-18 17:00:00,Kosovo,Kosovo,XK,460.87,509.76,35.11,34.4,17,18,10,5,False
2025-10-18 18:00:00,Kosovo,Kosovo,XK,487.25,537.46,31.97,31.11,18,18,10,5,False
2025-10-18 19:00:00,Kosovo,Kosovo,XK,543.45,594.63,26.17,25.38,19,18,10,5,False
2025-10-18 20:00:00,Kosovo,Kosovo,XK,602.23,655.49,19.29,17.58,20,18,10,5,False
2025-10-18 21:00:00,Kosovo,Kosovo,XK,628.27,685.99,14.53,11.13,21,18,10,5,False
2025-10-18 22:00:00,Kosovo,Kosovo,XK,637.77,697.68,12.6,7.88,22,18,10,5,False
2025-10-18 23:00:00,Kosovo,Kosovo,XK,645.26,702.89,13.39,8.07,23,18,10,5,False
2025-10-19 00:00:00,Kosovo,Kosovo,XK,649.61,707.82,12.48,7.51,0,19,10,6,False
2025-10-19 01:00:00,Kosovo,Kosovo,XK,649.35,707.94,12.24,7.35,1,19,10,6,False
2025-10-19 02:00:00,Kosovo,Kosovo,XK,658.57,717.15,11.24,6.94,2,19,10,6,False
2025-10-19 03:00:00,Kosovo,Kosovo,XK,666.95,725.79,10.21,6.46,3,19,10,6,False
2025-10-19 04:00:00,Kosovo,Kosovo,XK,694.33,753.18,7.5,5.07,4,19,10,6,False
2025-10-19 05:00:00,Kosovo,Kosovo,XK,681.44,739.92,9.17,5.93,5,19,10,6,False
2025-10-19 06:00:00,Kosovo,Kosovo,XK,618.28,676.92,15.47,10.24,6,19,10,6,False
2025-10-19 07:00:00,Kosovo,Kosovo,XK,554.66,610.54,23.81,16.82,7,19,10,6,False
2025-10-19 08:00:00,Kosovo,Kosovo,XK,544.75,599.22,26.0,18.01,8,19,10,6,False
2025-10-19 09:00:00,Kosovo,Kosovo,XK,557.68,611.77,25.0,17.88,9,19,10,6,False
2025-10-19 10:00:00,Kosovo,Kosovo,XK,575.23,630.29,22.6,15.95,10,19,10,6,False
2025-10-19 11:00:00,Kosovo,Kosovo,XK,597.57,653.62,19.84,13.52,11,19,10,6,False
2025-10-19 12:00:00,Kosovo,Kosovo,XK,605.03,661.05,19.12,12.7,12,19,10,6,False
2025-10-19 13:00:00,Kosovo,Kosovo,XK,619.84,676.97,16.75,11.07,13,19,10,6,False
2025-10-19 14:00:00,Kosovo,Kosovo,XK,636.36,694.73,14.39,11.2,14,19,10,6,False
2025-10-19 15:00:00,Kosovo,Kosovo,XK,518.29,570.42,28.56,27.69,15,19,10,6,False
2025-10-19 16:00:00,Kosovo,Kosovo,XK,502.05,552.92,30.36,29.19,16,19,10,6,False
2025-10-19 17:00:00,Kosovo,Kosovo,XK,501.56,551.94,30.3,29.15,17,19,10,6,False
2025-10-19 18:00:00,Kosovo,Kosovo,XK,517.47,568.05,28.88,27.68,18,19,10,6,False
2025-10-19 19:00:00,Kosovo,Kosovo,XK,551.94,603.75,25.13,23.49,19,19,10,6,False
2025-10-19 20:00:00,Kosovo,Kosovo,XK,586.57,640.59,20.9,17.8,20,19,10,6,False
2025-10-19 21:00:00,Kosovo,Kosovo,XK,626.48,684.69,14.66,10.48,21,19,10,6,False
2025-10-19 22:00:00,Kosovo,Kosovo,XK,669.97,731.14,8.87,4.61,22,19,10,6,False
2025-10-19 23:00:00,Kosovo,Kosovo,XK,691.83,752.24,7.16,3.75,23,19,10,6,False
2025-10-20 00:00:00,Kosovo,Kosovo,XK,698.54,757.58,7.24,4.7,0,20,10,0,False
2025-10-20 01:00:00,Kosovo,Kosovo,XK,706.07,764.85,6.69,4.39,1,20,10,0,False
2025-10-20 02:00:00,Kosovo,Kosovo,XK,705.52,766.02,5.48,3.62,2,20,10,0,False
2025-10-20 03:00:00,Kosovo,Kosovo,XK,714.48,773.77,5.25,4.33,3,20,10,0,False
2025-10-20 04:00:00,Kosovo,Kosovo,XK,636.38,695.67,12.85,12.38,4,20,10,0,False
2025-10-20 05:00:00,Kosovo,Kosovo,XK,667.68,728.9,8.25,8.01,5,20,10,0,False
2025-10-20 06:00:00,Kosovo,Kosovo,XK,590.46,648.53,17.89,15.88,6,20,10,0,False
2025-10-20 07:00:00,Kosovo,Kosovo,XK,552.98,611.3,22.0,17.93,7,20,10,0,False
2025-10-20 08:00:00,Kosovo,Kosovo,XK,546.7,604.8,23.25,17.35,8,20,10,0,False
2025-10-20 09:00:00,Kosovo,Kosovo,XK,553.03,610.13,23.45,16.85,9,20,10,0,False
2025-10-20 10:00:00,Kosovo,Kosovo,XK,568.84,624.96,22.62,15.52,10,20,10,0,False
2025-10-20 11:00:00,Kosovo,Kosovo,XK,566.92,625.76,20.99,15.05,11,20,10,0,False
2025-10-20 12:00:00,Kosovo,Kosovo,XK,581.95,641.46,19.04,12.98,12,20,10,0,False
2025-10-20 13:00:00,Kosovo,Kosovo,XK,628.13,687.64,14.21,8.76,13,20,10,0,False
2025-10-20 14:00:00,Kosovo,Kosovo,XK,559.16,615.91,22.1,21.4,14,20,10,0,False
2025-10-20 15:00:00,Kosovo,Kosovo,XK,434.97,482.13,39.1,38.72,15,20,10,0,False
2025-10-20 16:00:00,Kosovo,Kosovo,XK,425.44,468.98,41.59,41.25,16,20,10,0,False
2025-10-20 17:00:00,Kosovo,Kosovo,XK,433.28,477.23,40.56,40.16,17,20,10,0,False
2025-10-20 18:00:00,Kosovo,Kosovo,XK,455.97,501.85,37.44,36.85,18,20,10,0,False
2025-10-20 19:00:00,Kosovo,Kosovo,XK,476.56,524.44,34.57,33.63,19,20,10,0,False
2025-10-20 20:00:00,Kosovo,Kosovo,XK,518.68,571.28,28.27,27.28,20,20,10,0,False
2025-10-20 21:00:00,Kosovo,Kosovo,XK,591.1,646.61,19.65,18.32,21,20,10,0,False
2025-10-20 22:00:00,Kosovo,Kosovo,XK,680.1,737.78,9.83,7.6,22,20,10,0,False
2025-10-20 23:00:00,Kosovo,Kosovo,XK,680.84,738.49,9.78,7.46,23,20,10,0,False
2025-10-21 00:00:00,Kosovo,Kosovo,XK,684.59,742.32,9.33,7.25,0,21,10,1,False
2025-10-21 01:00:00,Kosovo,Kosovo,XK,690.77,748.44,8.65,6.9,1,21,10,1,False
2025-10-21 02:00:00,Kosovo,Kosovo,XK,693.28,750.87,8.35,6.99,2,21,10,1,False
2025-10-21 03:00:00,Kosovo,Kosovo,XK,650.56,711.02,11.56,10.22,3,21,10,1,False
2025-10-21 04:00:00,Kosovo,Kosovo,XK,573.56,630.79,20.32,19.79,4,21,10,1,False
2025-10-21 05:00:00,Kosovo,Kosovo,XK,548.36,602.9,23.99,23.65,5,21,10,1,False
2025-10-21 06:00:00,Kosovo,Kosovo,XK,556.35,610.18,23.6,22.84,6,21,10,1,False
2025-10-21 07:00:00,Kosovo,Kosovo,XK,604.93,661.47,17.98,13.68,7,21,10,1,False
2025-10-21 08:00:00,Kosovo,Kosovo,XK,563.22,620.09,22.2,17.25,8,21,10,1,False
2025-10-21 09:00:00,Kosovo,Kosovo,XK,541.02,597.85,24.13,20.22,9,21,10,1,False
2025-10-21 10:00:00,Kosovo,Kosovo,XK,576.28,636.31,18.89,15.36,10,21,10,1,False
2025-10-21 11:00:00,Kosovo,Kosovo,XK,587.56,648.05,17.42,13.89,11,21,10,1,False
2025-10-21 12:00:00,Kosovo,Kosovo,XK,616.2,676.37,14.63,11.06,12,21,10,1,False
2025-10-21 13:00:00,Kosovo,Kosovo,XK,649.32,709.87,10.76,8.7,13,21,10,1,False
2025-10-21 14:00:00,Kosovo,Kosovo,XK,548.9,602.94,24.38,23.86,14,21,10,1,False
2025-10-21 15:00:00,Kosovo,Kosovo,XK,469.45,516.48,35.59,34.88,15,21,10,1,False
2025-10-21 16:00:00,Kosovo,Kosovo,XK,347.13,386.59,51.43,50.49,16,21,10,1,False
2025-10-21 17:00:00,Kosovo,Kosovo,XK,338.56,376.95,52.6,51.8,17,21,10,1,False
2025-10-21 18:00:00,Kosovo,Kosovo,XK,366.93,407.62,48.81,47.72,18,21,10,1,False
2025-10-21 19:00:00,Kosovo,Kosovo,XK,388.17,431.25,45.83,43.97,19,21,10,1,False
2025-10-21 20:00:00,Kosovo,Kosovo,XK,381.72,426.21,46.18,44.16,20,21,10,1,False
2025-10-21 21:00:00,Kosovo,Kosovo,XK,558.99,610.8,24.45,22.8,21,21,10,1,False
2025-10-21 22:00:00,Kosovo,Kosovo,XK,548.47,604.53,24.2,16.26,22,21,10,1,False
2025-10-21 23:00:00,Kosovo,Kosovo,XK,609.66,666.55,17.43,12.27,23,21,10,1,False
2025-10-22 00:00:00,Kosovo,Kosovo,XK,689.05,746.91,8.61,6.7,0,22,10,2,False
2025-10-22 01:00:00,Kosovo,Kosovo,XK,694.0,752.45,7.72,6.04,1,22,10,2,False
2025-10-22 02:00:00,Kosovo,Kosovo,XK,695.15,753.6,7.66,5.68,2,22,10,2,False
2025-10-22 03:00:00,Kosovo,Kosovo,XK,700.37,759.95,6.56,5.96,3,22,10,2,False
2025-10-22 04:00:00,Kosovo,Kosovo,XK,622.97,683.19,13.71,13.5,4,22,10,2,False
2025-10-22 05:00:00,Kosovo,Kosovo,XK,610.63,669.56,15.51,15.13,5,22,10,2,False
2025-10-22 06:00:00,Kosovo,Kosovo,XK,622.04,680.07,14.64,14.13,6,22,10,2,False
2025-10-22 07:00:00,Kosovo,Kosovo,XK,589.16,648.97,17.13,15.13,7,22,10,2,False
2025-10-22 08:00:00,Kosovo,Kosovo,XK,566.19,626.94,19.08,16.48,8,22,10,2,False
2025-10-22 09:00:00,Kosovo,Kosovo,XK,553.47,613.35,21.04,18.12,9,22,10,2,False
2025-10-22 10:00:00,Kosovo,Kosovo,XK,563.53,623.12,20.25,17.48,10,22,10,2,False
2025-10-22 11:00:00,Kosovo,Kosovo,XK,580.77,640.09,18.81,15.85,11,22,10,2,False
2025-10-22 12:00:00,Kosovo,Kosovo,XK,585.47,646.71,17.0,14.66,12,22,10,2,False
2025-10-22 13:00:00,Kosovo,Kosovo,XK,597.06,658.81,15.04,13.69,13,22,10,2,False
2025-10-22 14:00:00,Kosovo,Kosovo,XK,549.42,604.12,23.79,23.53,14,22,10,2,False
2025-10-22 15:00:00,Kosovo,Kosovo,XK,452.13,497.75,37.79,37.75,15,22,10,2,False
2025-10-22 16:00:00,Kosovo,Kosovo,XK,457.5,505.29,35.65,35.36,16,22,10,2,False
2025-10-22 17:00:00,Kosovo,Kosovo,XK,456.46,503.19,36.38,36.14,17,22,10,2,False
2025-10-22 18:00:00,Kosovo,Kosovo,XK,469.23,515.67,35.62,35.48,18,22,10,2,False
2025-10-22 19:00:00,Kosovo,Kosovo,XK,528.51,578.83,27.98,27.52,19,22,10,2,False
2025-10-22 20:00:00,Kosovo,Kosovo,XK,551.42,604.17,24.6,23.69,20,22,10,2,False
2025-10-22 21:00:00,Kosovo,Kosovo,XK,618.06,674.92,15.8,13.25,21,22,10,2,False
2025-10-22 22:00:00,Kosovo,Kosovo,XK,663.34,723.55,9.76,6.35,22,22,10,2,False
2025-10-22 23:00:00,Kosovo,Kosovo,XK,681.46,743.2,6.9,4.39,23,22,10,2,False
2025-10-23 00:00:00,Kosovo,Kosovo,XK,701.34,763.7,4.47,3.19,0,23,10,3,False
2025-10-23 01:00:00,Kosovo,Kosovo,XK,710.71,772.78,3.73,2.76,1,23,10,3,False
2025-10-23 02:00:00,Kosovo,Kosovo,XK,732.82,791.93,3.46,2.65,2,23,10,3,False
2025-10-23 03:00:00,Kosovo,Kosovo,XK,710.43,768.69,6.27,5.16,3,23,10,3,False
2025-10-23 04:00:00,Kosovo,Kosovo,XK,613.03,669.53,16.66,16.3,4,23,10,3,False
2025-10-23 05:00:00,Kosovo,Kosovo,XK,596.8,652.6,18.6,18.18,5,23,10,3,False
2025-10-23 06:00:00,Kosovo,Kosovo,XK,652.24,711.65,10.81,9.97,6,23,10,3,False
2025-10-23 07:00:00,Kosovo,Kosovo,XK,566.78,627.83,18.68,17.4,7,23,10,3,False
2025-10-23 08:00:00,Kosovo,Kosovo,XK,539.24,597.01,23.74,21.23,8,23,10,3,False
2025-10-23 09:00:00,Kosovo,Kosovo,XK,535.14,592.35,24.74,22.18,9,23,10,3,False
2025-10-23 10:00:00,Kosovo,Kosovo,XK,535.79,593.1,24.64,22.33,10,23,10,3,False
2025-10-23 11:00:00,Kosovo,Kosovo,XK,532.32,588.7,25.46,23.5,11,23,10,3,False
2025-10-23 12:00:00,Kosovo,Kosovo,XK,560.99,618.92,21.47,19.5,12,23,10,3,False
2025-10-23 13:00:00,Kosovo,Kosovo,XK,601.25,662.4,15.16,13.59,13,23,10,3,False
2025-10-23 14:00:00,Kosovo,Kosovo,XK,609.47,663.66,17.92,17.63,14,23,10,3,False
2025-10-23 15:00:00,Kosovo,Kosovo,XK,489.83,535.7,34.13,33.98,15,23,10,3,False
2025-10-23 16:00:00,Kosovo,Kosovo,XK,478.55,522.63,36.01,35.87,16,23,10,3,False
2025-10-23 17:00:00,Kosovo,Kosovo,XK,490.28,535.7,34.1,34.01,17,23,10,3,False
2025-10-23 18:00:00,Kosovo,Kosovo,XK,489.92,535.77,33.98,33.81,18,23,10,3,False
2025-10-23 19:00:00,Kosovo,Kosovo,XK,495.86,541.92,33.38,33.09,19,23,10,3,False
2025-10-23 20:00:00,Kosovo,Kosovo,XK,592.77,645.79,20.09,18.98,20,23,10,3,False
2025-10-23 21:00:00,Kosovo,Kosovo,XK,632.58,687.77,15.3,13.35,21,23,10,3,False
2025-10-23 22:00:00,Kosovo,Kosovo,XK,692.77,749.67,8.73,7.19,22,23,10,3,False
2025-10-23 23:00:00,Kosovo,Kosovo,XK,711.29,769.15,6.32,5.2,23,23,10,3,False
2025-10-24 00:00:00,Kosovo,Kosovo,XK,723.12,781.63,4.75,3.99,0,24,10,4,False
2025-10-24 01:00:00,Kosovo,Kosovo,XK,721.93,780.28,4.94,4.24,1,24,10,4,False
2025-10-24 02:00:00,Kosovo,Kosovo,XK,729.02,787.69,4.03,3.39,2,24,10,4,False
2025-10-24 03:00:00,Kosovo,Kosovo,XK,730.78,791.21,2.63,2.22,3,24,10,4,False
2025-10-24 04:00:00,Kosovo,Kosovo,XK,736.12,797.03,1.7,1.48,4,24,10,4,False
2025-10-24 05:00:00,Kosovo,Kosovo,XK,664.02,724.56,8.66,8.51,5,24,10,4,False
2025-10-24 06:00:00,Kosovo,Kosovo,XK,623.46,683.59,13.05,12.98,6,24,10,4,False
2025-10-24 07:00:00,Kosovo,Kosovo,XK,612.02,670.94,15.1,14.96,7,24,10,4,False
2025-10-24 08:00:00,Kosovo,Kosovo,XK,576.83,633.78,19.9,19.7,8,24,10,4,False
2025-10-24 09:00:00,Kosovo,Kosovo,XK,587.98,644.98,18.84,18.65,9,24,10,4,False
2025-10-24 10:00:00,Kosovo,Kosovo,XK,614.75,673.08,15.45,15.3,10,24,10,4,False
2025-10-24 11:00:00,Kosovo,Kosovo,XK,625.5,684.27,14.17,14.01,11,24,10,4,False
2025-10-24 12:00:00,Kosovo,Kosovo,XK,627.1,686.06,13.88,13.71,12,24,10,4,False
2025-10-24 13:00:00,Kosovo,Kosovo,XK,633.64,692.94,12.93,12.8,13,24,10,4,False
2025-10-24 14:00:00,Kosovo,Kosovo,XK,690.7,751.47,6.21,6.19,14,24,10,4,False
2025-10-24 15:00:00,Kosovo,Kosovo,XK,595.26,647.72,20.11,20.06,15,24,10,4,False
2025-10-24 16:00:00,Kosovo,Kosovo,XK,587.41,639.64,20.75,20.32,16,24,10,4,False
2025-10-24 17:00:00,Kosovo,Kosovo,XK,615.63,669.0,17.36,16.86,17,24,10,4,False
2025-10-24 18:00:00,Kosovo,Kosovo,XK,636.27,690.45,15.04,14.93,18,24,10,4,False
2025-10-24 19:00:00,Kosovo,Kosovo,XK,699.75,757.16,7.13,7.0,19,24,10,4,False
2025-10-24 20:00:00,Kosovo,Kosovo,XK,700.76,761.4,5.18,4.45,20,24,10,4,False
2025-10-24 21:00:00,Kosovo,Kosovo,XK,711.16,771.95,4.36,3.24,21,24,10,4,False
2025-10-24 22:00:00,Kosovo,Kosovo,XK,718.21,778.27,4.26,2.73,22,24,10,4,False
2025-10-24 23:00:00,Kosovo,Kosovo,XK,731.98,791.13,3.53,2.27,23,24,10,4,False
2025-10-25 00:00:00,Kosovo,Kosovo,XK,729.26,788.41,3.83,2.49,0,25,10,5,False
2025-10-25 01:00:00,Kosovo,Kosovo,XK,742.43,801.98,2.18,1.42,1,25,10,5,False
2025-10-25 02:00:00,Kosovo,Kosovo,XK,753.55,813.39,0.8,0.53,2,25,10,5,False
2025-10-25 03:00:00,Kosovo,Kosovo,XK,757.44,817.38,0.32,0.21,3,25,10,5,False
2025-10-25 04:00:00,Kosovo,Kosovo,XK,718.26,777.37,4.88,4.85,4,25,10,5,False
2025-10-25 05:00:00,Kosovo,Kosovo,XK,731.65,790.92,3.34,3.34,5,25,10,5,False
2025-10-25 06:00:00,Kosovo,Kosovo,XK,633.67,695.52,11.35,11.13,6,25,10,5,False
2025-10-25 07:00:00,Kosovo,Kosovo,XK,602.08,661.97,16.2,15.58,7,25,10,5,False
2025-10-25 08:00:00,Kosovo,Kosovo,XK,594.59,653.19,18.02,16.61,8,25,10,5,False
2025-10-25 09:00:00,Kosovo,Kosovo,XK,584.36,642.82,19.17,18.06,9,25,10,5,False
2025-10-25 10:00:00,Kosovo,Kosovo,XK,594.11,653.23,17.62,17.14,10,25,10,5,False
2025-10-25 11:00:00,Kosovo,Kosovo,XK,597.69,656.83,17.24,16.71,11,25,10,5,False
2025-10-25 12:00:00,Kosovo,Kosovo,XK,630.87,690.45,13.5,13.07,12,25,10,5,False
2025-10-25 13:00:00,Kosovo,Kosovo,XK,640.42,701.21,11.41,11.28,13,25,10,5,False
2025-10-25 14:00:00,Kosovo,Kosovo,XK,606.6,659.32,19.58,19.39,14,25,10,5,False
2025-10-25 15:00:00,Kosovo,Kosovo,XK,501.43,547.87,33.13,32.9,15,25,10,5,False
2025-10-25 16:00:00,Kosovo,Kosovo,XK,513.81,560.97,31.22,31.04,16,25,10,5,False
2025-10-25 17:00:00,Kosovo,Kosovo,XK,527.06,575.07,29.41,29.2,17,25,10,5,False
2025-10-25 18:00:00,Kosovo,Kosovo,XK,545.02,594.18,27.08,26.84,18,25,10,5,False
2025-10-25 19:00:00,Kosovo,Kosovo,XK,566.56,617.01,24.37,24.08,19,25,10,5,False
2025-10-25 20:00:00,Kosovo,Kosovo,XK,630.48,682.93,16.69,16.37,20,25,10,5,False
2025-10-25 21:00:00,Kosovo,Kosovo,XK,700.54,757.25,7.55,7.41,21,25,10,5,False
2025-10-25 22:00:00,Kosovo,Kosovo,XK,644.04,698.46,14.8,13.11,22,25,10,5,False
2025-10-25 23:00:00,Kosovo,Kosovo,XK,669.96,727.35,11.12,7.9,23,25,10,5,False
2025-10-26 00:00:00,Kosovo,Kosovo,XK,640.47,696.66,14.91,10.84,0,26,10,6,False
2025-10-26 01:00:00,Kosovo,Kosovo,XK,666.51,723.69,11.63,8.27,1,26,10,6,False
2025-10-26 02:00:00,Kosovo,Kosovo,XK,691.68,749.85,8.47,5.81,2,26,10,6,False
2025-10-26 03:00:00,Kosovo,Kosovo,XK,704.25,762.71,6.95,4.77,3,26,10,6,False
2025-10-26 04:00:00,Kosovo,Kosovo,XK,718.78,777.6,5.16,3.76,4,26,10,6,False
2025-10-26 05:00:00,Kosovo,Kosovo,XK,751.66,811.41,1.05,0.82,5,26,10,6,False
2025-10-26 06:00:00,Kosovo,Kosovo,XK,608.93,666.54,16.13,16.03,6,26,10,6,False
2025-10-26 07:00:00,Kosovo,Kosovo,XK,528.53,582.85,25.97,25.88,7,26,10,6,False
2025-10-26 08:00:00,Kosovo,Kosovo,XK,456.64,505.45,36.24,36.22,8,26,10,6,False
2025-10-26 09:00:00,Kosovo,Kosovo,XK,446.62,492.62,38.73,38.65,9,26,10,6,False
2025-10-26 10:00:00,Kosovo,Kosovo,XK,471.11,517.52,36.01,35.76,10,26,10,6,False
2025-10-26 11:00:00,Kosovo,Kosovo,XK,476.69,523.27,35.45,35.03,11,26,10,6,False
2025-10-26 12:00:00,Kosovo,Kosovo,XK,529.7,580.74,27.66,27.16,12,26,10,6,False
2025-10-26 13:00:00,Kosovo,Kosovo,XK,508.68,558.15,30.64,29.77,13,26,10,6,False
2025-10-26 14:00:00,Kosovo,Kosovo,XK,460.98,507.85,36.67,35.99,14,26,10,6,False
2025-10-26 15:00:00,Kosovo,Kosovo,XK,434.54,480.08,39.81,39.59,15,26,10,6,False
2025-10-26 16:00:00,Kosovo,Kosovo,XK,403.23,447.21,43.38,43.25,16,26,10,6,False
2025-10-26 17:00:00,Kosovo,Kosovo,XK,403.3,446.84,43.44,43.32,17,26,10,6,False
2025-10-26 18:00:00,Kosovo,Kosovo,XK,419.79,465.11,40.85,40.72,18,26,10,6,False
2025-10-26 19:00:00,Kosovo,Kosovo,XK,421.18,465.76,41.12,40.98,19,26,10,6,False
2025-10-26 20:00:00,Kosovo,Kosovo,XK,446.94,492.81,37.92,37.78,20,26,10,6,False
2025-10-26 21:00:00,Kosovo,Kosovo,XK,506.41,557.14,29.07,28.99,21,26,10,6,False
2025-10-26 22:00:00,Kosovo,Kosovo,XK,559.94,611.35,23.77,23.76,22,26,10,6,False
2025-10-26 23:00:00,Kosovo,Kosovo,XK,564.86,612.62,25.6,25.2,23,26,10,6,False
2025-10-27 00:00:00,Kosovo,Kosovo,XK,629.26,681.21,17.1,16.74,0,27,10,0,False
2025-10-27 01:00:00,Kosovo,Kosovo,XK,654.84,708.3,13.76,13.57,1,27,10,0,False
2025-10-27 02:00:00,Kosovo,Kosovo,XK,652.82,706.17,13.98,13.9,2,27,10,0,False
2025-10-27 03:00:00,Kosovo,Kosovo,XK,630.51,682.78,16.68,16.68,3,27,10,0,False
2025-10-27 04:00:00,Kosovo,Kosovo,XK,519.93,570.12,28.3,28.26,4,27,10,0,False
2025-10-27 05:00:00,Kosovo,Kosovo,XK,398.99,440.01,45.48,45.43,5,27,10,0,False
2025-10-27 06:00:00,Kosovo,Kosovo,XK,389.79,432.11,45.43,45.3,6,27,10,0,False
2025-10-27 07:00:00,Kosovo,Kosovo,XK,370.15,410.36,48.79,48.75,7,27,10,0,False
2025-10-27 08:00:00,Kosovo,Kosovo,XK,397.42,439.39,45.28,45.26,8,27,10,0,False
2025-10-27 09:00:00,Kosovo,Kosovo,XK,416.72,462.04,41.93,41.85,9,27,10,0,False
2025-10-27 10:00:00,Kosovo,Kosovo,XK,437.17,484.55,38.8,38.71,10,27,10,0,False
2025-10-27 11:00:00,Kosovo,Kosovo,XK,429.94,477.59,39.55,39.44,11,27,10,0,False
2025-10-27 12:00:00,Kosovo,Kosovo,XK,421.78,469.34,40.58,40.52,12,27,10,0,False
2025-10-27 13:00:00,Kosovo,Kosovo,XK,435.0,483.63,38.53,38.52,13,27,10,0,False
2025-10-27 14:00:00,Kosovo,Kosovo,XK,377.77,421.06,46.75,46.75,14,27,10,0,False
2025-10-27 15:00:00,Kosovo,Kosovo,XK,335.69,374.77,53.11,53.08,15,27,10,0,False
2025-10-27 16:00:00,Kosovo,Kosovo,XK,355.22,395.52,50.26,50.25,16,27,10,0,False
2025-10-27 17:00:00,Kosovo,Kosovo,XK,373.14,414.17,48.0,47.98,17,27,10,0,False
2025-10-27 18:00:00,Kosovo,Kosovo,XK,380.19,421.46,47.15,47.13,18,27,10,0,False
2025-10-27 19:00:00,Kosovo,Kosovo,XK,398.61,440.93,44.79,44.77,19,27,10,0,False
2025-10-27 20:00:00,Kosovo,Kosovo,XK,415.42,459.35,42.47,42.41,20,27,10,0,False
2025-10-27 21:00:00,Kosovo,Kosovo,XK,404.46,447.45,44.11,44.03,21,27,10,0,False
2025-10-27 22:00:00,Kosovo,Kosovo,XK,444.26,486.96,40.03,39.99,22,27,10,0,False
2025-10-27 23:00:00,Kosovo,Kosovo,XK,538.81,585.7,28.4,28.4,23,27,10,0,False
2025-10-28 00:00:00,Kosovo,Kosovo,XK,565.56,613.5,25.27,25.27,0,28,10,1,False
2025-10-28 01:00:00,Kosovo,Kosovo,XK,571.8,620.35,24.33,24.33,1,28,10,1,False
2025-10-28 02:00:00,Kosovo,Kosovo,XK,580.97,629.93,23.23,23.23,2,28,10,1,False
2025-10-28 03:00:00,Kosovo,Kosovo,XK,577.18,626.08,23.62,23.62,3,28,10,1,False
2025-10-28 04:00:00,Kosovo,Kosovo,XK,540.76,587.44,28.47,28.47,4,28,10,1,False
2025-10-28 05:00:00,Kosovo,Kosovo,XK,513.46,562.78,29.58,29.58,5,28,10,1,False
2025-10-28 06:00:00,Kosovo,Kosovo,XK,423.45,471.55,39.28,39.26,6,28,10,1,False
2025-10-28 07:00:00,Kosovo,Kosovo,XK,412.02,458.65,41.59,41.58,7,28,10,1,False
2025-10-28 08:00:00,Kosovo,Kosovo,XK,401.73,448.24,43.46,43.42,8,28,10,1,False
2025-10-28 09:00:00,Kosovo,Kosovo,XK,399.98,447.89,43.02,43.02,9,28,10,1,False
2025-10-28 10:00:00,Kosovo,Kosovo,XK,428.99,478.18,39.41,39.31,10,28,10,1,False
2025-10-28 11:00:00,Kosovo,Kosovo,XK,451.21,501.79,36.41,36.32,11,28,10,1,False
2025-10-28 12:00:00,Kosovo,Kosovo,XK,446.11,497.03,36.74,36.67,12,28,10,1,False
2025-10-28 13:00:00,Kosovo,Kosovo,XK,444.26,494.65,36.86,36.83,13,28,10,1,False
2025-10-28 14:00:00,Kosovo,Kosovo,XK,396.6,440.27,44.42,44.39,14,28,10,1,False
2025-10-28 15:00:00,Kosovo,Kosovo,XK,371.67,414.53,47.31,46.98,15,28,10,1,False
2025-10-28 16:00:00,Kosovo,Kosovo,XK,368.82,410.95,47.75,47.29,16,28,10,1,False
2025-10-28 17:00:00,Kosovo,Kosovo,XK,374.15,416.35,47.07,46.68,17,28,10,1,False
2025-10-28 18:00:00,Kosovo,Kosovo,XK,387.06,430.4,45.23,44.78,18,28,10,1,False
2025-10-28 19:00:00,Kosovo,Kosovo,XK,397.63,441.74,43.83,43.29,19,28,10,1,False
2025-10-28 20:00:00,Kosovo,Kosovo,XK,404.95,449.72,42.78,42.4,20,28,10,1,False
2025-10-28 21:00:00,Kosovo,Kosovo,XK,436.5,478.09,41.28,41.02,21,28,10,1,False
2025-10-28 22:00:00,Kosovo,Kosovo,XK,475.23,518.52,36.52,36.42,22,28,10,1,False
2025-10-28 23:00:00,Kosovo,Kosovo,XK,590.08,640.53,21.95,20.86,23,28,10,1,False
2025-10-29 00:00:00,Kosovo,Kosovo,XK,638.42,691.32,15.84,15.1,0,29,10,2,False
2025-10-29 01:00:00,Kosovo,Kosovo,XK,660.4,715.15,12.85,11.73,1,29,10,2,False
2025-10-29 02:00:00,Kosovo,Kosovo,XK,678.65,734.96,10.37,8.89,2,29,10,2,False
2025-10-29 03:00:00,Kosovo,Kosovo,XK,677.78,732.85,10.73,10.41,3,29,10,2,False
2025-10-29 04:00:00,Kosovo,Kosovo,XK,613.38,665.05,19.04,18.34,4,29,10,2,False
2025-10-29 05:00:00,Kosovo,Kosovo,XK,647.95,701.52,14.35,14.34,5,29,10,2,False
2025-10-29 06:00:00,Kosovo,Kosovo,XK,499.3,555.61,27.73,27.35,6,29,10,2,False
2025-10-29 07:00:00,Kosovo,Kosovo,XK,436.07,488.79,36.89,36.5,7,29,10,2,False
2025-10-29 08:00:00,Kosovo,Kosovo,XK,437.37,489.58,37.79,36.7,8,29,10,2,False
2025-10-29 09:00:00,Kosovo,Kosovo,XK,409.83,460.3,41.58,40.74,9,29,10,2,False
2025-10-29 10:00:00,Kosovo,Kosovo,XK,431.14,482.71,38.65,38.12,10,29,10,2,False
2025-10-29 11:00:00,Kosovo,Kosovo,XK,487.44,541.39,31.51,31.07,11,29,10,2,False
2025-10-29 12:00:00,Kosovo,Kosovo,XK,525.01,580.63,26.41,26.28,12,29,10,2,False
2025-10-29 13:00:00,Kosovo,Kosovo,XK,569.42,627.07,20.36,20.35,13,29,10,2,False
2025-10-29 14:00:00,Kosovo,Kosovo,XK,521.04,569.14,30.16,30.11,14,29,10,2,False
2025-10-29 15:00:00,Kosovo,Kosovo,XK,490.67,539.63,32.37,32.04,15,29,10,2,False
2025-10-29 16:00:00,Kosovo,Kosovo,XK,480.16,527.33,34.09,33.82,16,29,10,2,False
2025-10-29 17:00:00,Kosovo,Kosovo,XK,497.8,545.51,32.08,31.82,17,29,10,2,False
2025-10-29 18:00:00,Kosovo,Kosovo,XK,499.46,547.69,31.75,31.3,18,29,10,2,False
2025-10-29 19:00:00,Kosovo,Kosovo,XK,522.41,571.73,28.99,28.42,19,29,10,2,False
2025-10-29 20:00:00,Kosovo,Kosovo,XK,536.87,586.71,27.37,26.78,20,29,10,2,False
2025-10-29 21:00:00,Kosovo,Kosovo,XK,560.4,610.2,25.17,24.38,21,29,10,2,False
2025-10-29 22:00:00,Kosovo,Kosovo,XK,586.89,637.52,22.23,21.17,22,29,10,2,False
2025-10-29 23:00:00,Kosovo,Kosovo,XK,703.45,760.32,7.34,6.87,23,29,10,2,False
2025-10-30 00:00:00,Kosovo,Kosovo,XK,741.53,800.89,2.32,1.82,0,30,10,3,False
2025-10-30 01:00:00,Kosovo,Kosovo,XK,751.31,810.99,1.1,0.87,1,30,10,3,False
2025-10-30 02:00:00,Kosovo,Kosovo,XK,741.14,800.46,2.37,1.92,2,30,10,3,False
2025-10-30 03:00:00,Kosovo,Kosovo,XK,739.33,798.61,2.6,2.11,3,30,10,3,False
2025-10-30 04:00:00,Kosovo,Kosovo,XK,680.55,736.64,10.21,9.35,4,30,10,3,False
2025-10-30 05:00:00,Kosovo,Kosovo,XK,683.25,738.74,10.01,9.78,5,30,10,3,False
2025-10-30 06:00:00,Kosovo,Kosovo,XK,657.31,713.31,12.17,12.17,6,30,10,3,False
2025-10-30 07:00:00,Kosovo,Kosovo,XK,607.67,666.4,16.18,15.94,7,30,10,3,False
2025-10-30 08:00:00,Kosovo,Kosovo,XK,580.4,638.34,19.71,19.14,8,30,10,3,False
2025-10-30 09:00:00,Kosovo,Kosovo,XK,592.6,650.8,18.4,17.84,9,30,10,3,False
2025-10-30 10:00:00,Kosovo,Kosovo,XK,592.78,651.03,18.36,17.75,10,30,10,3,False
2025-10-30 11:00:00,Kosovo,Kosovo,XK,607.73,666.45,16.52,15.92,11,30,10,3,False
2025-10-30 12:00:00,Kosovo,Kosovo,XK,632.55,692.84,12.85,12.31,12,30,10,3,False
2025-10-30 13:00:00,Kosovo,Kosovo,XK,667.43,727.48,9.05,8.93,13,30,10,3,False
2025-10-30 14:00:00,Kosovo,Kosovo,XK,595.58,646.58,21.11,20.9,14,30,10,3,False
2025-10-30 15:00:00,Kosovo,Kosovo,XK,546.94,598.2,25.52,25.14,15,30,10,3,False
2025-10-30 16:00:00,Kosovo,Kosovo,XK,510.36,558.66,30.58,30.24,16,30,10,3,False
2025-10-30 17:00:00,Kosovo,Kosovo,XK,524.67,573.78,28.7,28.25,17,30,10,3,False
2025-10-30 18:00:00,Kosovo,Kosovo,XK,534.01,584.03,27.35,26.83,18,30,10,3,False
2025-10-30 19:00:00,Kosovo,Kosovo,XK,544.02,593.98,26.46,25.89,19,30,10,3,False
2025-10-30 20:00:00,Kosovo,Kosovo,XK,590.98,641.82,21.66,20.67,20,30,10,3,False
2025-10-30 21:00:00,Kosovo,Kosovo,XK,615.98,668.31,18.56,17.19,21,30,10,3,False
2025-10-30 22:00:00,Kosovo,Kosovo,XK,663.15,718.32,12.41,11.2,22,30,10,3,False
2025-10-30 23:00:00,Kosovo,Kosovo,XK,722.09,780.48,4.79,4.09,23,30,10,3,False
2025-10-31 00:00:00,Kosovo,Kosovo,XK,748.34,808.11,1.42,1.0,0,31,10,4,False
2025-10-31 01:00:00,Kosovo,Kosovo,XK,750.78,810.53,1.14,0.88,1,31,10,4,False
2025-10-31 02:00:00,Kosovo,Kosovo,XK,754.48,814.35,0.68,0.52,2,31,10,4,False
2025-10-31 03:00:00,Kosovo,Kosovo,XK,754.99,814.88,0.61,0.46,3,31,10,4,False
2025-10-31 04:00:00,Kosovo,Kosovo,XK,705.51,763.57,6.83,5.74,4,31,10,4,False
2025-10-31 05:00:00,Kosovo,Kosovo,XK,663.98,719.13,12.33,11.43,5,31,10,4,False
2025-10-31 06:00:00,Kosovo,Kosovo,XK,652.73,706.24,14.02,13.78,6,31,10,4,False
2025-10-31 07:00:00,Kosovo,Kosovo,XK,709.36,769.58,4.68,4.62,7,31,10,4,False
2025-10-31 08:00:00,Kosovo,Kosovo,XK,659.27,721.18,9.08,8.32,8,31,10,4,False
2025-10-31 09:00:00,Kosovo,Kosovo,XK,651.74,713.54,10.02,9.23,9,31,10,4,False
2025-10-31 10:00:00,Kosovo,Kosovo,XK,660.72,721.78,9.69,8.48,10,31,10,4,False
2025-10-31 11:00:00,Kosovo,Kosovo,XK,673.47,734.86,8.17,6.93,11,31,10,4,False
2025-10-31 12:00:00,Kosovo,Kosovo,XK,697.93,760.48,4.78,4.12,12,31,10,4,False
2025-10-31 13:00:00,Kosovo,Kosovo,XK,751.58,811.51,0.93,0.77,13,31,10,4,False
2025-10-31 14:00:00,Kosovo,Kosovo,XK,527.3,580.7,26.84,26.39,14,31,10,4,False
2025-10-31 15:00:00,Kosovo,Kosovo,XK,504.22,555.84,29.52,29.14,15,31,10,4,False
2025-10-31 16:00:00,Kosovo,Kosovo,XK,468.37,516.37,34.81,34.49,16,31,10,4,False
2025-10-31 17:00:00,Kosovo,Kosovo,XK,472.97,521.09,34.25,33.79,17,31,10,4,False
2025-10-31 18:00:00,Kosovo,Kosovo,XK,483.87,532.64,32.84,32.26,18,31,10,4,False
2025-10-31 19:00:00,Kosovo,Kosovo,XK,505.24,555.72,30.0,29.4,19,31,10,4,False
2025-10-31 20:00:00,Kosovo,Kosovo,XK,528.93,580.42,27.27,26.64,20,31,10,4,False
2025-10-31 21:00:00,Kosovo,Kosovo,XK,567.94,617.94,24.25,23.62,21,31,10,4,False
2025-10-31 22:00:00,Kosovo,Kosovo,XK,638.78,691.93,15.65,15.0,22,31,10,4,False
2025-10-31 23:00:00,Kosovo,Kosovo,XK,706.4,763.87,6.8,6.0,23,31,10,4,False
2025-11-01 00:00:00,Kosovo,Kosovo,XK,736.39,795.71,2.91,2.11,0,1,11,5,False
2025-11-01 01:00:00,Kosovo,Kosovo,XK,725.24,784.5,4.23,2.75,1,1,11,5,False
2025-11-01 02:00:00,Kosovo,Kosovo,XK,720.62,779.95,4.77,2.96,2,1,11,5,False
2025-11-01 03:00:00,Kosovo,Kosovo,XK,738.62,798.29,2.56,1.59,3,1,11,5,False
2025-11-01 04:00:00,Kosovo,Kosovo,XK,742.93,802.59,2.08,1.36,4,1,11,5,False
2025-11-01 05:00:00,Kosovo,Kosovo,XK,749.59,809.31,1.27,0.94,5,1,11,5,False
2025-11-01 06:00:00,Kosovo,Kosovo,XK,725.98,784.91,4.23,3.16,6,1,11,5,False
2025-11-01 07:00:00,Kosovo,Kosovo,XK,670.87,730.01,9.79,7.39,7,1,11,5,False
2025-11-01 08:00:00,Kosovo,Kosovo,XK,647.83,705.73,13.16,9.93,8,1,11,5,False
2025-11-01 09:00:00,Kosovo,Kosovo,XK,654.44,712.93,12.17,9.14,9,1,11,5,False
2025-11-01 10:00:00,Kosovo,Kosovo,XK,656.17,715.31,11.52,8.89,10,1,11,5,False
2025-11-01 11:00:00,Kosovo,Kosovo,XK,676.44,735.38,9.55,7.29,11,1,11,5,False
2025-11-01 12:00:00,Kosovo,Kosovo,XK,692.0,750.05,8.52,6.36,12,1,11,5,False
2025-11-01 13:00:00,Kosovo,Kosovo,XK,695.54,753.3,8.09,6.39,13,1,11,5,False
2025-11-01 14:00:00,Kosovo,Kosovo,XK,625.18,678.28,17.4,16.19,14,1,11,5,False
2025-11-01 15:00:00,Kosovo,Kosovo,XK,525.76,576.75,28.21,26.96,15,1,11,5,False
2025-11-01 16:00:00,Kosovo,Kosovo,XK,501.45,550.6,31.33,30.16,16,1,11,5,False
2025-11-01 17:00:00,Kosovo,Kosovo,XK,518.86,567.73,29.73,28.64,17,1,11,5,False
2025-11-01 18:00:00,Kosovo,Kosovo,XK,548.95,599.51,25.9,24.77,18,1,11,5,False
2025-11-01 19:00:00,Kosovo,Kosovo,XK,576.26,628.66,22.3,21.42,19,1,11,5,False
2025-11-01 20:00:00,Kosovo,Kosovo,XK,641.98,695.43,15.11,14.68,20,1,11,5,False
2025-11-01 21:00:00,Kosovo,Kosovo,XK,678.92,735.31,10.23,8.78,21,1,11,5,False
2025-11-01 22:00:00,Kosovo,Kosovo,XK,686.35,743.7,9.19,6.99,22,1,11,5,False
2025-11-01 23:00:00,Kosovo,Kosovo,XK,681.64,738.96,9.75,7.15,23,1,11,5,False
2025-11-02 00:00:00,Kosovo,Kosovo,XK,682.42,739.83,9.63,7.03,0,2,11,6,False
2025-11-02 01:00:00,Kosovo,Kosovo,XK,685.72,743.25,9.2,6.77,1,2,11,6,False
2025-11-02 02:00:00,Kosovo,Kosovo,XK,695.4,753.18,8.02,6.08,2,2,11,6,False
2025-11-02 03:00:00,Kosovo,Kosovo,XK,692.92,750.56,8.34,6.37,3,2,11,6,False
2025-11-02 04:00:00,Kosovo,Kosovo,XK,693.34,750.99,8.28,6.44,4,2,11,6,False
2025-11-02 05:00:00,Kosovo,Kosovo,XK,716.51,774.93,5.41,4.39,5,2,11,6,False
2025-11-02 06:00:00,Kosovo,Kosovo,XK,708.94,769.52,4.84,3.78,6,2,11,6,False
2025-11-02 07:00:00,Kosovo,Kosovo,XK,621.87,682.13,14.0,13.03,7,2,11,6,False
2025-11-02 08:00:00,Kosovo,Kosovo,XK,577.0,635.43,19.74,18.92,8,2,11,6,False
2025-11-02 09:00:00,Kosovo,Kosovo,XK,577.63,636.12,19.68,18.89,9,2,11,6,False
2025-11-02 10:00:00,Kosovo,Kosovo,XK,607.29,666.53,16.23,14.95,10,2,11,6,False
2025-11-02 11:00:00,Kosovo,Kosovo,XK,609.97,669.3,15.97,14.52,11,2,11,6,False
2025-11-02 12:00:00,Kosovo,Kosovo,XK,631.62,691.66,13.31,11.8,12,2,11,6,False
2025-11-02 13:00:00,Kosovo,Kosovo,XK,683.09,744.95,6.67,5.92,13,2,11,6,False
2025-11-02 14:00:00,Kosovo,Kosovo,XK,745.27,804.51,1.89,1.83,14,2,11,6,False
2025-11-02 15:00:00,Kosovo,Kosovo,XK,582.03,634.46,21.79,21.36,15,2,11,6,False
2025-11-02 16:00:00,Kosovo,Kosovo,XK,565.33,616.17,24.14,23.64,16,2,11,6,False
2025-11-02 17:00:00,Kosovo,Kosovo,XK,572.34,624.09,23.06,22.45,17,2,11,6,False
2025-11-02 18:00:00,Kosovo,Kosovo,XK,586.19,638.27,21.55,20.82,18,2,11,6,False
2025-11-02 19:00:00,Kosovo,Kosovo,XK,598.0,649.4,20.73,19.88,19,2,11,6,False
2025-11-02 20:00:00,Kosovo,Kosovo,XK,619.02,671.71,18.1,16.9,20,2,11,6,False
2025-11-02 21:00:00,Kosovo,Kosovo,XK,665.87,721.56,11.93,10.64,21,2,11,6,False
2025-11-02 22:00:00,Kosovo,Kosovo,XK,689.84,747.29,8.78,7.05,22,2,11,6,False
2025-11-02 23:00:00,Kosovo,Kosovo,XK,691.78,749.57,8.4,6.59,23,2,11,6,False
2025-11-03 00:00:00,Kosovo,Kosovo,XK,709.61,768.02,6.16,5.01,0,3,11,0,False
2025-11-03 01:00:00,Kosovo,Kosovo,XK,726.28,785.23,4.11,3.4,1,3,11,0,False
2025-11-03 02:00:00,Kosovo,Kosovo,XK,718.9,777.6,5.01,4.15,2,3,11,0,False
2025-11-03 03:00:00,Kosovo,Kosovo,XK,722.88,781.69,4.52,3.8,3,3,11,0,False
2025-11-03 04:00:00,Kosovo,Kosovo,XK,753.12,812.86,0.87,0.72,4,3,11,0,False
2025-11-03 05:00:00,Kosovo,Kosovo,XK,760.0,820.0,0.0,0.0,5,3,11,0,False
2025-11-03 06:00:00,Kosovo,Kosovo,XK,737.08,798.39,1.43,1.43,6,3,11,0,False
2025-11-03 07:00:00,Kosovo,Kosovo,XK,658.42,720.91,8.65,8.62,7,3,11,0,False
2025-11-03 08:00:00,Kosovo,Kosovo,XK,636.1,697.17,12.05,11.32,8,3,11,0,False
2025-11-03 09:00:00,Kosovo,Kosovo,XK,631.98,692.57,12.76,12.11,9,3,11,0,False
2025-11-03 10:00:00,Kosovo,Kosovo,XK,648.23,709.21,10.87,10.15,10,3,11,0,False
2025-11-03 11:00:00,Kosovo,Kosovo,XK,673.52,735.65,7.49,6.92,11,3,11,0,False
2025-11-03 12:00:00,Kosovo,Kosovo,XK,693.78,755.85,5.31,5.01,12,3,11,0,False
2025-11-03 13:00:00,Kosovo,Kosovo,XK,752.78,812.82,0.68,0.65,13,3,11,0,False
2025-11-03 14:00:00,Kosovo,Kosovo,XK,605.75,659.8,18.63,18.3,14,3,11,0,False
2025-11-03 15:00:00,Kosovo,Kosovo,XK,505.95,555.33,30.65,30.48,15,3,11,0,False
2025-11-03 16:00:00,Kosovo,Kosovo,XK,488.26,534.87,33.54,33.45,16,3,11,0,False
2025-11-03 17:00:00,Kosovo,Kosovo,XK,497.17,544.59,32.31,32.24,17,3,11,0,False
2025-11-03 18:00:00,Kosovo,Kosovo,XK,515.95,563.89,30.17,30.02,18,3,11,0,False
2025-11-03 19:00:00,Kosovo,Kosovo,XK,569.52,621.19,23.13,22.8,19,3,11,0,False
2025-11-03 20:00:00,Kosovo,Kosovo,XK,578.02,630.13,22.16,21.88,20,3,11,0,False
2025-11-03 21:00:00,Kosovo,Kosovo,XK,611.7,665.89,17.86,17.47,21,3,11,0,False
2025-11-03 22:00:00,Kosovo,Kosovo,XK,688.54,744.91,9.05,8.67,22,3,11,0,False
2025-11-03 23:00:00,Kosovo,Kosovo,XK,744.07,803.54,1.94,1.64,23,3,11,0,False
2025-11-04 00:00:00,Kosovo,Kosovo,XK,720.55,779.25,4.83,4.01,0,4,11,1,False
2025-11-04 01:00:00,Kosovo,Kosovo,XK,706.82,765.09,6.51,5.4,1,4,11,1,False
2025-11-04 02:00:00,Kosovo,Kosovo,XK,697.79,755.27,7.77,6.79,2,4,11,1,False
2025-11-04 03:00:00,Kosovo,Kosovo,XK,718.57,776.92,5.17,4.52,3,4,11,1,False
2025-11-04 04:00:00,Kosovo,Kosovo,XK,734.6,793.34,3.25,3.04,4,4,11,1,False
2025-11-04 05:00:00,Kosovo,Kosovo,XK,725.28,783.21,4.5,4.35,5,4,11,1,False
2025-11-04 06:00:00,Kosovo,Kosovo,XK,683.9,739.65,9.82,9.28,6,4,11,1,False
2025-11-04 07:00:00,Kosovo,Kosovo,XK,631.58,685.11,16.3,15.45,7,4,11,1,False
2025-11-04 08:00:00,Kosovo,Kosovo,XK,634.16,688.55,15.9,14.6,8,4,11,1,False
2025-11-04 09:00:00,Kosovo,Kosovo,XK,639.72,695.63,14.9,12.89,9,4,11,1,False
2025-11-04 10:00:00,Kosovo,Kosovo,XK,643.0,699.18,14.45,12.55,10,4,11,1,False
2025-11-04 11:00:00,Kosovo,Kosovo,XK,642.98,699.3,14.42,12.36,11,4,11,1,False
2025-11-04 12:00:00,Kosovo,Kosovo,XK,634.9,690.69,15.44,13.3,12,4,11,1,False
2025-11-04 13:00:00,Kosovo,Kosovo,XK,607.59,663.27,18.34,16.78,13,4,11,1,False
2025-11-04 14:00:00,Kosovo,Kosovo,XK,605.69,660.03,18.69,17.94,14,4,11,1,False
2025-11-04 15:00:00,Kosovo,Kosovo,XK,514.28,561.81,30.74,30.28,15,4,11,1,False
2025-11-04 16:00:00,Kosovo,Kosovo,XK,496.44,542.13,33.29,32.97,16,4,11,1,False
2025-11-04 17:00:00,Kosovo,Kosovo,XK,492.12,540.2,32.43,32.24,17,4,11,1,False
2025-11-04 18:00:00,Kosovo,Kosovo,XK,509.22,558.85,30.05,29.86,18,4,11,1,False
2025-11-04 19:00:00,Kosovo,Kosovo,XK,542.69,593.61,26.1,25.99,19,4,11,1,False
2025-11-04 20:00:00,Kosovo,Kosovo,XK,582.06,634.29,21.51,21.45,20,4,11,1,False
2025-11-04 21:00:00,Kosovo,Kosovo,XK,629.6,684.33,15.38,15.18,21,4,11,1,False
2025-11-04 22:00:00,Kosovo,Kosovo,XK,702.22,760.31,6.6,6.41,22,4,11,1,False
2025-11-04 23:00:00,Kosovo,Kosovo,XK,743.08,803.33,1.52,1.25,23,4,11,1,False
2025-11-05 00:00:00,Kosovo,Kosovo,XK,760.0,820.0,0.0,0.0,0,5,11,2,False
2025-11-05 01:00:00,Kosovo,Kosovo,XK,760.0,820.0,0.0,0.0,1,5,11,2,False
2025-11-05 02:00:00,Kosovo,Kosovo,XK,760.0,820.0,0.0,0.0,2,5,11,2,False
2025-11-05 03:00:00,Kosovo,Kosovo,XK,760.0,820.0,0.0,0.0,3,5,11,2,False
2025-11-05 04:00:00,Kosovo,Kosovo,XK,757.92,817.85,0.26,0.21,4,5,11,2,False
2025-11-05 05:00:00,Kosovo,Kosovo,XK,697.85,754.55,7.8,7.78,5,5,11,2,False
2025-11-05 06:00:00,Kosovo,Kosovo,XK,695.72,752.23,8.18,7.85,6,5,11,2,False
2025-11-05 07:00:00,Kosovo,Kosovo,XK,675.6,731.79,10.64,9.7,7,5,11,2,False
2025-11-05 08:00:00,Kosovo,Kosovo,XK,677.92,735.67,9.73,8.61,8,5,11,2,False
2025-11-05 09:00:00,Kosovo,Kosovo,XK,641.47,699.24,13.14,12.4,9,5,11,2,False
2025-11-05 10:00:00,Kosovo,Kosovo,XK,659.86,717.06,11.93,10.86,10,5,11,2,False
2025-11-05 11:00:00,Kosovo,Kosovo,XK,677.63,735.03,10.15,9.02,11,5,11,2,False
2025-11-05 12:00:00,Kosovo,Kosovo,XK,667.29,724.3,11.45,10.1,12,5,11,2,False
2025-11-05 13:00:00,Kosovo,Kosovo,XK,617.9,673.36,17.2,16.07,13,5,11,2,False
2025-11-05 14:00:00,Kosovo,Kosovo,XK,559.28,615.24,22.33,22.12,14,5,11,2,False
2025-11-05 15:00:00,Kosovo,Kosovo,XK,490.11,541.36,31.03,30.91,15,5,11,2,False
2025-11-05 16:00:00,Kosovo,Kosovo,XK,480.14,529.57,32.71,32.6,16,5,11,2,False
2025-11-05 17:00:00,Kosovo,Kosovo,XK,494.94,545.19,30.82,30.68,17,5,11,2,False
2025-11-05 18:00:00,Kosovo,Kosovo,XK,498.8,550.19,30.11,29.83,18,5,11,2,False
2025-11-05 19:00:00,Kosovo,Kosovo,XK,514.23,566.45,28.14,27.91,19,5,11,2,False
2025-11-05 20:00:00,Kosovo,Kosovo,XK,525.28,578.18,26.55,26.36,20,5,11,2,False
2025-11-05 21:00:00,Kosovo,Kosovo,XK,554.65,609.37,22.5,22.44,21,5,11,2,False
2025-11-05 22:00:00,Kosovo,Kosovo,XK,601.64,659.36,16.23,16.17,22,5,11,2,False
2025-11-05 23:00:00,Kosovo,Kosovo,XK,662.46,723.68,8.46,8.44,23,5,11,2,False
2025-11-06 00:00:00,Kosovo,Kosovo,XK,701.33,763.35,4.33,4.33,0,6,11,3,False
2025-11-06 01:00:00,Kosovo,Kosovo,XK,707.08,769.0,3.85,3.85,1,6,11,3,False
2025-11-06 02:00:00,Kosovo,Kosovo,XK,694.08,756.42,4.83,4.83,2,6,11,3,False
2025-11-06 03:00:00,Kosovo,Kosovo,XK,700.57,762.64,4.38,4.38,3,6,11,3,False
2025-11-06 04:00:00,Kosovo,Kosovo,XK,691.09,751.23,6.4,6.39,4,6,11,3,False
2025-11-06 05:00:00,Kosovo,Kosovo,XK,611.35,667.72,16.09,16.04,5,6,11,3,False
2025-11-06 06:00:00,Kosovo,Kosovo,XK,600.78,658.23,16.5,16.44,6,6,11,3,False
2025-11-06 07:00:00,Kosovo,Kosovo,XK,565.03,619.17,21.95,21.85,7,6,11,3,False
2025-11-06 08:00:00,Kosovo,Kosovo,XK,567.85,621.98,22.06,21.85,8,6,11,3,False
2025-11-06 09:00:00,Kosovo,Kosovo,XK,606.42,663.01,16.98,16.71,9,6,11,3,False
2025-11-06 10:00:00,Kosovo,Kosovo,XK,608.56,664.73,17.08,16.79,10,6,11,3,False
2025-11-06 11:00:00,Kosovo,Kosovo,XK,577.09,631.76,20.96,20.73,11,6,11,3,False
2025-11-06 12:00:00,Kosovo,Kosovo,XK,580.2,635.17,21.23,19.15,12,6,11,3,False
2025-11-06 13:00:00,Kosovo,Kosovo,XK,527.78,580.99,27.24,25.83,13,6,11,3,False
2025-11-06 14:00:00,Kosovo,Kosovo,XK,473.46,525.4,32.79,32.4,14,6,11,3,False
2025-11-06 15:00:00,Kosovo,Kosovo,XK,403.19,449.48,42.16,42.01,15,6,11,3,False
2025-11-06 16:00:00,Kosovo,Kosovo,XK,392.36,437.25,43.81,43.64,16,6,11,3,False
2025-11-06 17:00:00,Kosovo,Kosovo,XK,406.05,451.48,42.02,41.85,17,6,11,3,False
2025-11-06 18:00:00,Kosovo,Kosovo,XK,416.08,462.14,40.9,40.46,18,6,11,3,False
2025-11-06 19:00:00,Kosovo,Kosovo,XK,451.65,501.43,35.56,35.01,19,6,11,3,False
2025-11-06 20:00:00,Kosovo,Kosovo,XK,459.4,510.7,34.01,33.4,20,6,11,3,False
2025-11-06 21:00:00,Kosovo,Kosovo,XK,504.62,556.56,29.16,28.38,21,6,11,3,False
2025-11-06 22:00:00,Kosovo,Kosovo,XK,594.21,648.46,19.65,17.89,22,6,11,3,False
2025-11-06 23:00:00,Kosovo,Kosovo,XK,646.2,702.15,13.95,11.75,23,6,11,3,False
2025-11-07 00:00:00,Kosovo,Kosovo,XK,697.19,755.75,7.43,5.81,0,7,11,4,False
2025-11-07 01:00:00,Kosovo,Kosovo,XK,710.25,769.15,5.85,4.61,1,7,11,4,False
2025-11-07 02:00:00,Kosovo,Kosovo,XK,708.33,767.39,5.99,4.69,2,7,11,4,False
2025-11-07 03:00:00,Kosovo,Kosovo,XK,710.36,769.77,5.65,4.29,3,7,11,4,False
2025-11-07 04:00:00,Kosovo,Kosovo,XK,682.05,740.89,9.05,6.74,4,7,11,4,False
2025-11-07 05:00:00,Kosovo,Kosovo,XK,620.53,673.05,17.81,16.92,5,7,11,4,False
2025-11-07 06:00:00,Kosovo,Kosovo,XK,637.62,694.62,13.56,12.79,6,7,11,4,False
2025-11-07 07:00:00,Kosovo,Kosovo,XK,527.91,580.42,26.8,26.45,7,7,11,4,False
2025-11-07 08:00:00,Kosovo,Kosovo,XK,511.46,564.79,28.45,27.7,8,7,11,4,False
2025-11-07 09:00:00,Kosovo,Kosovo,XK,532.44,584.89,27.16,25.58,9,7,11,4,False
2025-11-07 10:00:00,Kosovo,Kosovo,XK,526.38,577.29,28.72,26.88,10,7,11,4,False
2025-11-07 11:00:00,Kosovo,Kosovo,XK,533.2,584.05,28.13,26.16,11,7,11,4,False
2025-11-07 12:00:00,Kosovo,Kosovo,XK,536.74,588.7,27.24,25.23,12,7,11,4,False
2025-11-07 13:00:00,Kosovo,Kosovo,XK,536.57,591.95,25.16,23.9,13,7,11,4,False
2025-11-07 14:00:00,Kosovo,Kosovo,XK,490.44,543.6,30.41,29.35,14,7,11,4,False
2025-11-07 15:00:00,Kosovo,Kosovo,XK,416.5,463.28,40.54,40.0,15,7,11,4,False
2025-11-07 16:00:00,Kosovo,Kosovo,XK,387.09,431.14,44.8,44.44,16,7,11,4,False
2025-11-07 17:00:00,Kosovo,Kosovo,XK,406.43,451.67,42.29,41.81,17,7,11,4,False
2025-11-07 18:00:00,Kosovo,Kosovo,XK,435.84,483.55,38.26,37.41,18,7,11,4,False
2025-11-07 19:00:00,Kosovo,Kosovo,XK,459.48,509.58,34.79,33.91,19,7,11,4,False
2025-11-07 20:00:00,Kosovo,Kosovo,XK,480.45,532.26,31.99,31.09,20,7,11,4,False
2025-11-07 21:00:00,Kosovo,Kosovo,XK,534.01,588.69,25.7,23.56,21,7,11,4,False
2025-11-07 22:00:00,Kosovo,Kosovo,XK,572.97,626.27,22.68,19.83,22,7,11,4,False
2025-11-07 23:00:00,Kosovo,Kosovo,XK,655.12,711.65,12.7,10.79,23,7,11,4,False
2025-11-08 00:00:00,Kosovo,Kosovo,XK,667.37,724.88,11.08,8.9,0,8,11,5,False
2025-11-08 01:00:00,Kosovo,Kosovo,XK,694.28,752.77,7.77,6.26,1,8,11,5,False
2025-11-08 02:00:00,Kosovo,Kosovo,XK,715.13,774.2,5.25,4.42,2,8,11,5,False
2025-11-08 03:00:00,Kosovo,Kosovo,XK,718.56,777.77,4.82,4.08,3,8,11,5,False
2025-11-08 04:00:00,Kosovo,Kosovo,XK,714.22,773.11,5.4,4.74,4,8,11,5,False
2025-11-08 05:00:00,Kosovo,Kosovo,XK,694.52,752.54,7.9,6.87,5,8,11,5,False
2025-11-08 06:00:00,Kosovo,Kosovo,XK,677.15,736.43,8.92,8.32,6,8,11,5,False
2025-11-08 07:00:00,Kosovo,Kosovo,XK,650.46,706.89,13.0,12.67,7,8,11,5,False
2025-11-08 08:00:00,Kosovo,Kosovo,XK,573.6,627.16,21.89,21.66,8,8,11,5,False
2025-11-08 09:00:00,Kosovo,Kosovo,XK,502.5,554.97,29.62,29.32,9,8,11,5,False
2025-11-08 10:00:00,Kosovo,Kosovo,XK,507.81,560.98,28.65,28.33,10,8,11,5,False
2025-11-08 11:00:00,Kosovo,Kosovo,XK,532.55,587.16,25.44,25.13,11,8,11,5,False
2025-11-08 12:00:00,Kosovo,Kosovo,XK,546.69,601.04,24.11,23.79,12,8,11,5,False
2025-11-08 13:00:00,Kosovo,Kosovo,XK,529.31,583.46,25.89,25.71,13,8,11,5,False
2025-11-08 14:00:00,Kosovo,Kosovo,XK,537.05,592.71,24.64,24.12,14,8,11,5,False
2025-11-08 15:00:00,Kosovo,Kosovo,XK,465.4,515.24,34.3,33.7,15,8,11,5,False
2025-11-08 16:00:00,Kosovo,Kosovo,XK,462.72,511.71,34.76,34.22,16,8,11,5,False
2025-11-08 17:00:00,Kosovo,Kosovo,XK,472.69,522.13,33.56,33.07,17,8,11,5,False
2025-11-08 18:00:00,Kosovo,Kosovo,XK,497.91,548.56,30.57,29.78,18,8,11,5,False
2025-11-08 19:00:00,Kosovo,Kosovo,XK,522.36,575.11,27.24,26.36,19,8,11,5,False
2025-11-08 20:00:00,Kosovo,Kosovo,XK,596.88,650.5,19.79,18.63,20,8,11,5,False
2025-11-08 21:00:00,Kosovo,Kosovo,XK,618.35,672.1,17.76,16.1,21,8,11,5,False
2025-11-08 22:00:00,Kosovo,Kosovo,XK,665.26,722.11,11.58,9.73,22,8,11,5,False
2025-11-08 23:00:00,Kosovo,Kosovo,XK,675.16,734.64,9.24,7.0,23,8,11,5,False
2025-11-09 00:00:00,Kosovo,Kosovo,XK,673.33,734.0,8.67,6.55,0,9,11,6,False
2025-11-09 01:00:00,Kosovo,Kosovo,XK,668.69,730.66,8.23,6.58,1,9,11,6,False
2025-11-09 02:00:00,Kosovo,Kosovo,XK,673.24,735.77,7.57,5.73,2,9,11,6,False
2025-11-09 03:00:00,Kosovo,Kosovo,XK,681.79,744.01,6.84,5.31,3,9,11,6,False
2025-11-09 04:00:00,Kosovo,Kosovo,XK,706.07,766.97,5.25,4.12,4,9,11,6,False
2025-11-09 05:00:00,Kosovo,Kosovo,XK,665.17,722.04,11.47,10.37,5,9,11,6,False
2025-11-09 06:00:00,Kosovo,Kosovo,XK,648.67,708.97,10.9,9.77,6,9,11,6,False
2025-11-09 07:00:00,Kosovo,Kosovo,XK,513.0,567.31,27.23,26.97,7,9,11,6,False
2025-11-09 08:00:00,Kosovo,Kosovo,XK,462.86,515.36,33.39,33.29,8,9,11,6,False
2025-11-09 09:00:00,Kosovo,Kosovo,XK,416.59,466.85,39.47,39.39,9,9,11,6,False
2025-11-09 10:00:00,Kosovo,Kosovo,XK,437.3,488.5,36.89,36.81,10,9,11,6,False
2025-11-09 11:00:00,Kosovo,Kosovo,XK,451.8,504.44,34.6,34.49,11,9,11,6,False
2025-11-09 12:00:00,Kosovo,Kosovo,XK,447.88,499.98,35.11,35.0,12,9,11,6,False
2025-11-09 13:00:00,Kosovo,Kosovo,XK,525.31,579.72,25.84,25.82,13,9,11,6,False
2025-11-09 14:00:00,Kosovo,Kosovo,XK,529.65,583.52,26.35,26.08,14,9,11,6,False
2025-11-09 15:00:00,Kosovo,Kosovo,XK,481.68,532.09,32.63,32.43,15,9,11,6,False
2025-11-09 16:00:00,Kosovo,Kosovo,XK,483.57,533.7,32.35,32.2,16,9,11,6,False
2025-11-09 17:00:00,Kosovo,Kosovo,XK,481.58,531.25,32.7,32.61,17,9,11,6,False
2025-11-09 18:00:00,Kosovo,Kosovo,XK,489.82,538.79,32.5,32.3,18,9,11,6,False
2025-11-09 19:00:00,Kosovo,Kosovo,XK,517.86,567.06,29.61,29.35,19,9,11,6,False
2025-11-09 20:00:00,Kosovo,Kosovo,XK,589.9,641.73,20.87,20.73,20,9,11,6,False
2025-11-09 21:00:00,Kosovo,Kosovo,XK,604.33,657.29,18.86,18.58,21,9,11,6,False
2025-11-09 22:00:00,Kosovo,Kosovo,XK,637.16,691.05,15.22,14.99,22,9,11,6,False
2025-11-09 23:00:00,Kosovo,Kosovo,XK,635.14,690.72,14.29,14.29,23,9,11,6,False
2025-11-10 00:00:00,Kosovo,Kosovo,XK,640.83,696.1,13.94,13.94,0,10,11,0,False
2025-11-10 01:00:00,Kosovo,Kosovo,XK,649.04,704.19,13.24,13.24,1,10,11,0,False
2025-11-10 02:00:00,Kosovo,Kosovo,XK,646.03,700.3,14.04,14.04,2,10,11,0,False
2025-11-10 03:00:00,Kosovo,Kosovo,XK,619.02,671.66,17.54,17.54,3,10,11,0,False
2025-11-10 04:00:00,Kosovo,Kosovo,XK,602.05,652.28,20.62,20.6,4,10,11,0,False
2025-11-10 05:00:00,Kosovo,Kosovo,XK,561.23,609.13,25.79,25.67,5,10,11,0,False
2025-11-10 06:00:00,Kosovo,Kosovo,XK,504.77,556.33,29.77,29.75,6,10,11,0,False
2025-11-10 07:00:00,Kosovo,Kosovo,XK,468.81,517.97,34.72,34.7,7,10,11,0,False
2025-11-10 08:00:00,Kosovo,Kosovo,XK,450.88,498.17,37.63,37.57,8,10,11,0,False
2025-11-10 09:00:00,Kosovo,Kosovo,XK,462.25,510.07,36.27,36.24,9,10,11,0,False
2025-11-10 10:00:00,Kosovo,Kosovo,XK,466.98,515.17,35.68,35.65,10,10,11,0,False
2025-11-10 11:00:00,Kosovo,Kosovo,XK,461.74,509.94,36.23,36.16,11,10,11,0,False
2025-11-10 12:00:00,Kosovo,Kosovo,XK,461.35,510.17,35.88,35.82,12,10,11,0,False
2025-11-10 13:00:00,Kosovo,Kosovo,XK,480.86,530.85,33.26,33.17,13,10,11,0,False
2025-11-10 14:00:00,Kosovo,Kosovo,XK,483.7,533.8,32.69,32.58,14,10,11,0,False
2025-11-10 15:00:00,Kosovo,Kosovo,XK,423.28,468.47,40.78,40.73,15,10,11,0,False
2025-11-10 16:00:00,Kosovo,Kosovo,XK,408.41,452.33,42.78,42.76,16,10,11,0,False
2025-11-10 17:00:00,Kosovo,Kosovo,XK,420.5,465.02,41.17,41.12,17,10,11,0,False
2025-11-10 18:00:00,Kosovo,Kosovo,XK,426.16,471.9,40.19,40.08,18,10,11,0,False
2025-11-10 19:00:00,Kosovo,Kosovo,XK,434.68,481.75,38.71,38.56,19,10,11,0,False
2025-11-10 20:00:00,Kosovo,Kosovo,XK,460.9,509.13,35.52,35.46,20,10,11,0,False
2025-11-10 21:00:00,Kosovo,Kosovo,XK,512.01,560.84,30.3,30.12,21,10,11,0,False
2025-11-10 22:00:00,Kosovo,Kosovo,XK,552.72,600.79,26.63,26.39,22,10,11,0,False
2025-11-10 23:00:00,Kosovo,Kosovo,XK,663.68,718.64,12.27,11.66,23,10,11,0,False
2025-11-11 00:00:00,Kosovo,Kosovo,XK,702.0,758.56,7.54,7.35,0,11,11,1,False
2025-11-11 01:00:00,Kosovo,Kosovo,XK,739.0,797.69,2.75,2.73,1,11,11,1,False
2025-11-11 02:00:00,Kosovo,Kosovo,XK,739.76,798.44,2.66,2.66,2,11,11,1,False
2025-11-11 03:00:00,Kosovo,Kosovo,XK,742.44,801.31,2.31,2.31,3,11,11,1,False
2025-11-11 04:00:00,Kosovo,Kosovo,XK,664.5,718.49,12.54,12.5,4,11,11,1,False
2025-11-11 05:00:00,Kosovo,Kosovo,XK,654.7,708.1,13.82,13.75,5,11,11,1,False
2025-11-11 06:00:00,Kosovo,Kosovo,XK,671.87,727.25,11.09,11.09,6,11,11,1,False
2025-11-11 07:00:00,Kosovo,Kosovo,XK,573.01,624.83,22.87,22.87,7,11,11,1,False
2025-11-11 08:00:00,Kosovo,Kosovo,XK,570.68,621.96,23.49,23.49,8,11,11,1,False
2025-11-11 09:00:00,Kosovo,Kosovo,XK,565.72,616.7,24.27,24.27,9,11,11,1,False
2025-11-11 10:00:00,Kosovo,Kosovo,XK,576.42,628.57,22.57,22.57,10,11,11,1,False
2025-11-11 11:00:00,Kosovo,Kosovo,XK,590.41,644.15,20.29,20.29,11,11,11,1,False
2025-11-11 12:00:00,Kosovo,Kosovo,XK,599.54,653.61,19.1,19.1,12,11,11,1,False
2025-11-11 13:00:00,Kosovo,Kosovo,XK,579.13,631.88,21.81,21.79,13,11,11,1,False
2025-11-11 14:00:00,Kosovo,Kosovo,XK,557.21,611.1,23.39,23.36,14,11,11,1,False
2025-11-11 15:00:00,Kosovo,Kosovo,XK,508.47,559.73,29.2,29.1,15,11,11,1,False
2025-11-11 16:00:00,Kosovo,Kosovo,XK,502.86,553.04,30.19,29.96,16,11,11,1,False
2025-11-11 17:00:00,Kosovo,Kosovo,XK,503.63,553.29,30.43,30.07,17,11,11,1,False
2025-11-11 18:00:00,Kosovo,Kosovo,XK,513.27,563.33,29.32,28.84,18,11,11,1,False
2025-11-11 19:00:00,Kosovo,Kosovo,XK,533.94,586.32,26.18,25.72,19,11,11,1,False
2025-11-11 20:00:00,Kosovo,Kosovo,XK,580.95,631.73,22.39,22.06,20,11,11,1,False
2025-11-11 21:00:00,Kosovo,Kosovo,XK,612.3,664.41,18.85,17.66,21,11,11,1,False
2025-11-11 22:00:00,Kosovo,Kosovo,XK,652.22,708.02,13.33,11.42,22,11,11,1,False
2025-11-11 23:00:00,Kosovo,Kosovo,XK,714.13,773.39,5.35,3.81,23,11,11,1,False
2025-11-12 00:00:00,Kosovo,Kosovo,XK,738.54,798.38,2.44,1.64,0,12,11,2,False
2025-11-12 01:00:00,Kosovo,Kosovo,XK,751.85,811.77,0.93,0.68,1,12,11,2,False
2025-11-12 02:00:00,Kosovo,Kosovo,XK,759.27,819.26,0.08,0.06,2,12,11,2,False
2025-11-12 03:00:00,Kosovo,Kosovo,XK,760.0,820.0,0.0,0.0,3,12,11,2,False
2025-11-12 04:00:00,Kosovo,Kosovo,XK,702.15,758.88,7.48,7.2,4,12,11,2,False
2025-11-12 05:00:00,Kosovo,Kosovo,XK,663.47,717.52,12.62,12.49,5,12,11,2,False
2025-11-12 06:00:00,Kosovo,Kosovo,XK,649.16,705.87,12.49,12.48,6,12,11,2,False
2025-11-12 07:00:00,Kosovo,Kosovo,XK,544.28,597.8,24.79,24.79,7,12,11,2,False
2025-11-12 08:00:00,Kosovo,Kosovo,XK,540.36,593.41,25.72,25.72,8,12,11,2,False
2025-11-12 09:00:00,Kosovo,Kosovo,XK,527.53,579.69,27.75,27.72,9,12,11,2,False
2025-11-12 10:00:00,Kosovo,Kosovo,XK,533.96,586.53,26.92,26.92,10,12,11,2,False
2025-11-12 11:00:00,Kosovo,Kosovo,XK,551.02,604.48,24.6,24.6,11,12,11,2,False
2025-11-12 12:00:00,Kosovo,Kosovo,XK,578.22,632.58,21.23,21.23,12,12,11,2,False
2025-11-12 13:00:00,Kosovo,Kosovo,XK,589.73,642.61,20.79,20.79,13,12,11,2,False
2025-11-12 14:00:00,Kosovo,Kosovo,XK,524.5,577.61,27.1,27.08,14,12,11,2,False
2025-11-12 15:00:00,Kosovo,Kosovo,XK,452.33,500.46,36.36,36.26,15,12,11,2,False
2025-11-12 16:00:00,Kosovo,Kosovo,XK,437.31,483.41,38.74,38.55,16,12,11,2,False
2025-11-12 17:00:00,Kosovo,Kosovo,XK,441.4,487.32,38.44,38.2,17,12,11,2,False
2025-11-12 18:00:00,Kosovo,Kosovo,XK,456.63,502.99,36.73,36.49,18,12,11,2,False
2025-11-12 19:00:00,Kosovo,Kosovo,XK,483.5,532.54,32.79,32.4,19,12,11,2,False
2025-11-12 20:00:00,Kosovo,Kosovo,XK,492.4,541.39,31.97,31.67,20,12,11,2,False
2025-11-12 21:00:00,Kosovo,Kosovo,XK,513.13,562.92,29.69,29.22,21,12,11,2,False
2025-11-12 22:00:00,Kosovo,Kosovo,XK,537.42,585.35,28.24,27.77,22,12,11,2,False
2025-11-12 23:00:00,Kosovo,Kosovo,XK,642.38,695.44,15.22,14.8,23,12,11,2,False
2025-11-13 00:00:00,Kosovo,Kosovo,XK,708.24,765.06,6.75,6.64,0,13,11,3,False
2025-11-13 01:00:00,Kosovo,Kosovo,XK,752.5,812.01,0.99,0.99,1,13,11,3,False
2025-11-13 02:00:00,Kosovo,Kosovo,XK,750.57,810.23,1.14,0.96,2,13,11,3,False
2025-11-13 03:00:00,Kosovo,Kosovo,XK,736.51,795.59,2.87,2.51,3,13,11,3,False
2025-11-13 04:00:00,Kosovo,Kosovo,XK,602.09,656.28,18.8,18.22,4,13,11,3,False
2025-11-13 05:00:00,Kosovo,Kosovo,XK,553.0,607.13,23.57,23.21,5,13,11,3,False
2025-11-13 06:00:00,Kosovo,Kosovo,XK,577.99,632.33,20.91,20.85,6,13,11,3,False
2025-11-13 07:00:00,Kosovo,Kosovo,XK,563.54,617.32,22.78,22.76,7,13,11,3,False
2025-11-13 08:00:00,Kosovo,Kosovo,XK,552.63,606.35,24.31,24.2,8,13,11,3,False
2025-11-13 09:00:00,Kosovo,Kosovo,XK,543.76,597.64,25.28,25.04,9,13,11,3,False
2025-11-13 10:00:00,Kosovo,Kosovo,XK,549.72,603.98,24.37,24.25,10,13,11,3,False
2025-11-13 11:00:00,Kosovo,Kosovo,XK,559.63,614.35,22.98,22.98,11,13,11,3,False
2025-11-13 12:00:00,Kosovo,Kosovo,XK,563.25,617.93,22.5,22.5,12,13,11,3,False
2025-11-13 13:00:00,Kosovo,Kosovo,XK,557.01,609.38,24.27,24.27,13,13,11,3,False
2025-11-13 14:00:00,Kosovo,Kosovo,XK,511.95,564.01,28.77,28.69,14,13,11,3,False
2025-11-13 15:00:00,Kosovo,Kosovo,XK,436.24,482.9,38.77,38.71,15,13,11,3,False
2025-11-13 16:00:00,Kosovo,Kosovo,XK,421.63,466.42,41.03,40.89,16,13,11,3,False
2025-11-13 17:00:00,Kosovo,Kosovo,XK,432.46,478.28,39.41,39.18,17,13,11,3,False
2025-11-13 18:00:00,Kosovo,Kosovo,XK,458.07,506.2,35.73,35.41,18,13,11,3,False
2025-11-13 19:00:00,Kosovo,Kosovo,XK,487.92,537.92,31.89,31.52,19,13,11,3,False
2025-11-13 20:00:00,Kosovo,Kosovo,XK,496.67,548.25,30.26,29.97,20,13,11,3,False
2025-11-13 21:00:00,Kosovo,Kosovo,XK,513.42,565.6,28.38,28.02,21,13,11,3,False
2025-11-13 22:00:00,Kosovo,Kosovo,XK,545.71,595.94,26.27,25.84,22,13,11,3,False
2025-11-13 23:00:00,Kosovo,Kosovo,XK,544.36,592.01,27.53,27.29,23,13,11,3,False
2025-11-14 00:00:00,Kosovo,Kosovo,XK,607.53,658.39,19.79,19.35,0,14,11,4,False
2025-11-14 01:00:00,Kosovo,Kosovo,XK,627.52,679.55,17.2,16.87,1,14,11,4,False
2025-11-14 02:00:00,Kosovo,Kosovo,XK,626.33,678.59,17.25,16.75,2,14,11,4,False
2025-11-14 03:00:00,Kosovo,Kosovo,XK,614.86,666.39,18.76,18.26,3,14,11,4,False
2025-11-14 04:00:00,Kosovo,Kosovo,XK,583.46,633.74,22.67,21.74,4,14,11,4,False
2025-11-14 05:00:00,Kosovo,Kosovo,XK,549.47,597.42,27.14,26.4,5,14,11,4,False
2025-11-14 06:00:00,Kosovo,Kosovo,XK,546.47,596.68,26.03,25.95,6,14,11,4,False
2025-11-14 07:00:00,Kosovo,Kosovo,XK,480.07,530.16,32.98,32.96,7,14,11,4,False
2025-11-14 08:00:00,Kosovo,Kosovo,XK,511.7,561.36,30.58,30.46,8,14,11,4,False
2025-11-14 09:00:00,Kosovo,Kosovo,XK,517.59,566.68,30.57,30.31,9,14,11,4,False
2025-11-14 10:00:00,Kosovo,Kosovo,XK,520.68,570.09,30.1,29.88,10,14,11,4,False
2025-11-14 11:00:00,Kosovo,Kosovo,XK,538.3,588.74,27.72,27.53,11,14,11,4,False
2025-11-14 12:00:00,Kosovo,Kosovo,XK,523.7,573.05,29.56,29.54,12,14,11,4,False
2025-11-14 13:00:00,Kosovo,Kosovo,XK,509.95,559.7,30.55,30.54,13,14,11,4,False
2025-11-14 14:00:00,Kosovo,Kosovo,XK,481.61,532.29,32.59,32.38,14,14,11,4,False
2025-11-14 15:00:00,Kosovo,Kosovo,XK,419.46,465.99,40.58,40.32,15,14,11,4,False
2025-11-14 16:00:00,Kosovo,Kosovo,XK,412.83,458.67,41.49,41.16,16,14,11,4,False
2025-11-14 17:00:00,Kosovo,Kosovo,XK,420.82,467.18,40.35,39.99,17,14,11,4,False
2025-11-14 18:00:00,Kosovo,Kosovo,XK,437.72,484.96,38.26,37.82,18,14,11,4,False
2025-11-14 19:00:00,Kosovo,Kosovo,XK,452.98,501.22,36.31,35.92,19,14,11,4,False
2025-11-14 20:00:00,Kosovo,Kosovo,XK,456.92,503.66,36.74,36.34,20,14,11,4,False
2025-11-14 21:00:00,Kosovo,Kosovo,XK,491.03,537.17,33.75,33.11,21,14,11,4,False
2025-11-14 22:00:00,Kosovo,Kosovo,XK,534.84,583.13,28.45,27.49,22,14,11,4,False
2025-11-14 23:00:00,Kosovo,Kosovo,XK,553.78,601.3,26.71,26.49,23,14,11,4,False
2025-11-15 00:00:00,Kosovo,Kosovo,XK,610.55,661.67,19.41,18.83,0,15,11,5,False
2025-11-15 01:00:00,Kosovo,Kosovo,XK,670.08,724.89,11.63,11.19,1,15,11,5,False
2025-11-15 02:00:00,Kosovo,Kosovo,XK,692.91,749.18,8.63,8.21,2,15,11,5,False
2025-11-15 03:00:00,Kosovo,Kosovo,XK,693.46,749.43,8.66,8.49,3,15,11,5,False
2025-11-15 04:00:00,Kosovo,Kosovo,XK,671.72,726.83,11.36,10.84,4,15,11,5,False
2025-11-15 05:00:00,Kosovo,Kosovo,XK,659.52,713.54,13.07,12.79,5,15,11,5,False
2025-11-15 06:00:00,Kosovo,Kosovo,XK,646.24,702.55,13.08,12.89,6,15,11,5,False
2025-11-15 07:00:00,Kosovo,Kosovo,XK,538.17,592.16,25.37,25.24,7,15,11,5,False
2025-11-15 08:00:00,Kosovo,Kosovo,XK,504.49,556.69,30.11,29.87,8,15,11,5,False
2025-11-15 09:00:00,Kosovo,Kosovo,XK,510.79,562.72,29.94,29.34,9,15,11,5,False
2025-11-15 10:00:00,Kosovo,Kosovo,XK,514.31,566.72,29.4,28.88,10,15,11,5,False
2025-11-15 11:00:00,Kosovo,Kosovo,XK,519.95,572.95,28.36,27.98,11,15,11,5,False
2025-11-15 12:00:00,Kosovo,Kosovo,XK,520.78,572.82,28.5,28.28,12,15,11,5,False
2025-11-15 13:00:00,Kosovo,Kosovo,XK,535.88,587.62,26.6,26.6,13,15,11,5,False
2025-11-15 14:00:00,Kosovo,Kosovo,XK,487.96,539.6,31.67,31.55,14,15,11,5,False
2025-11-15 15:00:00,Kosovo,Kosovo,XK,422.84,468.9,40.68,40.37,15,15,11,5,False
2025-11-15 16:00:00,Kosovo,Kosovo,XK,420.99,465.96,41.27,40.86,16,15,11,5,False
2025-11-15 17:00:00,Kosovo,Kosovo,XK,434.43,479.97,39.63,39.17,17,15,11,5,False
2025-11-15 18:00:00,Kosovo,Kosovo,XK,441.91,487.88,38.69,38.23,18,15,11,5,False
2025-11-15 19:00:00,Kosovo,Kosovo,XK,459.11,506.57,36.26,35.87,19,15,11,5,False
2025-11-15 20:00:00,Kosovo,Kosovo,XK,466.91,513.61,35.88,35.64,20,15,11,5,False
2025-11-15 21:00:00,Kosovo,Kosovo,XK,488.09,534.61,33.97,33.5,21,15,11,5,False
2025-11-15 22:00:00,Kosovo,Kosovo,XK,503.57,548.69,32.97,32.56,22,15,11,5,False
2025-11-15 23:00:00,Kosovo,Kosovo,XK,532.84,578.78,29.69,29.18,23,15,11,5,False
2025-11-16 00:00:00,Kosovo,Kosovo,XK,568.68,616.91,24.99,24.48,0,16,11,6,False
2025-11-16 01:00:00,Kosovo,Kosovo,XK,574.98,623.43,24.21,23.87,1,16,11,6,False
2025-11-16 02:00:00,Kosovo,Kosovo,XK,588.75,638.15,22.39,22.02,2,16,11,6,False
2025-11-16 03:00:00,Kosovo,Kosovo,XK,581.93,630.86,23.29,22.95,3,16,11,6,False
2025-11-16 04:00:00,Kosovo,Kosovo,XK,564.33,612.32,25.6,25.24,4,16,11,6,False
2025-11-16 05:00:00,Kosovo,Kosovo,XK,589.53,639.59,22.13,21.44,5,16,11,6,False
2025-11-16 06:00:00,Kosovo,Kosovo,XK,638.07,691.64,15.38,15.38,6,16,11,6,False
2025-11-16 07:00:00,Kosovo,Kosovo,XK,546.57,599.31,25.16,25.15,7,16,11,6,False
2025-11-16 08:00:00,Kosovo,Kosovo,XK,517.85,569.46,28.94,28.94,8,16,11,6,False
2025-11-16 09:00:00,Kosovo,Kosovo,XK,507.24,558.98,30.07,30.07,9,16,11,6,False
2025-11-16 10:00:00,Kosovo,Kosovo,XK,512.74,565.1,29.16,29.16,10,16,11,6,False
2025-11-16 11:00:00,Kosovo,Kosovo,XK,514.1,566.29,29.08,29.08,11,16,11,6,False
2025-11-16 12:00:00,Kosovo,Kosovo,XK,528.38,580.79,27.37,27.37,12,16,11,6,False
2025-11-16 13:00:00,Kosovo,Kosovo,XK,572.35,626.18,21.91,21.9,13,16,11,6,False
2025-11-16 14:00:00,Kosovo,Kosovo,XK,502.55,550.62,31.93,31.67,14,16,11,6,False
2025-11-16 15:00:00,Kosovo,Kosovo,XK,428.69,474.64,40.26,40.05,15,16,11,6,False
2025-11-16 16:00:00,Kosovo,Kosovo,XK,424.54,469.53,40.94,40.78,16,16,11,6,False
2025-11-16 17:00:00,Kosovo,Kosovo,XK,430.48,475.59,40.31,40.17,17,16,11,6,False
2025-11-16 18:00:00,Kosovo,Kosovo,XK,449.25,494.39,38.5,38.19,18,16,11,6,False
2025-11-16 19:00:00,Kosovo,Kosovo,XK,465.72,511.0,36.76,36.46,19,16,11,6,False
2025-11-16 20:00:00,Kosovo,Kosovo,XK,503.74,549.22,32.86,32.45,20,16,11,6,False
2025-11-16 21:00:00,Kosovo,Kosovo,XK,523.54,569.08,30.83,30.41,21,16,11,6,False
2025-11-16 22:00:00,Kosovo,Kosovo,XK,562.84,610.71,25.65,25.51,22,16,11,6,False
2025-11-16 23:00:00,Kosovo,Kosovo,XK,512.87,556.95,32.46,32.46,23,16,11,6,False
2025-11-17 00:00:00,Kosovo,Kosovo,XK,549.34,595.67,27.72,27.72,0,17,11,0,False
2025-11-17 01:00:00,Kosovo,Kosovo,XK,574.49,622.45,24.41,24.41,1,17,11,0,False
2025-11-17 02:00:00,Kosovo,Kosovo,XK,575.82,623.88,24.23,24.23,2,17,11,0,False
2025-11-17 03:00:00,Kosovo,Kosovo,XK,570.41,618.11,24.95,24.95,3,17,11,0,False
2025-11-17 04:00:00,Kosovo,Kosovo,XK,523.96,568.93,31.03,30.99,4,17,11,0,False
2025-11-17 05:00:00,Kosovo,Kosovo,XK,480.1,522.88,36.39,36.38,5,17,11,0,False
2025-11-17 06:00:00,Kosovo,Kosovo,XK,452.3,494.63,39.39,39.37,6,17,11,0,False
2025-11-17 07:00:00,Kosovo,Kosovo,XK,457.94,503.23,37.48,37.46,7,17,11,0,False
2025-11-17 08:00:00,Kosovo,Kosovo,XK,457.77,504.36,37.09,37.09,8,17,11,0,False
2025-11-17 09:00:00,Kosovo,Kosovo,XK,454.22,500.47,37.8,37.8,9,17,11,0,False
2025-11-17 10:00:00,Kosovo,Kosovo,XK,470.73,517.25,36.02,36.02,10,17,11,0,False
2025-11-17 11:00:00,Kosovo,Kosovo,XK,490.03,538.48,33.04,33.04,11,17,11,0,False
2025-11-17 12:00:00,Kosovo,Kosovo,XK,515.43,564.06,30.31,30.3,12,17,11,0,False
2025-11-17 13:00:00,Kosovo,Kosovo,XK,452.68,497.25,38.6,38.59,13,17,11,0,False
2025-11-17 14:00:00,Kosovo,Kosovo,XK,437.95,480.82,40.8,40.79,14,17,11,0,False
2025-11-17 15:00:00,Kosovo,Kosovo,XK,430.2,474.27,40.69,40.67,15,17,11,0,False
2025-11-17 16:00:00,Kosovo,Kosovo,XK,433.13,477.08,40.36,40.34,16,17,11,0,False
2025-11-17 17:00:00,Kosovo,Kosovo,XK,431.01,474.3,40.96,40.94,17,17,11,0,False
2025-11-17 18:00:00,Kosovo,Kosovo,XK,459.67,503.74,37.65,37.63,18,17,11,0,False
2025-11-17 19:00:00,Kosovo,Kosovo,XK,499.6,545.97,32.34,32.31,19,17,11,0,False
2025-11-17 20:00:00,Kosovo,Kosovo,XK,528.93,577.93,28.1,28.08,20,17,11,0,False
2025-11-17 21:00:00,Kosovo,Kosovo,XK,508.29,558.1,29.63,29.62,21,17,11,0,False
2025-11-17 22:00:00,Kosovo,Kosovo,XK,497.01,546.44,30.94,30.94,22,17,11,0,False
2025-11-17 23:00:00,Kosovo,Kosovo,XK,491.03,538.1,32.88,32.88,23,17,11,0,False
2025-11-18 00:00:00,Kosovo,Kosovo,XK,505.33,553.93,30.65,30.65,0,18,11,1,False
2025-11-18 01:00:00,Kosovo,Kosovo,XK,534.61,584.05,27.39,27.39,1,18,11,1,False
2025-11-18 02:00:00,Kosovo,Kosovo,XK,538.67,586.24,28.08,28.08,2,18,11,1,False
2025-11-18 03:00:00,Kosovo,Kosovo,XK,543.31,590.87,27.63,27.63,3,18,11,1,False
2025-11-18 04:00:00,Kosovo,Kosovo,XK,527.99,574.41,29.84,29.83,4,18,11,1,False
2025-11-18 05:00:00,Kosovo,Kosovo,XK,512.73,557.13,32.43,32.43,5,18,11,1,False
2025-11-18 06:00:00,Kosovo,Kosovo,XK,435.75,476.33,41.97,41.96,6,18,11,1,False
2025-11-18 07:00:00,Kosovo,Kosovo,XK,412.45,452.02,44.84,44.83,7,18,11,1,False
2025-11-18 08:00:00,Kosovo,Kosovo,XK,395.62,434.08,47.22,47.22,8,18,11,1,False
2025-11-18 09:00:00,Kosovo,Kosovo,XK,417.15,457.56,44.28,44.24,9,18,11,1,False
2025-11-18 10:00:00,Kosovo,Kosovo,XK,416.12,456.36,44.52,44.43,10,18,11,1,False
2025-11-18 11:00:00,Kosovo,Kosovo,XK,409.23,448.85,45.48,45.29,11,18,11,1,False
2025-11-18 12:00:00,Kosovo,Kosovo,XK,407.61,447.1,45.62,45.53,12,18,11,1,False
2025-11-18 13:00:00,Kosovo,Kosovo,XK,407.11,446.79,45.46,45.41,13,18,11,1,False
2025-11-18 14:00:00,Kosovo,Kosovo,XK,387.98,426.23,47.81,47.79,14,18,11,1,False
2025-11-18 15:00:00,Kosovo,Kosovo,XK,391.89,432.0,46.2,46.16,15,18,11,1,False
2025-11-18 16:00:00,Kosovo,Kosovo,XK,387.17,429.18,45.7,45.65,16,18,11,1,False
2025-11-18 17:00:00,Kosovo,Kosovo,XK,395.29,438.94,44.04,44.0,17,18,11,1,False
2025-11-18 18:00:00,Kosovo,Kosovo,XK,416.11,459.53,42.01,41.95,18,18,11,1,False
2025-11-18 19:00:00,Kosovo,Kosovo,XK,446.94,488.64,39.95,39.9,19,18,11,1,False
2025-11-18 20:00:00,Kosovo,Kosovo,XK,490.72,537.21,33.0,32.91,20,18,11,1,False
2025-11-18 21:00:00,Kosovo,Kosovo,XK,489.07,535.57,33.17,33.09,21,18,11,1,False
2025-11-18 22:00:00,Kosovo,Kosovo,XK,479.53,526.98,33.7,33.68,22,18,11,1,False
2025-11-18 23:00:00,Kosovo,Kosovo,XK,484.97,531.82,33.55,33.55,23,18,11,1,False
2025-11-19 00:00:00,Kosovo,Kosovo,XK,501.04,549.58,31.06,31.06,0,19,11,2,False
2025-11-19 01:00:00,Kosovo,Kosovo,XK,515.42,564.24,29.54,29.54,1,19,11,2,False
2025-11-19 02:00:00,Kosovo,Kosovo,XK,506.97,554.1,31.32,31.32,2,19,11,2,False
2025-11-19 03:00:00,Kosovo,Kosovo,XK,522.26,569.92,29.57,29.57,3,19,11,2,False
2025-11-19 04:00:00,Kosovo,Kosovo,XK,516.96,563.58,30.77,30.77,4,19,11,2,False
2025-11-19 05:00:00,Kosovo,Kosovo,XK,466.3,509.13,37.75,37.75,5,19,11,2,False
2025-11-19 06:00:00,Kosovo,Kosovo,XK,421.23,461.44,43.58,43.58,6,19,11,2,False
2025-11-19 07:00:00,Kosovo,Kosovo,XK,400.44,439.41,46.33,46.31,7,19,11,2,False
2025-11-19 08:00:00,Kosovo,Kosovo,XK,397.66,436.46,46.77,46.74,8,19,11,2,False
2025-11-19 09:00:00,Kosovo,Kosovo,XK,400.06,439.1,46.5,46.45,9,19,11,2,False
2025-11-19 10:00:00,Kosovo,Kosovo,XK,393.86,432.3,47.47,47.38,10,19,11,2,False
2025-11-19 11:00:00,Kosovo,Kosovo,XK,388.69,426.81,48.12,48.03,11,19,11,2,False
2025-11-19 12:00:00,Kosovo,Kosovo,XK,389.26,427.18,48.18,48.04,12,19,11,2,False
2025-11-19 13:00:00,Kosovo,Kosovo,XK,384.1,421.37,48.94,48.82,13,19,11,2,False
2025-11-19 14:00:00,Kosovo,Kosovo,XK,356.11,390.72,52.88,52.86,14,19,11,2,False
2025-11-19 15:00:00,Kosovo,Kosovo,XK,381.15,419.24,48.42,48.41,15,19,11,2,False
2025-11-19 16:00:00,Kosovo,Kosovo,XK,391.57,430.26,47.09,47.07,16,19,11,2,False
2025-11-19 17:00:00,Kosovo,Kosovo,XK,396.07,438.89,44.63,44.54,17,19,11,2,False
2025-11-19 18:00:00,Kosovo,Kosovo,XK,408.78,452.28,43.04,42.92,18,19,11,2,False
2025-11-19 19:00:00,Kosovo,Kosovo,XK,414.95,458.21,42.5,42.44,19,19,11,2,False
2025-11-19 20:00:00,Kosovo,Kosovo,XK,440.41,483.54,40.07,40.05,20,19,11,2,False
2025-11-19 21:00:00,Kosovo,Kosovo,XK,454.62,496.35,39.28,39.26,21,19,11,2,False
2025-11-19 22:00:00,Kosovo,Kosovo,XK,473.62,517.86,36.07,36.06,22,19,11,2,False
2025-11-19 23:00:00,Kosovo,Kosovo,XK,501.41,547.69,32.31,32.31,23,19,11,2,False
2025-11-20 00:00:00,Kosovo,Kosovo,XK,518.36,564.39,30.84,30.84,0,20,11,3,False
2025-11-20 01:00:00,Kosovo,Kosovo,XK,525.49,572.52,29.6,29.6,1,20,11,3,False
2025-11-20 02:00:00,Kosovo,Kosovo,XK,529.13,576.35,29.15,29.15,2,20,11,3,False
2025-11-20 03:00:00,Kosovo,Kosovo,XK,525.51,572.2,29.8,29.8,3,20,11,3,False
2025-11-20 04:00:00,Kosovo,Kosovo,XK,492.02,534.92,35.26,35.26,4,20,11,3,False
2025-11-20 05:00:00,Kosovo,Kosovo,XK,413.84,452.93,44.99,44.99,5,20,11,3,False
2025-11-20 06:00:00,Kosovo,Kosovo,XK,405.23,443.66,46.11,46.11,6,20,11,3,False
2025-11-20 07:00:00,Kosovo,Kosovo,XK,398.62,437.21,46.78,46.78,7,20,11,3,False
2025-11-20 08:00:00,Kosovo,Kosovo,XK,393.48,431.87,47.62,47.62,8,20,11,3,False
2025-11-20 09:00:00,Kosovo,Kosovo,XK,436.9,479.85,41.29,41.29,9,20,11,3,False
2025-11-20 10:00:00,Kosovo,Kosovo,XK,436.49,479.48,41.31,41.31,10,20,11,3,False
2025-11-20 11:00:00,Kosovo,Kosovo,XK,433.61,476.2,41.72,41.72,11,20,11,3,False
2025-11-20 12:00:00,Kosovo,Kosovo,XK,439.63,482.15,41.05,41.05,12,20,11,3,False
2025-11-20 13:00:00,Kosovo,Kosovo,XK,405.25,444.95,45.64,45.63,13,20,11,3,False
2025-11-20 14:00:00,Kosovo,Kosovo,XK,382.98,420.81,48.62,48.61,14,20,11,3,False
2025-11-20 15:00:00,Kosovo,Kosovo,XK,385.02,424.04,47.55,47.53,15,20,11,3,False
2025-11-20 16:00:00,Kosovo,Kosovo,XK,403.1,444.26,44.6,44.57,16,20,11,3,False
2025-11-20 17:00:00,Kosovo,Kosovo,XK,405.63,447.94,43.69,43.66,17,20,11,3,False
2025-11-20 18:00:00,Kosovo,Kosovo,XK,421.98,465.59,41.46,41.44,18,20,11,3,False
2025-11-20 19:00:00,Kosovo,Kosovo,XK,432.19,476.04,40.33,40.31,19,20,11,3,False
2025-11-20 20:00:00,Kosovo,Kosovo,XK,450.67,495.16,38.09,38.06,20,20,11,3,False
2025-11-20 21:00:00,Kosovo,Kosovo,XK,445.13,488.16,39.43,39.41,21,20,11,3,False
2025-11-20 22:00:00,Kosovo,Kosovo,XK,449.99,492.67,39.22,39.21,22,20,11,3,False
2025-11-20 23:00:00,Kosovo,Kosovo,XK,446.66,487.43,40.63,40.63,23,20,11,3,False
2025-11-21 00:00:00,Kosovo,Kosovo,XK,465.27,507.38,38.11,38.11,0,21,11,4,False
2025-11-21 01:00:00,Kosovo,Kosovo,XK,473.38,515.51,37.33,37.33,1,21,11,4,False
2025-11-21 02:00:00,Kosovo,Kosovo,XK,489.25,532.36,35.27,35.27,2,21,11,4,False
2025-11-21 03:00:00,Kosovo,Kosovo,XK,482.76,525.21,36.25,36.25,3,21,11,4,False
2025-11-21 04:00:00,Kosovo,Kosovo,XK,476.64,518.83,37.13,37.13,4,21,11,4,False
2025-11-21 05:00:00,Kosovo,Kosovo,XK,466.35,509.03,37.85,37.85,5,21,11,4,False
2025-11-21 06:00:00,Kosovo,Kosovo,XK,447.21,490.01,39.68,39.68,6,21,11,4,False
2025-11-21 07:00:00,Kosovo,Kosovo,XK,450.75,494.45,38.99,38.99,7,21,11,4,False
2025-11-21 08:00:00,Kosovo,Kosovo,XK,457.58,501.66,38.38,38.38,8,21,11,4,False
2025-11-21 09:00:00,Kosovo,Kosovo,XK,466.74,511.82,37.07,37.07,9,21,11,4,False
2025-11-21 10:00:00,Kosovo,Kosovo,XK,460.42,505.65,37.63,37.63,10,21,11,4,False
2025-11-21 11:00:00,Kosovo,Kosovo,XK,461.56,506.95,37.48,37.48,11,21,11,4,False
2025-11-21 12:00:00,Kosovo,Kosovo,XK,475.52,521.27,35.86,35.86,12,21,11,4,False
2025-11-21 13:00:00,Kosovo,Kosovo,XK,455.99,500.62,38.22,38.22,13,21,11,4,False
2025-11-21 14:00:00,Kosovo,Kosovo,XK,438.97,482.75,39.85,39.77,14,21,11,4,False
2025-11-21 15:00:00,Kosovo,Kosovo,XK,422.44,466.33,41.05,40.94,15,21,11,4,False
2025-11-21 16:00:00,Kosovo,Kosovo,XK,429.83,474.67,39.84,39.76,16,21,11,4,False
2025-11-21 17:00:00,Kosovo,Kosovo,XK,436.97,482.13,39.02,38.98,17,21,11,4,False
2025-11-21 18:00:00,Kosovo,Kosovo,XK,445.44,490.67,38.16,38.13,18,21,11,4,False
2025-11-21 19:00:00,Kosovo,Kosovo,XK,453.57,498.52,37.58,37.56,19,21,11,4,False
2025-11-21 20:00:00,Kosovo,Kosovo,XK,475.0,521.49,34.66,34.65,20,21,11,4,False
2025-11-21 21:00:00,Kosovo,Kosovo,XK,467.42,511.91,36.52,36.52,21,21,11,4,False
2025-11-21 22:00:00,Kosovo,Kosovo,XK,473.46,519.57,35.04,35.04,22,21,11,4,False
2025-11-21 23:00:00,Kosovo,Kosovo,XK,515.69,565.62,28.89,28.89,23,21,11,4,False
2025-11-22 00:00:00,Kosovo,Kosovo,XK,537.25,587.77,26.51,26.51,0,22,11,5,False
2025-11-22 01:00:00,Kosovo,Kosovo,XK,552.02,603.34,24.64,24.64,1,22,11,5,False
2025-11-22 02:00:00,Kosovo,Kosovo,XK,561.6,613.06,23.65,23.65,2,22,11,5,False
2025-11-22 03:00:00,Kosovo,Kosovo,XK,565.71,615.46,24.24,24.24,3,22,11,5,False
2025-11-22 04:00:00,Kosovo,Kosovo,XK,570.05,618.04,24.93,24.93,4,22,11,5,False
2025-11-22 05:00:00,Kosovo,Kosovo,XK,564.02,611.6,25.75,25.75,5,22,11,5,False
2025-11-22 06:00:00,Kosovo,Kosovo,XK,510.91,561.56,29.24,29.24,6,22,11,5,False
2025-11-22 07:00:00,Kosovo,Kosovo,XK,481.02,529.45,33.7,33.7,7,22,11,5,False
2025-11-22 08:00:00,Kosovo,Kosovo,XK,468.11,516.97,34.96,34.95,8,22,11,5,False
2025-11-22 09:00:00,Kosovo,Kosovo,XK,472.68,521.98,34.21,34.19,9,22,11,5,False
2025-11-22 10:00:00,Kosovo,Kosovo,XK,465.51,513.58,35.52,35.52,10,22,11,5,False
2025-11-22 11:00:00,Kosovo,Kosovo,XK,451.65,498.99,37.24,37.24,11,22,11,5,False
2025-11-22 12:00:00,Kosovo,Kosovo,XK,451.13,497.39,37.79,37.79,12,22,11,5,False
2025-11-22 13:00:00,Kosovo,Kosovo,XK,459.54,504.39,37.59,37.59,13,22,11,5,False
2025-11-22 14:00:00,Kosovo,Kosovo,XK,430.97,473.22,41.62,41.61,14,22,11,5,False
2025-11-22 15:00:00,Kosovo,Kosovo,XK,419.63,462.84,41.93,41.93,15,22,11,5,False
2025-11-22 16:00:00,Kosovo,Kosovo,XK,437.87,483.03,39.0,38.99,16,22,11,5,False
2025-11-22 17:00:00,Kosovo,Kosovo,XK,442.66,487.38,38.69,38.65,17,22,11,5,False
2025-11-22 18:00:00,Kosovo,Kosovo,XK,452.84,495.95,38.58,38.53,18,22,11,5,False
2025-11-22 19:00:00,Kosovo,Kosovo,XK,469.8,514.31,36.17,36.11,19,22,11,5,False
2025-11-22 20:00:00,Kosovo,Kosovo,XK,483.7,530.4,33.66,33.62,20,22,11,5,False
2025-11-22 21:00:00,Kosovo,Kosovo,XK,483.09,529.87,33.71,33.69,21,22,11,5,False
2025-11-22 22:00:00,Kosovo,Kosovo,XK,483.98,531.17,33.44,33.44,22,22,11,5,False
2025-11-22 23:00:00,Kosovo,Kosovo,XK,493.74,539.38,33.4,33.4,23,22,11,5,False
2025-11-23 00:00:00,Kosovo,Kosovo,XK,495.97,540.26,33.94,33.94,0,23,11,6,False
2025-11-23 01:00:00,Kosovo,Kosovo,XK,537.93,583.65,29.15,29.15,1,23,11,6,False
2025-11-23 02:00:00,Kosovo,Kosovo,XK,537.91,583.51,29.22,29.22,2,23,11,6,False
2025-11-23 03:00:00,Kosovo,Kosovo,XK,543.68,589.65,28.46,28.46,3,23,11,6,False
2025-11-23 04:00:00,Kosovo,Kosovo,XK,529.36,574.67,30.35,30.35,4,23,11,6,False
2025-11-23 05:00:00,Kosovo,Kosovo,XK,525.78,570.87,30.82,30.82,5,23,11,6,False
2025-11-23 06:00:00,Kosovo,Kosovo,XK,492.99,536.64,34.81,34.81,6,23,11,6,False
2025-11-23 07:00:00,Kosovo,Kosovo,XK,464.58,509.64,36.95,36.95,7,23,11,6,False
2025-11-23 08:00:00,Kosovo,Kosovo,XK,445.06,489.25,39.5,39.5,8,23,11,6,False
2025-11-23 09:00:00,Kosovo,Kosovo,XK,419.68,462.54,42.84,42.84,9,23,11,6,False
2025-11-23 10:00:00,Kosovo,Kosovo,XK,433.45,477.09,40.96,40.96,10,23,11,6,False
2025-11-23 11:00:00,Kosovo,Kosovo,XK,430.59,474.76,41.04,41.04,11,23,11,6,False
2025-11-23 12:00:00,Kosovo,Kosovo,XK,421.11,464.42,42.55,42.55,12,23,11,6,False
2025-11-23 13:00:00,Kosovo,Kosovo,XK,435.07,478.99,40.7,40.7,13,23,11,6,False
2025-11-23 14:00:00,Kosovo,Kosovo,XK,461.56,505.14,37.92,37.91,14,23,11,6,False
2025-11-23 15:00:00,Kosovo,Kosovo,XK,449.08,493.76,38.12,38.05,15,23,11,6,False
2025-11-23 16:00:00,Kosovo,Kosovo,XK,441.93,488.36,37.63,37.52,16,23,11,6,False
2025-11-23 17:00:00,Kosovo,Kosovo,XK,456.41,502.94,36.12,36.01,17,23,11,6,False
2025-11-23 18:00:00,Kosovo,Kosovo,XK,466.86,515.26,33.98,33.86,18,23,11,6,False
2025-11-23 19:00:00,Kosovo,Kosovo,XK,466.15,514.35,34.16,34.03,19,23,11,6,False
2025-11-23 20:00:00,Kosovo,Kosovo,XK,481.57,530.9,32.06,31.93,20,23,11,6,False
2025-11-23 21:00:00,Kosovo,Kosovo,XK,460.72,510.22,34.01,33.87,21,23,11,6,False
2025-11-23 22:00:00,Kosovo,Kosovo,XK,474.07,524.31,32.52,32.32,22,23,11,6,False
2025-11-23 23:00:00,Kosovo,Kosovo,XK,511.73,562.73,28.65,28.53,23,23,11,6,False
2025-11-24 00:00:00,Kosovo,Kosovo,XK,557.22,609.77,23.41,23.38,0,24,11,0,False
2025-11-24 01:00:00,Kosovo,Kosovo,XK,579.55,633.74,20.34,20.34,1,24,11,0,False
2025-11-24 02:00:00,Kosovo,Kosovo,XK,594.95,647.29,19.96,19.96,2,24,11,0,False
2025-11-24 03:00:00,Kosovo,Kosovo,XK,607.19,657.28,20.11,20.11,3,24,11,0,False
2025-11-24 04:00:00,Kosovo,Kosovo,XK,562.57,609.96,25.98,25.98,4,24,11,0,False
2025-11-24 05:00:00,Kosovo,Kosovo,XK,466.85,508.62,38.34,38.34,5,24,11,0,False
2025-11-24 06:00:00,Kosovo,Kosovo,XK,481.23,528.63,33.81,33.8,6,24,11,0,False
2025-11-24 07:00:00,Kosovo,Kosovo,XK,441.17,487.67,38.79,38.79,7,24,11,0,False
2025-11-24 08:00:00,Kosovo,Kosovo,XK,412.29,457.71,42.7,42.7,8,24,11,0,False
2025-11-24 09:00:00,Kosovo,Kosovo,XK,433.61,480.64,39.76,39.76,9,24,11,0,False
2025-11-24 10:00:00,Kosovo,Kosovo,XK,451.96,500.25,37.35,37.35,10,24,11,0,False
2025-11-24 11:00:00,Kosovo,Kosovo,XK,458.97,507.75,36.36,36.36,11,24,11,0,False
2025-11-24 12:00:00,Kosovo,Kosovo,XK,457.13,504.44,37.14,37.14,12,24,11,0,False
2025-11-24 13:00:00,Kosovo,Kosovo,XK,461.74,506.85,37.56,37.56,13,24,11,0,False
2025-11-24 14:00:00,Kosovo,Kosovo,XK,416.1,454.4,45.23,45.22,14,24,11,0,False
2025-11-24 15:00:00,Kosovo,Kosovo,XK,413.25,450.98,45.57,45.56,15,24,11,0,False
2025-11-24 16:00:00,Kosovo,Kosovo,XK,415.44,456.52,43.74,43.74,16,24,11,0,False
2025-11-24 17:00:00,Kosovo,Kosovo,XK,417.27,460.44,42.55,42.54,17,24,11,0,False
2025-11-24 18:00:00,Kosovo,Kosovo,XK,421.47,464.39,42.23,42.22,18,24,11,0,False
2025-11-24 19:00:00,Kosovo,Kosovo,XK,424.91,467.81,41.96,41.96,19,24,11,0,False
2025-11-24 20:00:00,Kosovo,Kosovo,XK,414.98,455.42,44.13,44.13,20,24,11,0,False
2025-11-24 21:00:00,Kosovo,Kosovo,XK,435.75,475.95,42.01,42.0,21,24,11,0,False
2025-11-24 22:00:00,Kosovo,Kosovo,XK,488.92,536.37,32.79,32.79,22,24,11,0,False
2025-11-24 23:00:00,Kosovo,Kosovo,XK,484.32,529.14,34.7,34.7,23,24,11,0,False
2025-11-25 00:00:00,Kosovo,Kosovo,XK,488.81,533.21,34.53,34.53,0,25,11,1,False
2025-11-25 01:00:00,Kosovo,Kosovo,XK,494.66,538.65,34.22,34.22,1,25,11,1,False
2025-11-25 02:00:00,Kosovo,Kosovo,XK,486.6,528.86,35.97,35.97,2,25,11,1,False
2025-11-25 03:00:00,Kosovo,Kosovo,XK,490.26,532.76,35.49,35.49,3,25,11,1,False
2025-11-25 04:00:00,Kosovo,Kosovo,XK,486.27,528.8,36.02,36.02,4,25,11,1,False
2025-11-25 05:00:00,Kosovo,Kosovo,XK,467.69,509.76,38.15,38.15,5,25,11,1,False
2025-11-25 06:00:00,Kosovo,Kosovo,XK,485.29,529.44,35.2,35.2,6,25,11,1,False
2025-11-25 07:00:00,Kosovo,Kosovo,XK,457.1,500.09,38.64,38.64,7,25,11,1,False
2025-11-25 08:00:00,Kosovo,Kosovo,XK,467.31,512.14,36.68,36.67,8,25,11,1,False
2025-11-25 09:00:00,Kosovo,Kosovo,XK,478.76,524.39,35.26,35.18,9,25,11,1,False
2025-11-25 10:00:00,Kosovo,Kosovo,XK,481.47,527.09,35.04,34.98,10,25,11,1,False
2025-11-25 11:00:00,Kosovo,Kosovo,XK,474.52,521.01,35.21,35.21,11,25,11,1,False
2025-11-25 12:00:00,Kosovo,Kosovo,XK,473.15,517.34,36.61,36.61,12,25,11,1,False
2025-11-25 13:00:00,Kosovo,Kosovo,XK,473.2,519.04,35.59,35.59,13,25,11,1,False
2025-11-25 14:00:00,Kosovo,Kosovo,XK,449.63,492.45,39.38,39.38,14,25,11,1,False
2025-11-25 15:00:00,Kosovo,Kosovo,XK,444.2,489.33,38.36,38.34,15,25,11,1,False
2025-11-25 16:00:00,Kosovo,Kosovo,XK,424.47,467.77,41.33,41.3,16,25,11,1,False
2025-11-25 17:00:00,Kosovo,Kosovo,XK,426.57,469.63,41.19,41.15,17,25,11,1,False
2025-11-25 18:00:00,Kosovo,Kosovo,XK,449.37,495.01,37.51,37.46,18,25,11,1,False
2025-11-25 19:00:00,Kosovo,Kosovo,XK,449.4,493.03,38.74,38.72,19,25,11,1,False
2025-11-25 20:00:00,Kosovo,Kosovo,XK,456.29,502.09,36.72,36.68,20,25,11,1,False
2025-11-25 21:00:00,Kosovo,Kosovo,XK,444.11,489.45,38.08,38.03,21,25,11,1,False
2025-11-25 22:00:00,Kosovo,Kosovo,XK,458.83,504.1,36.84,36.82,22,25,11,1,False
2025-11-25 23:00:00,Kosovo,Kosovo,XK,488.12,535.73,32.77,32.77,23,25,11,1,False
2025-11-26 00:00:00,Kosovo,Kosovo,XK,504.79,552.52,31.13,31.13,0,26,11,2,False
2025-11-26 01:00:00,Kosovo,Kosovo,XK,516.72,565.12,29.62,29.62,1,26,11,2,False
2025-11-26 02:00:00,Kosovo,Kosovo,XK,528.69,575.81,29.23,29.23,2,26,11,2,False
2025-11-26 03:00:00,Kosovo,Kosovo,XK,533.93,581.08,28.72,28.72,3,26,11,2,False
2025-11-26 04:00:00,Kosovo,Kosovo,XK,519.34,566.31,30.26,30.24,4,26,11,2,False
2025-11-26 05:00:00,Kosovo,Kosovo,XK,494.97,539.96,33.71,33.68,5,26,11,2,False
2025-11-26 06:00:00,Kosovo,Kosovo,XK,487.78,532.07,34.91,34.9,6,26,11,2,False
2025-11-26 07:00:00,Kosovo,Kosovo,XK,474.92,519.99,35.93,35.93,7,26,11,2,False
2025-11-26 08:00:00,Kosovo,Kosovo,XK,448.54,491.69,39.6,39.6,8,26,11,2,False
2025-11-26 09:00:00,Kosovo,Kosovo,XK,442.77,486.1,40.17,40.17,9,26,11,2,False
2025-11-26 10:00:00,Kosovo,Kosovo,XK,439.77,482.75,40.64,40.64,10,26,11,2,False
2025-11-26 11:00:00,Kosovo,Kosovo,XK,436.23,478.73,41.27,41.27,11,26,11,2,False
2025-11-26 12:00:00,Kosovo,Kosovo,XK,428.49,470.45,42.26,42.26,12,26,11,2,False
2025-11-26 13:00:00,Kosovo,Kosovo,XK,420.89,462.25,43.24,43.23,13,26,11,2,False
2025-11-26 14:00:00,Kosovo,Kosovo,XK,416.4,460.83,41.49,41.43,14,26,11,2,False
2025-11-26 15:00:00,Kosovo,Kosovo,XK,404.07,447.36,43.31,43.25,15,26,11,2,False
2025-11-26 16:00:00,Kosovo,Kosovo,XK,403.7,446.68,43.58,43.53,16,26,11,2,False
2025-11-26 17:00:00,Kosovo,Kosovo,XK,424.45,468.99,40.65,40.61,17,26,11,2,False
2025-11-26 18:00:00,Kosovo,Kosovo,XK,427.91,473.0,39.99,39.95,18,26,11,2,False
2025-11-26 19:00:00,Kosovo,Kosovo,XK,433.73,477.48,40.1,40.07,19,26,11,2,False
2025-11-26 20:00:00,Kosovo,Kosovo,XK,439.75,483.28,39.62,39.6,20,26,11,2,False
2025-11-26 21:00:00,Kosovo,Kosovo,XK,415.35,456.25,43.46,43.46,21,26,11,2,False
2025-11-26 22:00:00,Kosovo,Kosovo,XK,423.81,464.12,43.01,43.01,22,26,11,2,False
2025-11-26 23:00:00,Kosovo,Kosovo,XK,435.24,475.62,41.91,41.91,23,26,11,2,False
2025-11-27 00:00:00,Kosovo,Kosovo,XK,469.38,510.68,38.15,38.15,0,27,11,3,False
2025-11-27 01:00:00,Kosovo,Kosovo,XK,510.3,554.32,32.74,32.74,1,27,11,3,False
2025-11-27 02:00:00,Kosovo,Kosovo,XK,510.68,554.5,32.81,32.81,2,27,11,3,False
2025-11-27 03:00:00,Kosovo,Kosovo,XK,500.55,543.76,34.12,34.12,3,27,11,3,False
2025-11-27 04:00:00,Kosovo,Kosovo,XK,481.51,523.74,36.63,36.63,4,27,11,3,False
2025-11-27 05:00:00,Kosovo,Kosovo,XK,462.23,503.43,39.02,39.02,5,27,11,3,False
2025-11-27 06:00:00,Kosovo,Kosovo,XK,449.02,489.24,40.81,40.8,6,27,11,3,False
2025-11-27 07:00:00,Kosovo,Kosovo,XK,419.91,458.46,44.55,44.54,7,27,11,3,False
2025-11-27 08:00:00,Kosovo,Kosovo,XK,407.9,445.74,46.14,46.12,8,27,11,3,False
2025-11-27 09:00:00,Kosovo,Kosovo,XK,406.3,444.15,46.33,46.3,9,27,11,3,False
2025-11-27 10:00:00,Kosovo,Kosovo,XK,404.96,442.69,46.55,46.53,10,27,11,3,False
2025-11-27 11:00:00,Kosovo,Kosovo,XK,406.05,443.85,46.44,46.4,11,27,11,3,False
2025-11-27 12:00:00,Kosovo,Kosovo,XK,398.0,435.3,47.51,47.49,12,27,11,3,False
2025-11-27 13:00:00,Kosovo,Kosovo,XK,390.78,427.47,48.49,48.47,13,27,11,3,False
2025-11-27 14:00:00,Kosovo,Kosovo,XK,381.6,420.14,48.43,48.43,14,27,11,3,False
2025-11-27 15:00:00,Kosovo,Kosovo,XK,382.13,422.0,47.53,47.52,15,27,11,3,False
2025-11-27 16:00:00,Kosovo,Kosovo,XK,407.04,448.58,44.18,44.17,16,27,11,3,False
2025-11-27 17:00:00,Kosovo,Kosovo,XK,408.65,449.33,44.46,44.45,17,27,11,3,False
2025-11-27 18:00:00,Kosovo,Kosovo,XK,416.75,456.78,43.98,43.98,18,27,11,3,False
2025-11-27 19:00:00,Kosovo,Kosovo,XK,426.48,464.9,43.8,43.8,19,27,11,3,False
2025-11-27 20:00:00,Kosovo,Kosovo,XK,455.42,496.24,39.72,39.71,20,27,11,3,False
2025-11-27 21:00:00,Kosovo,Kosovo,XK,450.29,491.03,40.26,40.24,21,27,11,3,False
2025-11-27 22:00:00,Kosovo,Kosovo,XK,451.37,491.46,40.54,40.5,22,27,11,3,False
2025-11-27 23:00:00,Kosovo,Kosovo,XK,458.83,499.39,39.6,39.58,23,27,11,3,False
2025-11-28 00:00:00,Kosovo,Kosovo,XK,471.93,513.46,37.84,37.81,0,28,11,4,False
2025-11-28 01:00:00,Kosovo,Kosovo,XK,480.73,522.73,36.71,36.71,1,28,11,4,False
2025-11-28 02:00:00,Kosovo,Kosovo,XK,484.16,526.31,36.28,36.28,2,28,11,4,False
2025-11-28 03:00:00,Kosovo,Kosovo,XK,489.39,531.97,35.57,35.56,3,28,11,4,False
2025-11-28 04:00:00,Kosovo,Kosovo,XK,484.53,527.04,36.21,36.21,4,28,11,4,False
2025-11-28 05:00:00,Kosovo,Kosovo,XK,431.54,470.47,43.22,43.21,5,28,11,4,False
2025-11-28 06:00:00,Kosovo,Kosovo,XK,408.96,447.06,45.84,45.84,6,28,11,4,False
2025-11-28 07:00:00,Kosovo,Kosovo,XK,396.67,433.46,47.78,47.77,7,28,11,4,False
2025-11-28 08:00:00,Kosovo,Kosovo,XK,379.29,415.44,50.0,49.98,8,28,11,4,False
2025-11-28 09:00:00,Kosovo,Kosovo,XK,392.46,429.64,48.2,48.14,9,28,11,4,False
2025-11-28 10:00:00,Kosovo,Kosovo,XK,399.49,437.31,47.16,47.04,10,28,11,4,False
2025-11-28 11:00:00,Kosovo,Kosovo,XK,397.2,434.88,47.48,47.39,11,28,11,4,False
2025-11-28 12:00:00,Kosovo,Kosovo,XK,395.18,433.55,47.35,47.32,12,28,11,4,False
2025-11-28 13:00:00,Kosovo,Kosovo,XK,398.21,437.07,46.75,46.74,13,28,11,4,False
2025-11-28 14:00:00,Kosovo,Kosovo,XK,392.27,431.55,47.05,47.05,14,28,11,4,False
2025-11-28 15:00:00,Kosovo,Kosovo,XK,385.74,425.74,47.15,47.14,15,28,11,4,False
2025-11-28 16:00:00,Kosovo,Kosovo,XK,390.9,431.01,46.57,46.56,16,28,11,4,False
2025-11-28 17:00:00,Kosovo,Kosovo,XK,400.25,439.85,45.83,45.82,17,28,11,4,False
2025-11-28 18:00:00,Kosovo,Kosovo,XK,412.29,452.3,44.46,44.45,18,28,11,4,False
2025-11-28 19:00:00,Kosovo,Kosovo,XK,447.71,487.47,41.03,41.02,19,28,11,4,False
2025-11-28 20:00:00,Kosovo,Kosovo,XK,468.79,510.01,38.24,38.19,20,28,11,4,False
2025-11-28 21:00:00,Kosovo,Kosovo,XK,472.22,513.73,37.81,37.79,21,28,11,4,False
2025-11-28 22:00:00,Kosovo,Kosovo,XK,468.53,510.06,38.23,38.11,22,28,11,4,False
2025-11-28 23:00:00,Kosovo,Kosovo,XK,506.36,550.32,33.26,33.1,23,28,11,4,False
2025-11-29 00:00:00,Kosovo,Kosovo,XK,506.09,550.27,33.22,32.97,0,29,11,5,False
2025-11-29 01:00:00,Kosovo,Kosovo,XK,521.32,566.2,31.3,31.19,1,29,11,5,False
2025-11-29 02:00:00,Kosovo,Kosovo,XK,535.06,580.7,29.53,29.48,2,29,11,5,False
2025-11-29 03:00:00,Kosovo,Kosovo,XK,552.51,599.24,27.24,27.2,3,29,11,5,False
2025-11-29 04:00:00,Kosovo,Kosovo,XK,560.97,608.41,26.12,26.09,4,29,11,5,False
2025-11-29 05:00:00,Kosovo,Kosovo,XK,558.76,606.27,26.34,26.27,5,29,11,5,False
2025-11-29 06:00:00,Kosovo,Kosovo,XK,553.92,600.87,27.07,27.06,6,29,11,5,False
2025-11-29 07:00:00,Kosovo,Kosovo,XK,486.58,529.35,35.95,35.95,7,29,11,5,False
2025-11-29 08:00:00,Kosovo,Kosovo,XK,435.44,476.87,41.81,41.81,8,29,11,5,False
2025-11-29 09:00:00,Kosovo,Kosovo,XK,402.17,442.89,45.59,45.59,9,29,11,5,False
2025-11-29 10:00:00,Kosovo,Kosovo,XK,382.24,421.53,48.37,48.37,10,29,11,5,False
2025-11-29 11:00:00,Kosovo,Kosovo,XK,391.47,432.26,46.62,46.62,11,29,11,5,False
2025-11-29 12:00:00,Kosovo,Kosovo,XK,409.6,451.79,44.08,44.08,12,29,11,5,False
2025-11-29 13:00:00,Kosovo,Kosovo,XK,405.65,446.73,45.26,45.26,13,29,11,5,False
2025-11-29 14:00:00,Kosovo,Kosovo,XK,415.69,458.2,43.23,43.17,14,29,11,5,False
2025-11-29 15:00:00,Kosovo,Kosovo,XK,408.71,451.73,43.46,43.17,15,29,11,5,False
2025-11-29 16:00:00,Kosovo,Kosovo,XK,412.67,455.85,42.92,42.48,16,29,11,5,False
2025-11-29 17:00:00,Kosovo,Kosovo,XK,448.07,493.79,38.09,37.66,17,29,11,5,False
2025-11-29 18:00:00,Kosovo,Kosovo,XK,463.52,509.98,36.17,35.79,18,29,11,5,False
2025-11-29 19:00:00,Kosovo,Kosovo,XK,481.87,526.7,35.17,34.95,19,29,11,5,False
2025-11-29 20:00:00,Kosovo,Kosovo,XK,508.33,552.92,32.79,32.52,20,29,11,5,False
2025-11-29 21:00:00,Kosovo,Kosovo,XK,510.51,555.59,32.41,31.86,21,29,11,5,False
2025-11-29 22:00:00,Kosovo,Kosovo,XK,521.15,566.79,31.07,30.53,22,29,11,5,False
2025-11-29 23:00:00,Kosovo,Kosovo,XK,542.68,589.32,28.37,28.0,23,29,11,5,False
2025-11-30 00:00:00,Kosovo,Kosovo,XK,581.18,629.72,23.49,23.43,0,30,11,6,False
2025-11-30 01:00:00,Kosovo,Kosovo,XK,610.98,661.31,19.61,19.61,1,30,11,6,False
2025-11-30 02:00:00,Kosovo,Kosovo,XK,618.66,669.49,18.6,18.6,2,30,11,6,False
2025-11-30 03:00:00,Kosovo,Kosovo,XK,628.02,679.46,17.36,17.36,3,30,11,6,False
2025-11-30 04:00:00,Kosovo,Kosovo,XK,636.9,689.06,16.2,16.2,4,30,11,6,False
2025-11-30 05:00:00,Kosovo,Kosovo,XK,650.82,703.92,14.35,14.34,5,30,11,6,False
2025-11-30 06:00:00,Kosovo,Kosovo,XK,618.43,670.89,17.77,17.76,6,30,11,6,False
2025-11-30 07:00:00,Kosovo,Kosovo,XK,496.43,546.03,31.33,31.33,7,30,11,6,False
2025-11-30 08:00:00,Kosovo,Kosovo,XK,462.42,509.6,36.24,36.23,8,30,11,6,False
2025-11-30 09:00:00,Kosovo,Kosovo,XK,451.77,498.17,37.76,37.76,9,30,11,6,False
2025-11-30 10:00:00,Kosovo,Kosovo,XK,461.91,508.22,36.8,36.8,10,30,11,6,False
2025-11-30 11:00:00,Kosovo,Kosovo,XK,466.29,513.14,36.09,36.09,11,30,11,6,False
2025-11-30 12:00:00,Kosovo,Kosovo,XK,481.24,528.36,34.47,34.47,12,30,11,6,False
2025-11-30 13:00:00,Kosovo,Kosovo,XK,528.14,574.65,30.14,30.14,13,30,11,6,False
2025-11-30 14:00:00,Kosovo,Kosovo,XK,477.6,522.58,35.87,35.81,14,30,11,6,False
2025-11-30 15:00:00,Kosovo,Kosovo,XK,482.56,530.18,33.87,33.53,15,30,11,6,False
2025-11-30 16:00:00,Kosovo,Kosovo,XK,464.35,510.85,36.13,35.71,16,30,11,6,False
2025-11-30 17:00:00,Kosovo,Kosovo,XK,466.64,512.16,36.37,35.96,17,30,11,6,False
2025-11-30 18:00:00,Kosovo,Kosovo,XK,480.96,526.35,34.99,34.7,18,30,11,6,False
2025-11-30 19:00:00,Kosovo,Kosovo,XK,526.46,571.72,30.51,30.4,19,30,11,6,False
2025-11-30 20:00:00,Kosovo,Kosovo,XK,548.97,596.17,27.32,26.99,20,30,11,6,False
2025-11-30 21:00:00,Kosovo,Kosovo,XK,526.43,572.01,30.39,30.08,21,30,11,6,False
2025-11-30 22:00:00,Kosovo,Kosovo,XK,554.38,601.41,26.88,26.73,22,30,11,6,False
2025-11-30 23:00:00,Kosovo,Kosovo,XK,586.24,635.5,22.65,22.37,23,30,11,6,False
2025-12-01 00:00:00,Kosovo,Kosovo,XK,615.61,666.4,18.94,18.87,0,1,12,0,False
2025-12-01 01:00:00,Kosovo,Kosovo,XK,627.56,678.97,17.43,17.42,1,1,12,0,False
2025-12-01 02:00:00,Kosovo,Kosovo,XK,641.1,693.38,15.65,15.64,2,1,12,0,False
2025-12-01 03:00:00,Kosovo,Kosovo,XK,646.05,698.67,14.99,14.98,3,1,12,0,False
2025-12-01 04:00:00,Kosovo,Kosovo,XK,607.48,657.73,20.06,20.06,4,1,12,0,False
2025-12-01 05:00:00,Kosovo,Kosovo,XK,517.63,567.19,29.38,29.29,5,1,12,0,False
2025-12-01 06:00:00,Kosovo,Kosovo,XK,469.41,513.99,36.51,36.46,6,1,12,0,False
2025-12-01 07:00:00,Kosovo,Kosovo,XK,436.32,484.71,37.92,37.9,7,1,12,0,False
2025-12-01 08:00:00,Kosovo,Kosovo,XK,413.26,461.23,40.9,40.89,8,1,12,0,False
2025-12-01 09:00:00,Kosovo,Kosovo,XK,410.25,458.67,41.19,41.18,9,1,12,0,False
2025-12-01 10:00:00,Kosovo,Kosovo,XK,426.6,475.77,39.16,39.15,10,1,12,0,False
2025-12-01 11:00:00,Kosovo,Kosovo,XK,434.74,485.49,37.46,37.45,11,1,12,0,False
2025-12-01 12:00:00,Kosovo,Kosovo,XK,447.13,497.23,36.24,36.24,12,1,12,0,False
2025-12-01 13:00:00,Kosovo,Kosovo,XK,438.98,485.41,38.76,38.76,13,1,12,0,False
2025-12-01 14:00:00,Kosovo,Kosovo,XK,440.29,486.31,38.74,38.72,14,1,12,0,False
2025-12-01 15:00:00,Kosovo,Kosovo,XK,426.09,470.37,40.98,40.86,15,1,12,0,False
2025-12-01 16:00:00,Kosovo,Kosovo,XK,423.6,466.7,41.75,41.66,16,1,12,0,False
2025-12-01 17:00:00,Kosovo,Kosovo,XK,424.13,467.68,41.46,41.33,17,1,12,0,False
2025-12-01 18:00:00,Kosovo,Kosovo,XK,429.57,473.67,40.64,40.5,18,1,12,0,False
2025-12-01 19:00:00,Kosovo,Kosovo,XK,436.1,480.53,39.85,39.71,19,1,12,0,False
2025-12-01 20:00:00,Kosovo,Kosovo,XK,454.42,499.58,37.68,37.56,20,1,12,0,False
2025-12-01 21:00:00,Kosovo,Kosovo,XK,471.8,515.88,36.56,36.47,21,1,12,0,False
2025-12-01 22:00:00,Kosovo,Kosovo,XK,510.45,554.77,32.64,32.49,22,1,12,0,False
2025-12-01 23:00:00,Kosovo,Kosovo,XK,555.24,603.78,26.33,25.43,23,1,12,0,False
2025-12-02 00:00:00,Kosovo,Kosovo,XK,593.31,644.4,21.3,20.27,0,2,12,1,False
2025-12-02 01:00:00,Kosovo,Kosovo,XK,632.4,685.53,16.32,15.59,1,2,12,1,False
2025-12-02 02:00:00,Kosovo,Kosovo,XK,629.63,681.94,16.89,16.55,2,2,12,1,False
2025-12-02 03:00:00,Kosovo,Kosovo,XK,633.38,685.58,16.52,16.36,3,2,12,1,False
2025-12-02 04:00:00,Kosovo,Kosovo,XK,534.96,583.63,28.19,28.0,4,2,12,1,False
2025-12-02 05:00:00,Kosovo,Kosovo,XK,463.59,513.01,34.77,34.66,5,2,12,1,False
2025-12-02 06:00:00,Kosovo,Kosovo,XK,436.83,483.57,38.73,38.68,6,2,12,1,False
2025-12-02 07:00:00,Kosovo,Kosovo,XK,424.0,469.09,40.93,40.92,7,2,12,1,False
2025-12-02 08:00:00,Kosovo,Kosovo,XK,420.25,465.27,41.38,41.38,8,2,12,1,False
2025-12-02 09:00:00,Kosovo,Kosovo,XK,436.57,481.82,39.69,39.69,9,2,12,1,False
2025-12-02 10:00:00,Kosovo,Kosovo,XK,437.03,478.5,41.71,41.71,10,2,12,1,False
2025-12-02 11:00:00,Kosovo,Kosovo,XK,439.93,483.82,40.25,40.25,11,2,12,1,False
2025-12-02 12:00:00,Kosovo,Kosovo,XK,428.15,473.23,40.86,40.85,12,2,12,1,False
2025-12-02 13:00:00,Kosovo,Kosovo,XK,411.14,455.59,42.68,42.68,13,2,12,1,False
2025-12-02 14:00:00,Kosovo,Kosovo,XK,408.66,454.18,42.22,42.12,14,2,12,1,False
2025-12-02 15:00:00,Kosovo,Kosovo,XK,411.61,456.52,41.99,41.86,15,2,12,1,False
2025-12-02 16:00:00,Kosovo,Kosovo,XK,406.24,450.58,42.75,42.6,16,2,12,1,False
2025-12-02 17:00:00,Kosovo,Kosovo,XK,410.25,454.68,42.27,42.1,17,2,12,1,False
2025-12-02 18:00:00,Kosovo,Kosovo,XK,420.75,465.98,40.89,40.71,18,2,12,1,False
2025-12-02 19:00:00,Kosovo,Kosovo,XK,421.14,465.67,41.25,41.08,19,2,12,1,False
2025-12-02 20:00:00,Kosovo,Kosovo,XK,452.38,497.42,37.95,37.82,20,2,12,1,False
2025-12-02 21:00:00,Kosovo,Kosovo,XK,469.29,513.46,36.75,36.71,21,2,12,1,False
2025-12-02 22:00:00,Kosovo,Kosovo,XK,512.27,556.3,32.55,32.55,22,2,12,1,False
2025-12-02 23:00:00,Kosovo,Kosovo,XK,587.1,636.45,22.52,22.42,23,2,12,1,False
2025-12-03 00:00:00,Kosovo,Kosovo,XK,621.25,672.58,18.12,18.07,0,3,12,2,False
2025-12-03 01:00:00,Kosovo,Kosovo,XK,638.01,690.1,16.05,16.05,1,3,12,2,False
2025-12-03 02:00:00,Kosovo,Kosovo,XK,644.47,696.97,15.2,15.2,2,3,12,2,False
2025-12-03 03:00:00,Kosovo,Kosovo,XK,647.09,699.77,14.86,14.86,3,3,12,2,False
2025-12-03 04:00:00,Kosovo,Kosovo,XK,591.64,643.4,20.71,20.71,4,3,12,2,False
2025-12-03 05:00:00,Kosovo,Kosovo,XK,477.32,524.16,34.71,34.66,5,3,12,2,False
2025-12-03 06:00:00,Kosovo,Kosovo,XK,438.93,483.29,39.68,39.67,6,3,12,2,False
2025-12-03 07:00:00,Kosovo,Kosovo,XK,432.48,476.82,40.4,40.39,7,3,12,2,False
2025-12-03 08:00:00,Kosovo,Kosovo,XK,439.78,484.01,39.91,39.91,8,3,12,2,False
2025-12-03 09:00:00,Kosovo,Kosovo,XK,445.74,490.68,39.0,39.0,9,3,12,2,False
2025-12-03 10:00:00,Kosovo,Kosovo,XK,456.67,502.69,37.4,37.4,10,3,12,2,False
2025-12-03 11:00:00,Kosovo,Kosovo,XK,456.31,501.9,37.78,37.78,11,3,12,2,False
2025-12-03 12:00:00,Kosovo,Kosovo,XK,448.74,493.59,38.85,38.85,12,3,12,2,False
2025-12-03 13:00:00,Kosovo,Kosovo,XK,442.99,487.97,39.26,39.26,13,3,12,2,False
2025-12-03 14:00:00,Kosovo,Kosovo,XK,444.35,490.24,38.5,38.5,14,3,12,2,False
2025-12-03 15:00:00,Kosovo,Kosovo,XK,440.59,487.15,38.22,38.2,15,3,12,2,False
2025-12-03 16:00:00,Kosovo,Kosovo,XK,442.39,489.76,37.41,37.36,16,3,12,2,False
2025-12-03 17:00:00,Kosovo,Kosovo,XK,446.89,493.89,37.12,37.03,17,3,12,2,False
2025-12-03 18:00:00,Kosovo,Kosovo,XK,453.43,499.78,37.13,37.08,18,3,12,2,False
2025-12-03 19:00:00,Kosovo,Kosovo,XK,472.7,518.66,35.4,35.33,19,3,12,2,False
2025-12-03 20:00:00,Kosovo,Kosovo,XK,497.56,544.25,32.55,32.52,20,3,12,2,False
2025-12-03 21:00:00,Kosovo,Kosovo,XK,516.06,564.64,29.66,29.52,21,3,12,2,False
2025-12-03 22:00:00,Kosovo,Kosovo,XK,548.28,602.36,23.47,23.02,22,3,12,2,False
2025-12-03 23:00:00,Kosovo,Kosovo,XK,600.04,656.51,17.34,16.51,23,3,12,2,False
2025-12-04 00:00:00,Kosovo,Kosovo,XK,631.07,689.83,13.12,12.2,0,4,12,3,False
2025-12-04 01:00:00,Kosovo,Kosovo,XK,625.11,684.29,13.31,12.85,1,4,12,3,False
2025-12-04 02:00:00,Kosovo,Kosovo,XK,632.55,691.54,12.63,12.48,2,4,12,3,False
2025-12-04 03:00:00,Kosovo,Kosovo,XK,628.45,686.3,13.64,13.59,3,4,12,3,False
2025-12-04 04:00:00,Kosovo,Kosovo,XK,610.84,662.73,18.81,18.8,4,4,12,3,False
2025-12-04 05:00:00,Kosovo,Kosovo,XK,523.75,570.18,30.27,30.27,5,4,12,3,False
2025-12-04 06:00:00,Kosovo,Kosovo,XK,491.47,536.62,34.09,34.08,6,4,12,3,False
2025-12-04 07:00:00,Kosovo,Kosovo,XK,483.48,529.2,34.54,34.51,7,4,12,3,False
2025-12-04 08:00:00,Kosovo,Kosovo,XK,494.4,542.4,32.26,32.13,8,4,12,3,False
2025-12-04 09:00:00,Kosovo,Kosovo,XK,511.36,560.68,29.96,29.88,9,4,12,3,False
2025-12-04 10:00:00,Kosovo,Kosovo,XK,513.92,562.51,30.16,30.13,10,4,12,3,False
2025-12-04 11:00:00,Kosovo,Kosovo,XK,505.42,552.63,31.76,31.75,11,4,12,3,False
2025-12-04 12:00:00,Kosovo,Kosovo,XK,485.6,531.22,34.55,34.55,12,4,12,3,False
2025-12-04 13:00:00,Kosovo,Kosovo,XK,457.28,501.37,38.19,38.18,13,4,12,3,False
2025-12-04 14:00:00,Kosovo,Kosovo,XK,464.84,510.79,36.2,36.2,14,4,12,3,False
2025-12-04 15:00:00,Kosovo,Kosovo,XK,454.52,501.14,36.75,36.74,15,4,12,3,False
2025-12-04 16:00:00,Kosovo,Kosovo,XK,457.32,503.64,36.56,36.53,16,4,12,3,False
2025-12-04 17:00:00,Kosovo,Kosovo,XK,463.98,510.36,35.74,35.7,17,4,12,3,False
2025-12-04 18:00:00,Kosovo,Kosovo,XK,485.46,531.52,33.91,33.85,18,4,12,3,False
2025-12-04 19:00:00,Kosovo,Kosovo,XK,531.82,580.46,28.0,27.9,19,4,12,3,False
2025-12-04 20:00:00,Kosovo,Kosovo,XK,561.37,612.88,23.62,23.09,20,4,12,3,False
2025-12-04 21:00:00,Kosovo,Kosovo,XK,578.73,629.41,22.73,22.03,21,4,12,3,False
2025-12-04 22:00:00,Kosovo,Kosovo,XK,588.22,641.36,20.54,19.2,22,4,12,3,False
2025-12-04 23:00:00,Kosovo,Kosovo,XK,623.65,679.7,15.61,13.91,23,4,12,3,False
2025-12-05 00:00:00,Kosovo,Kosovo,XK,656.42,713.56,11.72,10.48,0,5,12,4,False
2025-12-05 01:00:00,Kosovo,Kosovo,XK,673.86,732.3,9.18,8.3,1,5,12,4,False
2025-12-05 02:00:00,Kosovo,Kosovo,XK,675.3,733.76,9.02,8.2,2,5,12,4,False
2025-12-05 03:00:00,Kosovo,Kosovo,XK,675.58,734.45,8.88,7.6,3,5,12,4,False
2025-12-05 04:00:00,Kosovo,Kosovo,XK,663.42,720.65,10.86,10.23,4,5,12,4,False
2025-12-05 05:00:00,Kosovo,Kosovo,XK,559.25,610.55,24.07,24.07,5,5,12,4,False
2025-12-05 06:00:00,Kosovo,Kosovo,XK,536.96,587.68,26.52,26.3,6,5,12,4,False
2025-12-05 07:00:00,Kosovo,Kosovo,XK,531.23,581.19,27.55,27.13,7,5,12,4,False
2025-12-05 08:00:00,Kosovo,Kosovo,XK,526.22,575.93,28.22,27.79,8,5,12,4,False
2025-12-05 09:00:00,Kosovo,Kosovo,XK,535.35,585.7,27.08,26.61,9,5,12,4,False
2025-12-05 10:00:00,Kosovo,Kosovo,XK,538.96,589.17,26.86,26.47,10,5,12,4,False
2025-12-05 11:00:00,Kosovo,Kosovo,XK,533.23,583.87,27.1,26.76,11,5,12,4,False
2025-12-05 12:00:00,Kosovo,Kosovo,XK,527.3,577.39,27.98,27.71,12,5,12,4,False
2025-12-05 13:00:00,Kosovo,Kosovo,XK,514.79,564.17,29.5,29.34,13,5,12,4,False
2025-12-05 14:00:00,Kosovo,Kosovo,XK,507.47,557.49,29.62,29.26,14,5,12,4,False
2025-12-05 15:00:00,Kosovo,Kosovo,XK,504.71,553.37,30.65,30.27,15,5,12,4,False
2025-12-05 16:00:00,Kosovo,Kosovo,XK,505.69,553.59,31.02,30.68,16,5,12,4,False
2025-12-05 17:00:00,Kosovo,Kosovo,XK,502.25,550.25,31.14,30.96,17,5,12,4,False
2025-12-05 18:00:00,Kosovo,Kosovo,XK,526.64,575.0,28.62,28.45,18,5,12,4,False
2025-12-05 19:00:00,Kosovo,Kosovo,XK,554.99,601.8,26.92,26.92,19,5,12,4,False
2025-12-05 20:00:00,Kosovo,Kosovo,XK,587.74,636.72,22.58,22.58,20,5,12,4,False
2025-12-05 21:00:00,Kosovo,Kosovo,XK,589.51,642.8,20.12,19.35,21,5,12,4,False
2025-12-05 22:00:00,Kosovo,Kosovo,XK,576.79,630.31,21.27,20.21,22,5,12,4,False
2025-12-05 23:00:00,Kosovo,Kosovo,XK,613.65,669.02,16.83,15.29,23,5,12,4,False
2025-12-06 00:00:00,Kosovo,Kosovo,XK,656.53,713.31,11.88,10.61,0,6,12,5,False
2025-12-06 01:00:00,Kosovo,Kosovo,XK,708.47,765.16,6.76,6.75,1,6,12,5,False
2025-12-06 02:00:00,Kosovo,Kosovo,XK,714.76,771.83,5.95,5.95,2,6,12,5,False
2025-12-06 03:00:00,Kosovo,Kosovo,XK,727.46,785.35,4.28,4.28,3,6,12,5,False
2025-12-06 04:00:00,Kosovo,Kosovo,XK,747.49,806.87,1.59,1.51,4,6,12,5,False
2025-12-06 05:00:00,Kosovo,Kosovo,XK,710.6,767.73,6.4,6.28,5,6,12,5,False
2025-12-06 06:00:00,Kosovo,Kosovo,XK,652.87,706.23,13.98,13.97,6,6,12,5,False
2025-12-06 07:00:00,Kosovo,Kosovo,XK,610.21,663.2,18.35,17.92,7,6,12,5,False
2025-12-06 08:00:00,Kosovo,Kosovo,XK,577.45,628.66,22.56,22.22,8,6,12,5,False
2025-12-06 09:00:00,Kosovo,Kosovo,XK,524.53,577.69,26.66,26.48,9,6,12,5,False
2025-12-06 10:00:00,Kosovo,Kosovo,XK,516.17,570.08,27.15,26.99,10,6,12,5,False
2025-12-06 11:00:00,Kosovo,Kosovo,XK,523.84,576.91,26.85,26.66,11,6,12,5,False
2025-12-06 12:00:00,Kosovo,Kosovo,XK,534.7,586.94,26.22,25.94,12,6,12,5,False
2025-12-06 13:00:00,Kosovo,Kosovo,XK,542.97,590.95,27.72,27.62,13,6,12,5,False
2025-12-06 14:00:00,Kosovo,Kosovo,XK,528.86,574.76,30.21,30.21,14,6,12,5,False
2025-12-06 15:00:00,Kosovo,Kosovo,XK,530.22,576.46,29.77,29.7,15,6,12,5,False
2025-12-06 16:00:00,Kosovo,Kosovo,XK,537.39,583.58,29.05,28.91,16,6,12,5,False
2025-12-06 17:00:00,Kosovo,Kosovo,XK,565.48,613.07,25.49,25.4,17,6,12,5,False
2025-12-06 18:00:00,Kosovo,Kosovo,XK,583.73,632.73,23.04,22.93,18,6,12,5,False
2025-12-06 19:00:00,Kosovo,Kosovo,XK,584.32,633.58,22.84,22.7,19,6,12,5,False
2025-12-06 20:00:00,Kosovo,Kosovo,XK,590.26,640.6,21.75,21.49,20,6,12,5,False
2025-12-06 21:00:00,Kosovo,Kosovo,XK,598.56,650.38,20.24,19.53,21,6,12,5,False
2025-12-06 22:00:00,Kosovo,Kosovo,XK,606.96,659.85,18.92,17.8,22,6,12,5,False
2025-12-06 23:00:00,Kosovo,Kosovo,XK,637.72,691.15,15.63,15.12,23,6,12,5,False
2025-12-07 00:00:00,Kosovo,Kosovo,XK,671.06,726.49,11.29,10.89,0,7,12,6,False
2025-12-07 01:00:00,Kosovo,Kosovo,XK,699.08,756.1,7.67,7.41,1,7,12,6,False
2025-12-07 02:00:00,Kosovo,Kosovo,XK,715.61,773.66,5.51,5.27,2,7,12,6,False
2025-12-07 03:00:00,Kosovo,Kosovo,XK,724.33,782.83,4.42,4.14,3,7,12,6,False
2025-12-07 04:00:00,Kosovo,Kosovo,XK,740.79,800.17,2.33,2.05,4,7,12,6,False
2025-12-07 05:00:00,Kosovo,Kosovo,XK,709.06,767.19,6.1,5.22,5,7,12,6,False
2025-12-07 06:00:00,Kosovo,Kosovo,XK,641.44,699.7,12.44,11.23,6,7,12,6,False
2025-12-07 07:00:00,Kosovo,Kosovo,XK,563.72,619.47,21.31,20.81,7,7,12,6,False
2025-12-07 08:00:00,Kosovo,Kosovo,XK,533.07,587.92,25.08,24.52,8,7,12,6,False
2025-12-07 09:00:00,Kosovo,Kosovo,XK,490.38,543.96,30.07,29.56,9,7,12,6,False
2025-12-07 10:00:00,Kosovo,Kosovo,XK,484.05,537.03,30.88,30.79,10,7,12,6,False
2025-12-07 11:00:00,Kosovo,Kosovo,XK,494.53,548.28,29.36,29.3,11,7,12,6,False
2025-12-07 12:00:00,Kosovo,Kosovo,XK,524.01,575.97,27.35,27.09,12,7,12,6,False
2025-12-07 13:00:00,Kosovo,Kosovo,XK,530.05,579.77,27.87,27.53,13,7,12,6,False
2025-12-07 14:00:00,Kosovo,Kosovo,XK,499.72,544.17,33.74,33.57,14,7,12,6,False
2025-12-07 15:00:00,Kosovo,Kosovo,XK,488.66,531.36,35.66,35.64,15,7,12,6,False
2025-12-07 16:00:00,Kosovo,Kosovo,XK,503.5,547.56,33.5,33.36,16,7,12,6,False
2025-12-07 17:00:00,Kosovo,Kosovo,XK,517.22,562.01,31.73,31.62,17,7,12,6,False
2025-12-07 18:00:00,Kosovo,Kosovo,XK,530.58,576.8,29.72,29.37,18,7,12,6,False
2025-12-07 19:00:00,Kosovo,Kosovo,XK,527.0,573.7,29.81,29.33,19,7,12,6,False
2025-12-07 20:00:00,Kosovo,Kosovo,XK,532.18,579.66,28.99,28.32,20,7,12,6,False
2025-12-07 21:00:00,Kosovo,Kosovo,XK,525.48,574.88,28.62,27.26,21,7,12,6,False
2025-12-07 22:00:00,Kosovo,Kosovo,XK,543.66,593.66,26.64,25.06,22,7,12,6,False
2025-12-07 23:00:00,Kosovo,Kosovo,XK,611.19,663.75,18.88,17.71,23,7,12,6,False
2025-12-08 00:00:00,Kosovo,Kosovo,XK,646.65,701.64,14.17,12.95,0,8,12,0,False
2025-12-08 01:00:00,Kosovo,Kosovo,XK,668.87,724.99,11.32,10.38,1,8,12,0,False
2025-12-08 02:00:00,Kosovo,Kosovo,XK,680.06,736.48,9.96,9.38,2,8,12,0,False
2025-12-08 03:00:00,Kosovo,Kosovo,XK,683.35,739.82,9.56,9.11,3,8,12,0,False
2025-12-08 04:00:00,Kosovo,Kosovo,XK,652.29,706.56,13.73,13.38,4,8,12,0,False
2025-12-08 05:00:00,Kosovo,Kosovo,XK,539.6,585.5,29.0,29.0,5,8,12,0,False
2025-12-08 06:00:00,Kosovo,Kosovo,XK,458.52,503.32,37.43,37.4,6,8,12,0,False
2025-12-08 07:00:00,Kosovo,Kosovo,XK,420.02,466.5,40.37,40.36,7,8,12,0,False
2025-12-08 08:00:00,Kosovo,Kosovo,XK,406.13,451.88,42.46,42.46,8,8,12,0,False
2025-12-08 09:00:00,Kosovo,Kosovo,XK,388.46,432.29,45.58,45.58,9,8,12,0,False
2025-12-08 10:00:00,Kosovo,Kosovo,XK,384.51,427.98,46.19,46.19,10,8,12,0,False
2025-12-08 11:00:00,Kosovo,Kosovo,XK,380.96,423.77,47.02,47.02,11,8,12,0,False
2025-12-08 12:00:00,Kosovo,Kosovo,XK,378.1,421.41,47.17,47.17,12,8,12,0,False
2025-12-08 13:00:00,Kosovo,Kosovo,XK,396.16,440.64,44.72,44.72,13,8,12,0,False
2025-12-08 14:00:00,Kosovo,Kosovo,XK,400.6,446.06,43.37,43.36,14,8,12,0,False
2025-12-08 15:00:00,Kosovo,Kosovo,XK,388.83,434.71,43.69,43.53,15,8,12,0,False
2025-12-08 16:00:00,Kosovo,Kosovo,XK,389.8,434.53,43.98,43.74,16,8,12,0,False
2025-12-08 17:00:00,Kosovo,Kosovo,XK,407.13,450.71,42.66,42.49,17,8,12,0,False
2025-12-08 18:00:00,Kosovo,Kosovo,XK,425.3,470.03,40.29,40.13,18,8,12,0,False
2025-12-08 19:00:00,Kosovo,Kosovo,XK,445.64,490.71,38.06,37.97,19,8,12,0,False
2025-12-08 20:00:00,Kosovo,Kosovo,XK,481.68,532.59,31.24,31.14,20,8,12,0,False
2025-12-08 21:00:00,Kosovo,Kosovo,XK,491.2,541.74,30.76,30.59,21,8,12,0,False
2025-12-08 22:00:00,Kosovo,Kosovo,XK,497.24,549.0,29.62,29.2,22,8,12,0,False
2025-12-08 23:00:00,Kosovo,Kosovo,XK,531.25,584.96,25.24,25.08,23,8,12,0,False
2025-12-09 00:00:00,Kosovo,Kosovo,XK,553.49,607.58,22.86,22.86,0,9,12,1,False
2025-12-09 01:00:00,Kosovo,Kosovo,XK,560.81,616.15,21.45,21.45,1,9,12,1,False
2025-12-09 02:00:00,Kosovo,Kosovo,XK,571.96,627.17,20.47,20.46,2,9,12,1,False
2025-12-09 03:00:00,Kosovo,Kosovo,XK,583.33,638.48,19.42,19.42,3,9,12,1,False
2025-12-09 04:00:00,Kosovo,Kosovo,XK,581.49,630.58,23.2,23.2,4,9,12,1,False
2025-12-09 05:00:00,Kosovo,Kosovo,XK,475.39,520.84,35.64,35.5,5,9,12,1,False
2025-12-09 06:00:00,Kosovo,Kosovo,XK,427.63,470.21,41.85,41.72,6,9,12,1,False
2025-12-09 07:00:00,Kosovo,Kosovo,XK,407.97,451.55,43.29,43.26,7,9,12,1,False
2025-12-09 08:00:00,Kosovo,Kosovo,XK,403.66,447.2,43.96,43.95,8,9,12,1,False
2025-12-09 09:00:00,Kosovo,Kosovo,XK,397.31,440.71,44.88,44.88,9,9,12,1,False
2025-12-09 10:00:00,Kosovo,Kosovo,XK,407.03,450.59,43.86,43.86,10,9,12,1,False
2025-12-09 11:00:00,Kosovo,Kosovo,XK,412.19,455.73,43.39,43.39,11,9,12,1,False
2025-12-09 12:00:00,Kosovo,Kosovo,XK,409.44,453.24,43.62,43.62,12,9,12,1,False
2025-12-09 13:00:00,Kosovo,Kosovo,XK,398.91,441.29,45.27,45.26,13,9,12,1,False
2025-12-09 14:00:00,Kosovo,Kosovo,XK,396.84,440.11,44.75,44.69,14,9,12,1,False
2025-12-09 15:00:00,Kosovo,Kosovo,XK,399.61,441.23,44.83,44.76,15,9,12,1,False
2025-12-09 16:00:00,Kosovo,Kosovo,XK,394.96,432.53,47.34,47.32,16,9,12,1,False
2025-12-09 17:00:00,Kosovo,Kosovo,XK,385.74,426.16,46.78,46.7,17,9,12,1,False
2025-12-09 18:00:00,Kosovo,Kosovo,XK,393.41,433.91,46.07,45.95,18,9,12,1,False
2025-12-09 19:00:00,Kosovo,Kosovo,XK,418.86,461.86,42.17,42.05,19,9,12,1,False
2025-12-09 20:00:00,Kosovo,Kosovo,XK,484.54,532.28,32.91,32.83,20,9,12,1,False
2025-12-09 21:00:00,Kosovo,Kosovo,XK,496.56,546.79,30.45,30.23,21,9,12,1,False
2025-12-09 22:00:00,Kosovo,Kosovo,XK,556.63,609.21,23.54,23.24,22,9,12,1,False
2025-12-09 23:00:00,Kosovo,Kosovo,XK,559.4,611.36,23.74,23.13,23,9,12,1,False
2025-12-10 00:00:00,Kosovo,Kosovo,XK,613.64,666.19,18.21,17.9,0,10,12,2,False
2025-12-10 01:00:00,Kosovo,Kosovo,XK,624.77,676.13,17.75,17.7,1,10,12,2,False
2025-12-10 02:00:00,Kosovo,Kosovo,XK,630.86,682.67,16.89,16.89,2,10,12,2,False
2025-12-10 03:00:00,Kosovo,Kosovo,XK,629.64,681.3,17.09,17.09,3,10,12,2,False
2025-12-10 04:00:00,Kosovo,Kosovo,XK,588.57,637.67,22.54,22.49,4,10,12,2,False
2025-12-10 05:00:00,Kosovo,Kosovo,XK,469.78,517.25,35.19,35.13,5,10,12,2,False
2025-12-10 06:00:00,Kosovo,Kosovo,XK,425.14,467.8,42.0,41.97,6,10,12,2,False
2025-12-10 07:00:00,Kosovo,Kosovo,XK,417.68,462.55,41.57,41.56,7,10,12,2,False
2025-12-10 08:00:00,Kosovo,Kosovo,XK,425.2,469.03,41.64,41.64,8,10,12,2,False
2025-12-10 09:00:00,Kosovo,Kosovo,XK,437.69,482.99,39.82,39.82,9,10,12,2,False
2025-12-10 10:00:00,Kosovo,Kosovo,XK,438.06,484.39,39.27,39.27,10,10,12,2,False
2025-12-10 11:00:00,Kosovo,Kosovo,XK,444.72,489.8,39.24,39.24,11,10,12,2,False
2025-12-10 12:00:00,Kosovo,Kosovo,XK,431.04,473.49,41.8,41.8,12,10,12,2,False
2025-12-10 13:00:00,Kosovo,Kosovo,XK,406.15,447.07,45.15,45.15,13,10,12,2,False
2025-12-10 14:00:00,Kosovo,Kosovo,XK,387.88,429.88,46.21,46.2,14,10,12,2,False
2025-12-10 15:00:00,Kosovo,Kosovo,XK,391.78,437.14,43.6,43.44,15,10,12,2,False
2025-12-10 16:00:00,Kosovo,Kosovo,XK,397.66,441.95,43.51,43.34,16,10,12,2,False
2025-12-10 17:00:00,Kosovo,Kosovo,XK,399.06,443.03,43.51,43.32,17,10,12,2,False
2025-12-10 18:00:00,Kosovo,Kosovo,XK,400.75,442.73,44.59,44.42,18,10,12,2,False
2025-12-10 19:00:00,Kosovo,Kosovo,XK,419.67,463.94,41.4,41.21,19,10,12,2,False
2025-12-10 20:00:00,Kosovo,Kosovo,XK,428.59,471.99,40.96,40.86,20,10,12,2,False
2025-12-10 21:00:00,Kosovo,Kosovo,XK,460.96,508.11,35.56,35.51,21,10,12,2,False
2025-12-10 22:00:00,Kosovo,Kosovo,XK,487.53,535.33,32.72,32.56,22,10,12,2,False
2025-12-10 23:00:00,Kosovo,Kosovo,XK,534.19,582.49,28.1,27.88,23,10,12,2,False
2025-12-11 00:00:00,Kosovo,Kosovo,XK,562.31,609.55,26.0,25.96,0,11,12,3,False
2025-12-11 01:00:00,Kosovo,Kosovo,XK,595.31,644.75,21.63,21.56,1,11,12,3,False
2025-12-11 02:00:00,Kosovo,Kosovo,XK,608.07,658.26,19.98,19.96,2,11,12,3,False
2025-12-11 03:00:00,Kosovo,Kosovo,XK,614.93,665.7,18.99,18.99,3,11,12,3,False
2025-12-11 04:00:00,Kosovo,Kosovo,XK,566.33,614.88,24.96,24.95,4,11,12,3,False
2025-12-11 05:00:00,Kosovo,Kosovo,XK,448.47,494.23,38.15,38.1,5,11,12,3,False
2025-12-11 06:00:00,Kosovo,Kosovo,XK,424.11,468.3,41.23,41.19,6,11,12,3,False
2025-12-11 07:00:00,Kosovo,Kosovo,XK,415.89,460.93,41.76,41.71,7,11,12,3,False
2025-12-11 08:00:00,Kosovo,Kosovo,XK,440.06,487.4,38.65,38.62,8,11,12,3,False
2025-12-11 09:00:00,Kosovo,Kosovo,XK,440.76,489.27,38.17,38.13,9,11,12,3,False
2025-12-11 10:00:00,Kosovo,Kosovo,XK,449.72,498.4,37.24,37.2,10,11,12,3,False
2025-12-11 11:00:00,Kosovo,Kosovo,XK,445.97,493.79,38.07,38.04,11,11,12,3,False
2025-12-11 12:00:00,Kosovo,Kosovo,XK,460.35,507.58,36.73,36.72,12,11,12,3,False
2025-12-11 13:00:00,Kosovo,Kosovo,XK,418.94,463.23,42.25,42.25,13,11,12,3,False
2025-12-11 14:00:00,Kosovo,Kosovo,XK,403.3,446.01,44.32,44.31,14,11,12,3,False
2025-12-11 15:00:00,Kosovo,Kosovo,XK,399.88,442.53,44.32,44.25,15,11,12,3,False
2025-12-11 16:00:00,Kosovo,Kosovo,XK,407.45,450.79,43.0,42.85,16,11,12,3,False
2025-12-11 17:00:00,Kosovo,Kosovo,XK,401.66,444.72,43.98,43.79,17,11,12,3,False
2025-12-11 18:00:00,Kosovo,Kosovo,XK,408.14,451.88,43.01,42.8,18,11,12,3,False
2025-12-11 19:00:00,Kosovo,Kosovo,XK,424.93,469.83,40.76,40.59,19,11,12,3,False
2025-12-11 20:00:00,Kosovo,Kosovo,XK,444.34,488.16,39.45,39.27,20,11,12,3,False
2025-12-11 21:00:00,Kosovo,Kosovo,XK,474.03,517.45,36.75,36.54,21,11,12,3,False
2025-12-11 22:00:00,Kosovo,Kosovo,XK,494.35,538.11,34.55,34.28,22,11,12,3,False
2025-12-11 23:00:00,Kosovo,Kosovo,XK,536.46,583.51,28.71,28.32,23,11,12,3,False
2025-12-12 00:00:00,Kosovo,Kosovo,XK,564.54,611.96,25.67,25.65,0,12,12,4,False
2025-12-12 01:00:00,Kosovo,Kosovo,XK,597.68,647.58,21.11,21.11,1,12,12,4,False
2025-12-12 02:00:00,Kosovo,Kosovo,XK,610.75,663.21,18.4,18.4,2,12,12,4,False
2025-12-12 03:00:00,Kosovo,Kosovo,XK,624.23,675.66,17.73,17.73,3,12,12,4,False
2025-12-12 04:00:00,Kosovo,Kosovo,XK,557.17,604.21,26.69,26.68,4,12,12,4,False
2025-12-12 05:00:00,Kosovo,Kosovo,XK,464.7,511.61,35.97,35.85,5,12,12,4,False
2025-12-12 06:00:00,Kosovo,Kosovo,XK,431.88,476.06,40.49,40.45,6,12,12,4,False
2025-12-12 07:00:00,Kosovo,Kosovo,XK,445.86,493.62,37.27,37.24,7,12,12,4,False
2025-12-12 08:00:00,Kosovo,Kosovo,XK,454.75,504.38,35.76,35.73,8,12,12,4,False
2025-12-12 09:00:00,Kosovo,Kosovo,XK,461.31,511.89,34.9,34.86,9,12,12,4,False
2025-12-12 10:00:00,Kosovo,Kosovo,XK,460.26,510.1,35.41,35.39,10,12,12,4,False
2025-12-12 11:00:00,Kosovo,Kosovo,XK,460.82,510.44,35.42,35.41,11,12,12,4,False
2025-12-12 12:00:00,Kosovo,Kosovo,XK,461.13,509.53,36.0,36.0,12,12,12,4,False
2025-12-12 13:00:00,Kosovo,Kosovo,XK,438.17,484.34,39.32,39.32,13,12,12,4,False
2025-12-12 14:00:00,Kosovo,Kosovo,XK,433.59,478.83,40.04,40.03,14,12,12,4,False
2025-12-12 15:00:00,Kosovo,Kosovo,XK,440.42,486.17,38.78,38.73,15,12,12,4,False
2025-12-12 16:00:00,Kosovo,Kosovo,XK,443.36,490.42,37.53,37.43,16,12,12,4,False
2025-12-12 17:00:00,Kosovo,Kosovo,XK,447.16,494.58,36.85,36.73,17,12,12,4,False
2025-12-12 18:00:00,Kosovo,Kosovo,XK,461.58,506.72,36.88,36.77,18,12,12,4,False
2025-12-12 19:00:00,Kosovo,Kosovo,XK,487.29,533.71,33.53,33.42,19,12,12,4,False
2025-12-12 20:00:00,Kosovo,Kosovo,XK,521.46,570.77,28.58,28.44,20,12,12,4,False
2025-12-12 21:00:00,Kosovo,Kosovo,XK,529.7,575.16,30.11,29.93,21,12,12,4,False
2025-12-12 22:00:00,Kosovo,Kosovo,XK,572.81,621.54,24.21,23.83,22,12,12,4,False
2025-12-12 23:00:00,Kosovo,Kosovo,XK,600.73,654.65,18.78,17.75,23,12,12,4,False
2025-12-13 00:00:00,Kosovo,Kosovo,XK,628.88,685.61,14.41,13.45,0,13,12,5,False
2025-12-13 01:00:00,Kosovo,Kosovo,XK,644.45,702.78,11.98,11.19,1,13,12,5,False
2025-12-13 02:00:00,Kosovo,Kosovo,XK,649.82,708.77,11.09,10.39,2,13,12,5,False
2025-12-13 03:00:00,Kosovo,Kosovo,XK,644.83,704.61,11.09,10.38,3,13,12,5,False
2025-12-13 04:00:00,Kosovo,Kosovo,XK,666.03,723.17,10.61,10.14,4,13,12,5,False
2025-12-13 05:00:00,Kosovo,Kosovo,XK,615.5,669.58,17.09,16.77,5,13,12,5,False
2025-12-13 06:00:00,Kosovo,Kosovo,XK,564.21,620.78,20.49,19.97,6,13,12,5,False
2025-12-13 07:00:00,Kosovo,Kosovo,XK,500.29,554.98,28.09,27.7,7,13,12,5,False
2025-12-13 08:00:00,Kosovo,Kosovo,XK,482.75,536.31,30.89,30.37,8,13,12,5,False
2025-12-13 09:00:00,Kosovo,Kosovo,XK,473.5,526.91,32.07,31.78,9,13,12,5,False
2025-12-13 10:00:00,Kosovo,Kosovo,XK,476.47,530.46,31.52,31.19,10,13,12,5,False
2025-12-13 11:00:00,Kosovo,Kosovo,XK,483.2,537.47,30.66,30.36,11,13,12,5,False
2025-12-13 12:00:00,Kosovo,Kosovo,XK,484.22,538.51,30.35,30.06,12,13,12,5,False
2025-12-13 13:00:00,Kosovo,Kosovo,XK,490.12,543.21,29.95,29.88,13,13,12,5,False
2025-12-13 14:00:00,Kosovo,Kosovo,XK,483.99,534.43,31.76,31.66,14,13,12,5,False
2025-12-13 15:00:00,Kosovo,Kosovo,XK,462.34,511.57,34.33,34.15,15,13,12,5,False
2025-12-13 16:00:00,Kosovo,Kosovo,XK,464.02,510.7,35.64,35.51,16,13,12,5,False
2025-12-13 17:00:00,Kosovo,Kosovo,XK,471.24,517.32,35.27,35.15,17,13,12,5,False
2025-12-13 18:00:00,Kosovo,Kosovo,XK,489.72,535.78,33.58,33.45,18,13,12,5,False
2025-12-13 19:00:00,Kosovo,Kosovo,XK,529.25,578.48,27.81,27.75,19,13,12,5,False
2025-12-13 20:00:00,Kosovo,Kosovo,XK,540.63,592.86,24.94,24.84,20,13,12,5,False
2025-12-13 21:00:00,Kosovo,Kosovo,XK,549.33,601.99,24.15,23.68,21,13,12,5,False
2025-12-13 22:00:00,Kosovo,Kosovo,XK,538.26,593.19,23.92,23.29,22,13,12,5,False
2025-12-13 23:00:00,Kosovo,Kosovo,XK,577.38,633.73,19.53,18.69,23,13,12,5,False
2025-12-14 00:00:00,Kosovo,Kosovo,XK,614.59,673.38,14.63,13.7,0,14,12,6,False
2025-12-14 01:00:00,Kosovo,Kosovo,XK,622.01,682.43,12.84,12.39,1,14,12,6,False
2025-12-14 02:00:00,Kosovo,Kosovo,XK,647.83,707.93,10.59,10.13,2,14,12,6,False
2025-12-14 03:00:00,Kosovo,Kosovo,XK,656.62,716.71,9.77,9.28,3,14,12,6,False
2025-12-14 04:00:00,Kosovo,Kosovo,XK,691.59,750.04,7.57,6.83,4,14,12,6,False
2025-12-14 05:00:00,Kosovo,Kosovo,XK,670.65,726.05,11.34,10.87,5,14,12,6,False
2025-12-14 06:00:00,Kosovo,Kosovo,XK,611.45,667.32,16.56,16.09,6,14,12,6,False
2025-12-14 07:00:00,Kosovo,Kosovo,XK,513.48,568.36,27.0,26.53,7,14,12,6,False
2025-12-14 08:00:00,Kosovo,Kosovo,XK,466.76,518.25,34.02,33.53,8,14,12,6,False
2025-12-14 09:00:00,Kosovo,Kosovo,XK,451.69,501.91,36.42,36.05,9,14,12,6,False
2025-12-14 10:00:00,Kosovo,Kosovo,XK,452.36,503.14,36.04,35.78,10,14,12,6,False
2025-12-14 11:00:00,Kosovo,Kosovo,XK,456.3,507.15,35.55,35.22,11,14,12,6,False
2025-12-14 12:00:00,Kosovo,Kosovo,XK,472.75,524.51,33.21,32.91,12,14,12,6,False
2025-12-14 13:00:00,Kosovo,Kosovo,XK,498.45,550.21,30.04,29.76,13,14,12,6,False
2025-12-14 14:00:00,Kosovo,Kosovo,XK,515.5,565.8,28.86,28.75,14,14,12,6,False
2025-12-14 15:00:00,Kosovo,Kosovo,XK,507.26,553.22,32.08,31.92,15,14,12,6,False
2025-12-14 16:00:00,Kosovo,Kosovo,XK,511.74,556.88,32.07,31.98,16,14,12,6,False
2025-12-14 17:00:00,Kosovo,Kosovo,XK,511.21,555.93,32.34,32.23,17,14,12,6,False
2025-12-14 18:00:00,Kosovo,Kosovo,XK,516.08,561.17,31.75,31.45,18,14,12,6,False
2025-12-14 19:00:00,Kosovo,Kosovo,XK,533.44,580.52,29.15,28.44,19,14,12,6,False
2025-12-14 20:00:00,Kosovo,Kosovo,XK,556.38,605.98,25.64,24.46,20,14,12,6,False
2025-12-14 21:00:00,Kosovo,Kosovo,XK,551.07,602.26,25.39,23.4,21,14,12,6,False
2025-12-14 22:00:00,Kosovo,Kosovo,XK,556.57,609.52,24.0,21.37,22,14,12,6,False
2025-12-14 23:00:00,Kosovo,Kosovo,XK,589.79,643.62,20.31,18.02,23,14,12,6,False
2025-12-15 00:00:00,Kosovo,Kosovo,XK,629.26,684.47,15.54,14.19,0,15,12,0,False
2025-12-15 01:00:00,Kosovo,Kosovo,XK,648.63,704.16,13.24,12.8,1,15,12,0,False
2025-12-15 02:00:00,Kosovo,Kosovo,XK,668.04,722.97,11.78,11.31,2,15,12,0,False
2025-12-15 03:00:00,Kosovo,Kosovo,XK,661.61,715.82,12.73,12.44,3,15,12,0,False
2025-12-15 04:00:00,Kosovo,Kosovo,XK,613.21,664.58,18.89,18.88,4,15,12,0,False
2025-12-15 05:00:00,Kosovo,Kosovo,XK,495.99,540.95,33.73,33.7,5,15,12,0,False
2025-12-15 06:00:00,Kosovo,Kosovo,XK,459.46,506.11,36.3,36.29,6,15,12,0,False
2025-12-15 07:00:00,Kosovo,Kosovo,XK,421.67,470.3,39.27,39.24,7,15,12,0,False
2025-12-15 08:00:00,Kosovo,Kosovo,XK,406.06,453.63,41.87,41.84,8,15,12,0,False
2025-12-15 09:00:00,Kosovo,Kosovo,XK,392.72,438.44,44.46,44.43,9,15,12,0,False
2025-12-15 10:00:00,Kosovo,Kosovo,XK,394.78,441.15,43.94,43.92,10,15,12,0,False
2025-12-15 11:00:00,Kosovo,Kosovo,XK,401.86,448.69,42.91,42.89,11,15,12,0,False
2025-12-15 12:00:00,Kosovo,Kosovo,XK,400.22,446.82,42.99,42.98,12,15,12,0,False
2025-12-15 13:00:00,Kosovo,Kosovo,XK,403.28,449.96,42.3,42.29,13,15,12,0,False
2025-12-15 14:00:00,Kosovo,Kosovo,XK,414.17,461.04,40.88,40.84,14,15,12,0,False
2025-12-15 15:00:00,Kosovo,Kosovo,XK,412.88,460.52,40.19,40.09,15,15,12,0,False
2025-12-15 16:00:00,Kosovo,Kosovo,XK,424.18,469.16,40.49,40.42,16,15,12,0,False
2025-12-15 17:00:00,Kosovo,Kosovo,XK,432.65,475.83,40.72,40.66,17,15,12,0,False
2025-12-15 18:00:00,Kosovo,Kosovo,XK,435.4,478.56,40.52,40.44,18,15,12,0,False
2025-12-15 19:00:00,Kosovo,Kosovo,XK,443.35,487.75,39.07,38.99,19,15,12,0,False
2025-12-15 20:00:00,Kosovo,Kosovo,XK,469.01,514.85,35.61,35.47,20,15,12,0,False
2025-12-15 21:00:00,Kosovo,Kosovo,XK,466.85,512.0,36.25,36.03,21,15,12,0,False
2025-12-15 22:00:00,Kosovo,Kosovo,XK,487.14,535.18,32.7,32.47,22,15,12,0,False
2025-12-15 23:00:00,Kosovo,Kosovo,XK,543.6,595.79,24.99,24.83,23,15,12,0,False
2025-12-16 00:00:00,Kosovo,Kosovo,XK,565.99,616.27,24.02,23.72,0,16,12,1,False
2025-12-16 01:00:00,Kosovo,Kosovo,XK,596.7,647.68,20.73,20.42,1,16,12,1,False
2025-12-16 02:00:00,Kosovo,Kosovo,XK,595.98,646.68,20.97,20.65,2,16,12,1,False
2025-12-16 03:00:00,Kosovo,Kosovo,XK,596.2,646.59,21.14,20.81,3,16,12,1,False
2025-12-16 04:00:00,Kosovo,Kosovo,XK,540.73,591.11,26.99,26.42,4,16,12,1,False
2025-12-16 05:00:00,Kosovo,Kosovo,XK,472.73,522.85,33.69,33.52,5,16,12,1,False
2025-12-16 06:00:00,Kosovo,Kosovo,XK,433.19,479.81,39.24,39.23,6,16,12,1,False
2025-12-16 07:00:00,Kosovo,Kosovo,XK,430.51,478.81,38.48,38.46,7,16,12,1,False
2025-12-16 08:00:00,Kosovo,Kosovo,XK,426.58,474.49,39.33,39.31,8,16,12,1,False
2025-12-16 09:00:00,Kosovo,Kosovo,XK,448.28,499.88,35.45,35.41,9,16,12,1,False
2025-12-16 10:00:00,Kosovo,Kosovo,XK,448.02,499.85,35.28,35.25,10,16,12,1,False
2025-12-16 11:00:00,Kosovo,Kosovo,XK,452.24,504.26,34.66,34.64,11,16,12,1,False
2025-12-16 12:00:00,Kosovo,Kosovo,XK,459.16,510.43,34.12,34.11,12,16,12,1,False
2025-12-16 13:00:00,Kosovo,Kosovo,XK,430.66,478.95,38.46,38.45,13,16,12,1,False
2025-12-16 14:00:00,Kosovo,Kosovo,XK,414.0,459.74,41.59,41.57,14,16,12,1,False
2025-12-16 15:00:00,Kosovo,Kosovo,XK,410.5,455.99,41.84,41.78,15,16,12,1,False
2025-12-16 16:00:00,Kosovo,Kosovo,XK,422.15,466.07,41.44,41.38,16,16,12,1,False
2025-12-16 17:00:00,Kosovo,Kosovo,XK,423.84,465.97,42.23,42.13,17,16,12,1,False
2025-12-16 18:00:00,Kosovo,Kosovo,XK,424.46,466.61,42.16,42.07,18,16,12,1,False
2025-12-16 19:00:00,Kosovo,Kosovo,XK,436.9,480.04,40.45,40.34,19,16,12,1,False
2025-12-16 20:00:00,Kosovo,Kosovo,XK,465.7,511.27,36.35,36.29,20,16,12,1,False
2025-12-16 21:00:00,Kosovo,Kosovo,XK,462.28,508.15,36.7,36.52,21,16,12,1,False
2025-12-16 22:00:00,Kosovo,Kosovo,XK,479.67,525.82,34.77,34.63,22,16,12,1,False
2025-12-16 23:00:00,Kosovo,Kosovo,XK,546.67,594.52,27.28,26.98,23,16,12,1,False
2025-12-17 00:00:00,Kosovo,Kosovo,XK,574.37,623.61,23.88,23.54,0,17,12,2,False
2025-12-17 01:00:00,Kosovo,Kosovo,XK,583.47,633.32,22.57,22.44,1,17,12,2,False
2025-12-17 02:00:00,Kosovo,Kosovo,XK,584.01,633.78,22.57,22.44,2,17,12,2,False
2025-12-17 03:00:00,Kosovo,Kosovo,XK,577.51,626.77,23.49,23.34,3,17,12,2,False
2025-12-17 04:00:00,Kosovo,Kosovo,XK,535.15,582.18,29.0,28.8,4,17,12,2,False
2025-12-17 05:00:00,Kosovo,Kosovo,XK,464.75,513.11,35.38,35.3,5,17,12,2,False
2025-12-17 06:00:00,Kosovo,Kosovo,XK,437.44,483.92,38.89,38.82,6,17,12,2,False
2025-12-17 07:00:00,Kosovo,Kosovo,XK,431.85,479.68,38.69,38.67,7,17,12,2,False
2025-12-17 08:00:00,Kosovo,Kosovo,XK,416.09,463.07,41.11,41.11,8,17,12,2,False
2025-12-17 09:00:00,Kosovo,Kosovo,XK,426.8,474.43,39.87,39.87,9,17,12,2,False
2025-12-17 10:00:00,Kosovo,Kosovo,XK,435.27,483.55,38.74,38.74,10,17,12,2,False
2025-12-17 11:00:00,Kosovo,Kosovo,XK,441.36,489.69,38.06,38.06,11,17,12,2,False
2025-12-17 12:00:00,Kosovo,Kosovo,XK,444.55,493.34,37.47,37.47,12,17,12,2,False
2025-12-17 13:00:00,Kosovo,Kosovo,XK,435.8,484.35,38.24,38.24,13,17,12,2,False
2025-12-17 14:00:00,Kosovo,Kosovo,XK,434.19,481.13,39.13,39.1,14,17,12,2,False
2025-12-17 15:00:00,Kosovo,Kosovo,XK,439.59,484.94,39.03,38.99,15,17,12,2,False
2025-12-17 16:00:00,Kosovo,Kosovo,XK,436.79,481.28,39.7,39.62,16,17,12,2,False
2025-12-17 17:00:00,Kosovo,Kosovo,XK,443.52,488.36,38.88,38.77,17,17,12,2,False
2025-12-17 18:00:00,Kosovo,Kosovo,XK,442.91,487.73,38.93,38.79,18,17,12,2,False
2025-12-17 19:00:00,Kosovo,Kosovo,XK,452.12,497.69,37.7,37.53,19,17,12,2,False
2025-12-17 20:00:00,Kosovo,Kosovo,XK,467.65,514.52,35.57,35.38,20,17,12,2,False
2025-12-17 21:00:00,Kosovo,Kosovo,XK,463.89,511.48,35.74,35.27,21,17,12,2,False
2025-12-17 22:00:00,Kosovo,Kosovo,XK,479.85,525.42,35.18,34.73,22,17,12,2,False
2025-12-17 23:00:00,Kosovo,Kosovo,XK,545.7,594.46,26.92,26.4,23,17,12,2,False
2025-12-18 00:00:00,Kosovo,Kosovo,XK,590.21,641.2,21.69,20.56,0,18,12,3,False
2025-12-18 01:00:00,Kosovo,Kosovo,XK,603.29,655.29,19.92,18.7,1,18,12,3,False
2025-12-18 02:00:00,Kosovo,Kosovo,XK,613.77,665.81,18.76,17.9,2,18,12,3,False
2025-12-18 03:00:00,Kosovo,Kosovo,XK,607.98,659.33,19.64,18.94,3,18,12,3,False
2025-12-18 04:00:00,Kosovo,Kosovo,XK,555.36,603.82,26.38,25.49,4,18,12,3,False
2025-12-18 05:00:00,Kosovo,Kosovo,XK,504.8,549.36,33.23,32.81,5,18,12,3,False
2025-12-18 06:00:00,Kosovo,Kosovo,XK,488.3,531.65,35.34,35.24,6,18,12,3,False
2025-12-18 07:00:00,Kosovo,Kosovo,XK,460.42,510.23,34.72,34.71,7,18,12,3,False
2025-12-18 08:00:00,Kosovo,Kosovo,XK,439.35,489.7,36.78,36.78,8,18,12,3,False
2025-12-18 09:00:00,Kosovo,Kosovo,XK,446.23,497.52,35.69,35.68,9,18,12,3,False
2025-12-18 10:00:00,Kosovo,Kosovo,XK,453.52,505.12,34.84,34.81,10,18,12,3,False
2025-12-18 11:00:00,Kosovo,Kosovo,XK,456.45,507.63,34.71,34.69,11,18,12,3,False
2025-12-18 12:00:00,Kosovo,Kosovo,XK,457.65,508.53,34.77,34.77,12,18,12,3,False
2025-12-18 13:00:00,Kosovo,Kosovo,XK,453.71,503.93,35.44,35.43,13,18,12,3,False
2025-12-18 14:00:00,Kosovo,Kosovo,XK,427.06,473.95,39.7,39.66,14,18,12,3,False
2025-12-18 15:00:00,Kosovo,Kosovo,XK,426.8,472.8,39.93,39.79,15,18,12,3,False
2025-12-18 16:00:00,Kosovo,Kosovo,XK,437.5,481.77,39.65,39.46,16,18,12,3,False
2025-12-18 17:00:00,Kosovo,Kosovo,XK,441.22,485.95,39.09,38.82,17,18,12,3,False
2025-12-18 18:00:00,Kosovo,Kosovo,XK,453.22,498.84,37.47,37.15,18,18,12,3,False
2025-12-18 19:00:00,Kosovo,Kosovo,XK,450.18,495.74,37.86,37.51,19,18,12,3,False
2025-12-18 20:00:00,Kosovo,Kosovo,XK,473.45,520.97,34.65,34.27,20,18,12,3,False
2025-12-18 21:00:00,Kosovo,Kosovo,XK,481.14,529.59,33.65,32.86,21,18,12,3,False
2025-12-18 22:00:00,Kosovo,Kosovo,XK,497.08,545.44,32.08,31.53,22,18,12,3,False
2025-12-18 23:00:00,Kosovo,Kosovo,XK,549.78,598.64,26.86,25.47,23,18,12,3,False
2025-12-19 00:00:00,Kosovo,Kosovo,XK,586.4,638.21,21.86,20.13,0,19,12,4,False
2025-12-19 01:00:00,Kosovo,Kosovo,XK,610.09,663.07,18.86,17.41,1,19,12,4,False
2025-12-19 02:00:00,Kosovo,Kosovo,XK,620.29,673.29,17.71,16.68,2,19,12,4,False
2025-12-19 03:00:00,Kosovo,Kosovo,XK,618.41,671.59,17.84,16.75,3,19,12,4,False
2025-12-19 04:00:00,Kosovo,Kosovo,XK,560.55,613.59,23.49,22.98,4,19,12,4,False
2025-12-19 05:00:00,Kosovo,Kosovo,XK,506.15,554.45,31.15,30.89,5,19,12,4,False
2025-12-19 06:00:00,Kosovo,Kosovo,XK,474.52,523.64,33.75,33.62,6,19,12,4,False
2025-12-19 07:00:00,Kosovo,Kosovo,XK,466.77,518.03,33.37,33.28,7,19,12,4,False
2025-12-19 08:00:00,Kosovo,Kosovo,XK,465.21,516.09,33.95,33.93,8,19,12,4,False
2025-12-19 09:00:00,Kosovo,Kosovo,XK,503.16,556.62,29.16,28.57,9,19,12,4,False
2025-12-19 10:00:00,Kosovo,Kosovo,XK,511.04,565.88,27.59,27.19,10,19,12,4,False
2025-12-19 11:00:00,Kosovo,Kosovo,XK,524.87,579.88,26.05,25.84,11,19,12,4,False
2025-12-19 12:00:00,Kosovo,Kosovo,XK,535.11,588.18,25.9,25.81,12,19,12,4,False
2025-12-19 13:00:00,Kosovo,Kosovo,XK,517.44,568.58,28.77,28.73,13,19,12,4,False
2025-12-19 14:00:00,Kosovo,Kosovo,XK,491.64,542.01,31.51,31.34,14,19,12,4,False
2025-12-19 15:00:00,Kosovo,Kosovo,XK,498.79,548.18,31.17,30.95,15,19,12,4,False
2025-12-19 16:00:00,Kosovo,Kosovo,XK,503.01,551.27,31.28,31.16,16,19,12,4,False
2025-12-19 17:00:00,Kosovo,Kosovo,XK,506.58,555.2,30.75,30.57,17,19,12,4,False
2025-12-19 18:00:00,Kosovo,Kosovo,XK,503.36,552.05,31.12,30.7,18,19,12,4,False
2025-12-19 19:00:00,Kosovo,Kosovo,XK,506.01,554.94,30.71,30.27,19,19,12,4,False
2025-12-19 20:00:00,Kosovo,Kosovo,XK,532.47,583.45,27.19,26.59,20,19,12,4,False
2025-12-19 21:00:00,Kosovo,Kosovo,XK,530.39,581.16,27.54,26.92,21,19,12,4,False
2025-12-19 22:00:00,Kosovo,Kosovo,XK,555.45,606.33,25.02,24.33,22,19,12,4,False
2025-12-19 23:00:00,Kosovo,Kosovo,XK,619.2,673.25,17.47,15.6,23,19,12,4,False
2025-12-20 00:00:00,Kosovo,Kosovo,XK,643.65,699.23,14.25,12.47,0,20,12,5,False
2025-12-20 01:00:00,Kosovo,Kosovo,XK,652.82,708.71,13.12,11.64,1,20,12,5,False
2025-12-20 02:00:00,Kosovo,Kosovo,XK,662.44,718.02,12.15,11.32,2,20,12,5,False
2025-12-20 03:00:00,Kosovo,Kosovo,XK,672.67,728.43,10.95,10.44,3,20,12,5,False
2025-12-20 04:00:00,Kosovo,Kosovo,XK,666.17,720.85,12.05,11.82,4,20,12,5,False
2025-12-20 05:00:00,Kosovo,Kosovo,XK,590.64,644.46,20.15,19.68,5,20,12,5,False
2025-12-20 06:00:00,Kosovo,Kosovo,XK,549.66,599.71,26.02,25.81,6,20,12,5,False
2025-12-20 07:00:00,Kosovo,Kosovo,XK,520.16,569.54,29.13,29.05,7,20,12,5,False
2025-12-20 08:00:00,Kosovo,Kosovo,XK,488.88,538.77,31.91,31.88,8,20,12,5,False
2025-12-20 09:00:00,Kosovo,Kosovo,XK,463.5,512.89,34.77,34.74,9,20,12,5,False
2025-12-20 10:00:00,Kosovo,Kosovo,XK,458.18,507.45,35.41,35.39,10,20,12,5,False
2025-12-20 11:00:00,Kosovo,Kosovo,XK,465.27,514.71,34.65,34.64,11,20,12,5,False
2025-12-20 12:00:00,Kosovo,Kosovo,XK,461.78,510.15,35.67,35.64,12,20,12,5,False
2025-12-20 13:00:00,Kosovo,Kosovo,XK,470.05,518.19,35.22,35.08,13,20,12,5,False
2025-12-20 14:00:00,Kosovo,Kosovo,XK,457.47,505.41,36.41,36.13,14,20,12,5,False
2025-12-20 15:00:00,Kosovo,Kosovo,XK,414.65,460.36,41.48,41.0,15,20,12,5,False
2025-12-20 16:00:00,Kosovo,Kosovo,XK,418.16,463.3,41.29,40.76,16,20,12,5,False
2025-12-20 17:00:00,Kosovo,Kosovo,XK,419.91,464.96,41.14,40.6,17,20,12,5,False
2025-12-20 18:00:00,Kosovo,Kosovo,XK,431.42,476.03,40.31,39.62,18,20,12,5,False
2025-12-20 19:00:00,Kosovo,Kosovo,XK,435.27,479.62,40.1,39.41,19,20,12,5,False
2025-12-20 20:00:00,Kosovo,Kosovo,XK,460.47,504.23,37.92,37.21,20,20,12,5,False
2025-12-20 21:00:00,Kosovo,Kosovo,XK,460.81,503.48,38.49,37.59,21,20,12,5,False
2025-12-20 22:00:00,Kosovo,Kosovo,XK,485.03,531.3,34.25,32.96,22,20,12,5,False
2025-12-20 23:00:00,Kosovo,Kosovo,XK,530.05,586.64,24.18,22.81,23,20,12,5,False
2025-12-21 00:00:00,Kosovo,Kosovo,XK,562.04,617.96,21.65,20.06,0,21,12,6,False
2025-12-21 01:00:00,Kosovo,Kosovo,XK,581.49,638.24,19.16,18.27,1,21,12,6,False
2025-12-21 02:00:00,Kosovo,Kosovo,XK,592.14,648.6,18.19,17.61,2,21,12,6,False
2025-12-21 03:00:00,Kosovo,Kosovo,XK,588.16,646.2,17.47,17.29,3,21,12,6,False
2025-12-21 04:00:00,Kosovo,Kosovo,XK,602.27,660.92,15.83,15.58,4,21,12,6,False
2025-12-21 05:00:00,Kosovo,Kosovo,XK,589.32,644.03,19.51,18.98,5,21,12,6,False
2025-12-21 06:00:00,Kosovo,Kosovo,XK,515.07,565.57,28.76,28.64,6,21,12,6,False
2025-12-21 07:00:00,Kosovo,Kosovo,XK,477.84,528.59,32.36,32.28,7,21,12,6,False
2025-12-21 08:00:00,Kosovo,Kosovo,XK,432.99,481.79,37.9,37.83,8,21,12,6,False
2025-12-21 09:00:00,Kosovo,Kosovo,XK,422.1,469.35,40.15,40.05,9,21,12,6,False
2025-12-21 10:00:00,Kosovo,Kosovo,XK,409.44,456.35,41.75,41.68,10,21,12,6,False
2025-12-21 11:00:00,Kosovo,Kosovo,XK,416.99,464.61,40.5,40.43,11,21,12,6,False
2025-12-21 12:00:00,Kosovo,Kosovo,XK,425.46,472.97,39.66,39.55,12,21,12,6,False
2025-12-21 13:00:00,Kosovo,Kosovo,XK,431.01,477.49,39.71,39.49,13,21,12,6,False
2025-12-21 14:00:00,Kosovo,Kosovo,XK,434.34,479.36,40.06,39.63,14,21,12,6,False
2025-12-21 15:00:00,Kosovo,Kosovo,XK,419.65,465.06,40.99,40.6,15,21,12,6,False
2025-12-21 16:00:00,Kosovo,Kosovo,XK,418.93,464.38,40.97,40.5,16,21,12,6,False
2025-12-21 17:00:00,Kosovo,Kosovo,XK,425.49,470.68,40.34,40.01,17,21,12,6,False
2025-12-21 18:00:00,Kosovo,Kosovo,XK,428.88,473.17,40.58,40.12,18,21,12,6,False
2025-12-21 19:00:00,Kosovo,Kosovo,XK,437.81,483.19,39.09,38.69,19,21,12,6,False
2025-12-21 20:00:00,Kosovo,Kosovo,XK,446.02,493.71,36.99,36.6,20,21,12,6,False
2025-12-21 21:00:00,Kosovo,Kosovo,XK,511.0,560.32,29.88,29.37,21,21,12,6,False
2025-12-21 22:00:00,Kosovo,Kosovo,XK,544.19,597.49,24.36,24.06,22,21,12,6,False
2025-12-21 23:00:00,Kosovo,Kosovo,XK,574.1,630.0,20.01,19.77,23,21,12,6,False
2025-12-22 00:00:00,Kosovo,Kosovo,XK,632.38,688.44,14.48,14.12,0,22,12,0,False
2025-12-22 01:00:00,Kosovo,Kosovo,XK,658.28,713.5,12.54,12.14,1,22,12,0,False
2025-12-22 02:00:00,Kosovo,Kosovo,XK,669.62,725.25,11.25,10.8,2,22,12,0,False
2025-12-22 03:00:00,Kosovo,Kosovo,XK,682.86,739.12,9.54,9.32,3,22,12,0,False
2025-12-22 04:00:00,Kosovo,Kosovo,XK,645.82,699.88,14.46,13.9,4,22,12,0,False
2025-12-22 05:00:00,Kosovo,Kosovo,XK,540.82,592.06,26.32,25.88,5,22,12,0,False
2025-12-22 06:00:00,Kosovo,Kosovo,XK,512.4,561.66,29.9,29.71,6,22,12,0,False
2025-12-22 07:00:00,Kosovo,Kosovo,XK,483.61,532.29,33.04,32.91,7,22,12,0,False
2025-12-22 08:00:00,Kosovo,Kosovo,XK,467.11,515.76,34.83,34.79,8,22,12,0,False
2025-12-22 09:00:00,Kosovo,Kosovo,XK,477.71,527.49,33.36,33.28,9,22,12,0,False
2025-12-22 10:00:00,Kosovo,Kosovo,XK,473.58,523.6,33.67,33.63,10,22,12,0,False
2025-12-22 11:00:00,Kosovo,Kosovo,XK,477.22,527.7,33.11,33.07,11,22,12,0,False
2025-12-22 12:00:00,Kosovo,Kosovo,XK,480.39,531.19,32.68,32.62,12,22,12,0,False
2025-12-22 13:00:00,Kosovo,Kosovo,XK,477.15,528.36,32.83,32.79,13,22,12,0,False
2025-12-22 14:00:00,Kosovo,Kosovo,XK,478.19,528.62,32.85,32.65,14,22,12,0,False
2025-12-22 15:00:00,Kosovo,Kosovo,XK,477.61,527.39,33.08,32.72,15,22,12,0,False
2025-12-22 16:00:00,Kosovo,Kosovo,XK,473.31,522.15,33.9,33.56,16,22,12,0,False
2025-12-22 17:00:00,Kosovo,Kosovo,XK,477.64,526.56,33.29,33.04,17,22,12,0,False
2025-12-22 18:00:00,Kosovo,Kosovo,XK,489.59,539.5,31.64,31.27,18,22,12,0,False
2025-12-22 19:00:00,Kosovo,Kosovo,XK,505.16,554.87,30.37,30.08,19,22,12,0,False
2025-12-22 20:00:00,Kosovo,Kosovo,XK,529.26,579.32,28.01,27.64,20,22,12,0,False
2025-12-22 21:00:00,Kosovo,Kosovo,XK,538.12,587.53,27.53,26.87,21,22,12,0,False
2025-12-22 22:00:00,Kosovo,Kosovo,XK,582.42,634.07,22.02,20.89,22,22,12,0,False
2025-12-22 23:00:00,Kosovo,Kosovo,XK,622.99,677.51,16.69,14.99,23,22,12,0,False
2025-12-23 00:00:00,Kosovo,Kosovo,XK,646.33,702.27,13.79,11.66,0,23,12,1,False
2025-12-23 01:00:00,Kosovo,Kosovo,XK,669.41,726.31,10.93,9.19,1,23,12,1,False
2025-12-23 02:00:00,Kosovo,Kosovo,XK,678.08,735.3,9.89,8.31,2,23,12,1,False
2025-12-23 03:00:00,Kosovo,Kosovo,XK,687.54,745.28,8.68,7.19,3,23,12,1,False
2025-12-23 04:00:00,Kosovo,Kosovo,XK,661.07,716.97,12.21,10.92,4,23,12,1,False
2025-12-23 05:00:00,Kosovo,Kosovo,XK,551.99,602.38,25.7,25.29,5,23,12,1,False
2025-12-23 06:00:00,Kosovo,Kosovo,XK,506.96,558.95,29.2,29.12,6,23,12,1,False
2025-12-23 07:00:00,Kosovo,Kosovo,XK,483.63,535.43,31.48,31.46,7,23,12,1,False
2025-12-23 08:00:00,Kosovo,Kosovo,XK,474.73,523.68,33.9,33.81,8,23,12,1,False
2025-12-23 09:00:00,Kosovo,Kosovo,XK,487.35,538.12,31.73,31.62,9,23,12,1,False
2025-12-23 10:00:00,Kosovo,Kosovo,XK,491.6,543.05,30.97,30.91,10,23,12,1,False
2025-12-23 11:00:00,Kosovo,Kosovo,XK,483.67,533.68,32.44,32.37,11,23,12,1,False
2025-12-23 12:00:00,Kosovo,Kosovo,XK,489.84,539.65,31.99,31.88,12,23,12,1,False
2025-12-23 13:00:00,Kosovo,Kosovo,XK,474.98,523.3,34.27,34.2,13,23,12,1,False
2025-12-23 14:00:00,Kosovo,Kosovo,XK,460.29,508.75,35.66,35.55,14,23,12,1,False
2025-12-23 15:00:00,Kosovo,Kosovo,XK,460.22,508.47,35.7,35.55,15,23,12,1,False
2025-12-23 16:00:00,Kosovo,Kosovo,XK,462.87,510.28,35.76,35.58,16,23,12,1,False
2025-12-23 17:00:00,Kosovo,Kosovo,XK,455.28,501.99,36.89,36.67,17,23,12,1,False
2025-12-23 18:00:00,Kosovo,Kosovo,XK,466.43,513.0,35.88,35.65,18,23,12,1,False
2025-12-23 19:00:00,Kosovo,Kosovo,XK,484.92,533.43,33.01,32.8,19,23,12,1,False
2025-12-23 20:00:00,Kosovo,Kosovo,XK,524.73,571.32,30.06,29.63,20,23,12,1,False
2025-12-23 21:00:00,Kosovo,Kosovo,XK,547.4,597.56,26.08,25.14,21,23,12,1,False
2025-12-23 22:00:00,Kosovo,Kosovo,XK,558.6,608.45,25.33,23.85,22,23,12,1,False
2025-12-23 23:00:00,Kosovo,Kosovo,XK,542.7,592.56,27.37,24.64,23,23,12,1,False
2025-12-24 00:00:00,Kosovo,Kosovo,XK,566.39,618.56,24.03,20.62,0,24,12,2,False
2025-12-24 01:00:00,Kosovo,Kosovo,XK,586.83,640.18,21.36,18.2,1,24,12,2,False
2025-12-24 02:00:00,Kosovo,Kosovo,XK,596.8,651.01,19.97,16.69,2,24,12,2,False
2025-12-24 03:00:00,Kosovo,Kosovo,XK,616.17,671.55,17.41,14.41,3,24,12,2,False
2025-12-24 04:00:00,Kosovo,Kosovo,XK,622.5,677.59,16.8,14.39,4,24,12,2,False
2025-12-24 05:00:00,Kosovo,Kosovo,XK,578.73,629.94,22.93,21.21,5,24,12,2,False
2025-12-24 06:00:00,Kosovo,Kosovo,XK,530.9,579.23,28.84,27.85,6,24,12,2,False
2025-12-24 07:00:00,Kosovo,Kosovo,XK,480.8,527.94,34.2,33.63,7,24,12,2,False
2025-12-24 08:00:00,Kosovo,Kosovo,XK,458.92,505.44,36.69,36.19,8,24,12,2,False
2025-12-24 09:00:00,Kosovo,Kosovo,XK,447.43,494.74,37.45,37.13,9,24,12,2,False
2025-12-24 10:00:00,Kosovo,Kosovo,XK,448.82,494.66,38.2,37.75,10,24,12,2,False
2025-12-24 11:00:00,Kosovo,Kosovo,XK,460.62,506.58,36.95,36.52,11,24,12,2,False
2025-12-24 12:00:00,Kosovo,Kosovo,XK,469.24,514.6,36.54,35.78,12,24,12,2,False
2025-12-24 13:00:00,Kosovo,Kosovo,XK,464.42,507.59,38.06,37.3,13,24,12,2,False
2025-12-24 14:00:00,Kosovo,Kosovo,XK,462.44,505.51,38.31,37.58,14,24,12,2,False
2025-12-24 15:00:00,Kosovo,Kosovo,XK,453.98,497.77,38.58,38.04,15,24,12,2,False
2025-12-24 16:00:00,Kosovo,Kosovo,XK,473.16,517.21,36.76,35.43,16,24,12,2,False
2025-12-24 17:00:00,Kosovo,Kosovo,XK,480.02,524.83,35.74,34.04,17,24,12,2,False
2025-12-24 18:00:00,Kosovo,Kosovo,XK,499.49,546.01,33.1,31.11,18,24,12,2,False
2025-12-24 19:00:00,Kosovo,Kosovo,XK,517.98,566.02,30.66,28.09,19,24,12,2,False
2025-12-24 20:00:00,Kosovo,Kosovo,XK,539.84,589.65,27.78,24.51,20,24,12,2,False
2025-12-24 21:00:00,Kosovo,Kosovo,XK,528.34,578.16,28.77,25.65,21,24,12,2,False
2025-12-24 22:00:00,Kosovo,Kosovo,XK,533.27,584.42,27.62,24.15,22,24,12,2,False
2025-12-24 23:00:00,Kosovo,Kosovo,XK,573.44,625.91,23.35,18.75,23,24,12,2,False
2025-12-25 00:00:00,Kosovo,Kosovo,XK,618.35,674.01,17.39,12.51,0,25,12,3,False
2025-12-25 01:00:00,Kosovo,Kosovo,XK,615.23,670.8,17.71,12.89,1,25,12,3,False
2025-12-25 02:00:00,Kosovo,Kosovo,XK,625.11,681.0,16.43,12.31,2,25,12,3,False
2025-12-25 03:00:00,Kosovo,Kosovo,XK,631.12,687.32,15.61,11.82,3,25,12,3,False
2025-12-25 04:00:00,Kosovo,Kosovo,XK,647.28,704.23,13.5,10.18,4,25,12,3,False
2025-12-25 05:00:00,Kosovo,Kosovo,XK,632.25,688.58,15.41,11.88,5,25,12,3,False
2025-12-25 06:00:00,Kosovo,Kosovo,XK,588.99,641.95,21.25,18.23,6,25,12,3,False
2025-12-25 07:00:00,Kosovo,Kosovo,XK,522.99,571.92,29.68,27.24,7,25,12,3,False
2025-12-25 08:00:00,Kosovo,Kosovo,XK,465.28,512.1,36.39,34.67,8,25,12,3,False
2025-12-25 09:00:00,Kosovo,Kosovo,XK,457.38,503.73,37.6,35.62,9,25,12,3,False
2025-12-25 10:00:00,Kosovo,Kosovo,XK,462.65,508.93,37.21,34.97,10,25,12,3,False
2025-12-25 11:00:00,Kosovo,Kosovo,XK,455.52,501.76,37.87,36.07,11,25,12,3,False
2025-12-25 12:00:00,Kosovo,Kosovo,XK,465.12,511.4,36.89,34.95,12,25,12,3,False
2025-12-25 13:00:00,Kosovo,Kosovo,XK,473.33,519.39,36.1,34.35,13,25,12,3,False
2025-12-25 14:00:00,Kosovo,Kosovo,XK,463.8,509.63,36.84,35.55,14,25,12,3,False
2025-12-25 15:00:00,Kosovo,Kosovo,XK,457.68,501.37,38.59,37.28,15,25,12,3,False
2025-12-25 16:00:00,Kosovo,Kosovo,XK,465.58,509.51,37.79,36.19,16,25,12,3,False
2025-12-25 17:00:00,Kosovo,Kosovo,XK,482.36,527.36,35.57,33.92,17,25,12,3,False
2025-12-25 18:00:00,Kosovo,Kosovo,XK,487.42,533.49,34.65,32.49,18,25,12,3,False
2025-12-25 19:00:00,Kosovo,Kosovo,XK,486.87,533.44,34.56,31.98,19,25,12,3,False
2025-12-25 20:00:00,Kosovo,Kosovo,XK,495.84,543.5,33.24,30.05,20,25,12,3,False
2025-12-25 21:00:00,Kosovo,Kosovo,XK,478.32,524.77,35.54,32.29,21,25,12,3,False
2025-12-25 22:00:00,Kosovo,Kosovo,XK,490.7,538.67,33.44,30.06,22,25,12,3,False
2025-12-25 23:00:00,Kosovo,Kosovo,XK,527.1,579.11,27.76,23.99,23,25,12,3,False
2025-12-26 00:00:00,Kosovo,Kosovo,XK,565.81,619.71,23.17,18.96,0,26,12,4,False
2025-12-26 01:00:00,Kosovo,Kosovo,XK,589.68,644.27,20.47,16.51,1,26,12,4,False
2025-12-26 02:00:00,Kosovo,Kosovo,XK,611.18,667.32,17.34,14.09,2,26,12,4,False
2025-12-26 03:00:00,Kosovo,Kosovo,XK,622.68,679.37,15.88,12.85,3,26,12,4,False
2025-12-26 04:00:00,Kosovo,Kosovo,XK,624.97,683.02,14.85,11.77,4,26,12,4,False
2025-12-26 05:00:00,Kosovo,Kosovo,XK,587.16,642.27,20.25,16.87,5,26,12,4,False
2025-12-26 06:00:00,Kosovo,Kosovo,XK,523.41,574.3,28.33,26.22,6,26,12,4,False
2025-12-26 07:00:00,Kosovo,Kosovo,XK,489.39,540.74,31.44,29.3,7,26,12,4,False
2025-12-26 08:00:00,Kosovo,Kosovo,XK,478.49,530.33,32.55,29.91,8,26,12,4,False
2025-12-26 09:00:00,Kosovo,Kosovo,XK,468.69,520.77,33.48,30.86,9,26,12,4,False
2025-12-26 10:00:00,Kosovo,Kosovo,XK,461.91,513.38,34.56,32.03,10,26,12,4,False
2025-12-26 11:00:00,Kosovo,Kosovo,XK,475.29,526.42,33.47,30.67,11,26,12,4,False
2025-12-26 12:00:00,Kosovo,Kosovo,XK,481.85,533.76,32.21,29.92,12,26,12,4,False
2025-12-26 13:00:00,Kosovo,Kosovo,XK,538.31,591.61,25.54,24.18,13,26,12,4,False
2025-12-26 14:00:00,Kosovo,Kosovo,XK,532.9,586.69,25.53,24.99,14,26,12,4,False
2025-12-26 15:00:00,Kosovo,Kosovo,XK,525.94,579.38,26.26,25.59,15,26,12,4,False
2025-12-26 16:00:00,Kosovo,Kosovo,XK,543.69,594.55,26.0,25.03,16,26,12,4,False
2025-12-26 17:00:00,Kosovo,Kosovo,XK,553.19,604.54,24.8,23.81,17,26,12,4,False
2025-12-26 18:00:00,Kosovo,Kosovo,XK,573.59,624.29,23.48,22.12,18,26,12,4,False
2025-12-26 19:00:00,Kosovo,Kosovo,XK,588.96,640.95,21.38,19.56,19,26,12,4,False
2025-12-26 20:00:00,Kosovo,Kosovo,XK,600.89,653.74,19.65,17.75,20,26,12,4,False
2025-12-26 21:00:00,Kosovo,Kosovo,XK,569.8,624.18,21.49,20.0,21,26,12,4,False
2025-12-26 22:00:00,Kosovo,Kosovo,XK,587.57,643.14,19.32,17.34,22,26,12,4,False
2025-12-26 23:00:00,Kosovo,Kosovo,XK,634.52,691.79,14.3,11.01,23,26,12,4,False
2025-12-27 00:00:00,Kosovo,Kosovo,XK,671.35,731.43,9.16,6.12,0,27,12,5,False
2025-12-27 01:00:00,Kosovo,Kosovo,XK,684.8,744.67,7.93,5.32,1,27,12,5,False
2025-12-27 02:00:00,Kosovo,Kosovo,XK,699.58,759.44,6.44,4.33,2,27,12,5,False
2025-12-27 03:00:00,Kosovo,Kosovo,XK,711.21,770.82,5.39,3.72,3,27,12,5,False
2025-12-27 04:00:00,Kosovo,Kosovo,XK,710.2,769.49,5.71,3.96,4,27,12,5,False
2025-12-27 05:00:00,Kosovo,Kosovo,XK,698.94,757.92,7.01,5.1,5,27,12,5,False
2025-12-27 06:00:00,Kosovo,Kosovo,XK,692.25,750.94,7.52,6.44,6,27,12,5,False
2025-12-27 07:00:00,Kosovo,Kosovo,XK,540.38,594.22,25.01,24.36,7,27,12,5,False
2025-12-27 08:00:00,Kosovo,Kosovo,XK,498.11,549.1,31.29,30.18,8,27,12,5,False
2025-12-27 09:00:00,Kosovo,Kosovo,XK,492.92,543.62,32.22,31.12,9,27,12,5,False
2025-12-27 10:00:00,Kosovo,Kosovo,XK,516.77,568.36,29.27,28.34,10,27,12,5,False
2025-12-27 11:00:00,Kosovo,Kosovo,XK,530.26,582.75,27.41,26.42,11,27,12,5,False
2025-12-27 12:00:00,Kosovo,Kosovo,XK,538.1,591.01,26.18,25.37,12,27,12,5,False
2025-12-27 13:00:00,Kosovo,Kosovo,XK,552.26,605.77,24.04,23.91,13,27,12,5,False
2025-12-27 14:00:00,Kosovo,Kosovo,XK,568.75,620.98,22.77,22.64,14,27,12,5,False
2025-12-27 15:00:00,Kosovo,Kosovo,XK,553.9,603.99,25.24,25.04,15,27,12,5,False
2025-12-27 16:00:00,Kosovo,Kosovo,XK,556.91,606.84,25.11,24.53,16,27,12,5,False
2025-12-27 17:00:00,Kosovo,Kosovo,XK,572.39,622.04,23.93,23.19,17,27,12,5,False
2025-12-27 18:00:00,Kosovo,Kosovo,XK,583.12,633.33,22.76,21.69,18,27,12,5,False
2025-12-27 19:00:00,Kosovo,Kosovo,XK,575.44,625.8,23.46,22.12,19,27,12,5,False
2025-12-27 20:00:00,Kosovo,Kosovo,XK,599.58,652.09,20.24,17.98,20,27,12,5,False
2025-12-27 21:00:00,Kosovo,Kosovo,XK,605.45,658.49,19.45,16.92,21,27,12,5,False
2025-12-27 22:00:00,Kosovo,Kosovo,XK,618.22,672.86,17.3,14.44,22,27,12,5,False
2025-12-27 23:00:00,Kosovo,Kosovo,XK,654.26,711.91,12.24,8.92,23,27,12,5,False
2025-12-28 00:00:00,Kosovo,Kosovo,XK,680.24,738.31,9.58,6.34,0,28,12,6,False
2025-12-28 01:00:00,Kosovo,Kosovo,XK,689.33,747.55,8.48,5.91,1,28,12,6,False
2025-12-28 02:00:00,Kosovo,Kosovo,XK,694.46,752.92,7.73,5.67,2,28,12,6,False
2025-12-28 03:00:00,Kosovo,Kosovo,XK,695.64,754.6,7.25,5.42,3,28,12,6,False
2025-12-28 04:00:00,Kosovo,Kosovo,XK,701.67,760.21,6.86,5.36,4,28,12,6,False
2025-12-28 05:00:00,Kosovo,Kosovo,XK,707.11,765.62,6.33,5.09,5,28,12,6,False
2025-12-28 06:00:00,Kosovo,Kosovo,XK,656.83,716.04,10.49,9.76,6,28,12,6,False
2025-12-28 07:00:00,Kosovo,Kosovo,XK,548.88,603.7,23.83,23.54,7,28,12,6,False
2025-12-28 08:00:00,Kosovo,Kosovo,XK,527.79,579.85,27.86,27.23,8,28,12,6,False
2025-12-28 09:00:00,Kosovo,Kosovo,XK,511.79,563.18,29.94,29.3,9,28,12,6,False
2025-12-28 10:00:00,Kosovo,Kosovo,XK,516.33,568.02,29.26,29.0,10,28,12,6,False
2025-12-28 11:00:00,Kosovo,Kosovo,XK,528.92,581.44,27.57,27.3,11,28,12,6,False
2025-12-28 12:00:00,Kosovo,Kosovo,XK,543.54,596.58,25.72,25.36,12,28,12,6,False
2025-12-28 13:00:00,Kosovo,Kosovo,XK,570.29,624.64,22.0,21.73,13,28,12,6,False
2025-12-28 14:00:00,Kosovo,Kosovo,XK,611.59,667.4,16.66,16.42,14,28,12,6,False
2025-12-28 15:00:00,Kosovo,Kosovo,XK,589.8,642.88,20.21,19.83,15,28,12,6,False
2025-12-28 16:00:00,Kosovo,Kosovo,XK,579.32,633.24,20.66,20.12,16,28,12,6,False
2025-12-28 17:00:00,Kosovo,Kosovo,XK,577.54,631.77,20.55,19.96,17,28,12,6,False
2025-12-28 18:00:00,Kosovo,Kosovo,XK,594.25,648.3,19.08,18.6,18,28,12,6,False
2025-12-28 19:00:00,Kosovo,Kosovo,XK,585.76,639.18,20.25,19.86,19,28,12,6,False
2025-12-28 20:00:00,Kosovo,Kosovo,XK,592.17,647.28,18.71,18.09,20,28,12,6,False
2025-12-28 21:00:00,Kosovo,Kosovo,XK,572.91,629.34,19.73,18.86,21,28,12,6,False
2025-12-28 22:00:00,Kosovo,Kosovo,XK,581.75,639.13,18.64,17.41,22,28,12,6,False
2025-12-28 23:00:00,Kosovo,Kosovo,XK,618.06,678.96,13.21,11.87,23,28,12,6,False
2025-12-29 00:00:00,Kosovo,Kosovo,XK,648.65,710.53,9.72,8.55,0,29,12,0,False
2025-12-29 01:00:00,Kosovo,Kosovo,XK,663.39,726.24,7.68,6.85,1,29,12,0,False
2025-12-29 02:00:00,Kosovo,Kosovo,XK,676.46,737.83,7.37,6.36,2,29,12,0,False
2025-12-29 03:00:00,Kosovo,Kosovo,XK,672.28,733.15,8.16,6.73,3,29,12,0,False
2025-12-29 04:00:00,Kosovo,Kosovo,XK,712.07,771.61,5.18,3.94,4,29,12,0,False
2025-12-29 05:00:00,Kosovo,Kosovo,XK,688.34,746.16,8.64,6.98,5,29,12,0,False
2025-12-29 06:00:00,Kosovo,Kosovo,XK,674.91,732.73,9.61,8.68,6,29,12,0,False
2025-12-29 07:00:00,Kosovo,Kosovo,XK,553.35,611.19,21.59,20.81,7,29,12,0,False
2025-12-29 08:00:00,Kosovo,Kosovo,XK,518.43,573.47,27.06,26.12,8,29,12,0,False
2025-12-29 09:00:00,Kosovo,Kosovo,XK,511.07,564.95,28.75,27.52,9,29,12,0,False
2025-12-29 10:00:00,Kosovo,Kosovo,XK,512.84,566.13,29.02,27.58,10,29,12,0,False
2025-12-29 11:00:00,Kosovo,Kosovo,XK,538.81,594.23,25.3,23.69,11,29,12,0,False
2025-12-29 12:00:00,Kosovo,Kosovo,XK,578.83,635.46,20.38,18.97,12,29,12,0,False
2025-12-29 13:00:00,Kosovo,Kosovo,XK,643.63,698.97,14.33,13.2,13,29,12,0,False
2025-12-29 14:00:00,Kosovo,Kosovo,XK,588.85,640.46,21.49,20.71,14,29,12,0,False
2025-12-29 15:00:00,Kosovo,Kosovo,XK,543.46,594.03,26.33,25.7,15,29,12,0,False
2025-12-29 16:00:00,Kosovo,Kosovo,XK,534.37,583.66,27.8,27.17,16,29,12,0,False
2025-12-29 17:00:00,Kosovo,Kosovo,XK,526.15,575.23,28.78,28.01,17,29,12,0,False
2025-12-29 18:00:00,Kosovo,Kosovo,XK,539.53,587.77,27.97,27.08,18,29,12,0,False
2025-12-29 19:00:00,Kosovo,Kosovo,XK,571.74,622.15,23.76,22.59,19,29,12,0,False
2025-12-29 20:00:00,Kosovo,Kosovo,XK,584.94,636.54,21.84,20.57,20,29,12,0,False
2025-12-29 21:00:00,Kosovo,Kosovo,XK,574.23,625.45,23.1,21.6,21,29,12,0,False
2025-12-29 22:00:00,Kosovo,Kosovo,XK,594.97,648.33,20.08,17.98,22,29,12,0,False
2025-12-29 23:00:00,Kosovo,Kosovo,XK,640.94,697.93,13.82,11.08,23,29,12,0,False
2025-12-30 00:00:00,Kosovo,Kosovo,XK,673.7,731.62,10.29,7.5,0,30,12,1,False
2025-12-30 01:00:00,Kosovo,Kosovo,XK,699.37,758.23,7.12,5.08,1,30,12,1,False
2025-12-30 02:00:00,Kosovo,Kosovo,XK,699.32,758.09,7.14,5.17,2,30,12,1,False
2025-12-30 03:00:00,Kosovo,Kosovo,XK,703.89,762.71,6.62,4.87,3,30,12,1,False
2025-12-30 04:00:00,Kosovo,Kosovo,XK,710.73,769.67,5.81,4.38,4,30,12,1,False
2025-12-30 05:00:00,Kosovo,Kosovo,XK,676.74,733.33,10.21,9.32,5,30,12,1,False
2025-12-30 06:00:00,Kosovo,Kosovo,XK,641.72,696.75,14.29,13.74,6,30,12,1,False
2025-12-30 07:00:00,Kosovo,Kosovo,XK,555.52,610.38,22.8,22.4,7,30,12,1,False
2025-12-30 08:00:00,Kosovo,Kosovo,XK,520.37,572.8,28.04,27.32,8,30,12,1,False
2025-12-30 09:00:00,Kosovo,Kosovo,XK,519.68,571.88,28.41,27.61,9,30,12,1,False
2025-12-30 10:00:00,Kosovo,Kosovo,XK,525.35,578.21,27.55,26.54,10,30,12,1,False
2025-12-30 11:00:00,Kosovo,Kosovo,XK,530.82,584.43,26.44,25.84,11,30,12,1,False
2025-12-30 12:00:00,Kosovo,Kosovo,XK,558.2,611.59,23.65,23.19,12,30,12,1,False
2025-12-30 13:00:00,Kosovo,Kosovo,XK,566.63,618.2,23.63,23.34,13,30,12,1,False
2025-12-30 14:00:00,Kosovo,Kosovo,XK,514.34,561.14,31.2,30.95,14,30,12,1,False
2025-12-30 15:00:00,Kosovo,Kosovo,XK,484.84,530.63,34.59,34.31,15,30,12,1,False
2025-12-30 16:00:00,Kosovo,Kosovo,XK,487.81,533.49,34.23,34.01,16,30,12,1,False
2025-12-30 17:00:00,Kosovo,Kosovo,XK,489.33,534.42,34.43,34.07,17,30,12,1,False
2025-12-30 18:00:00,Kosovo,Kosovo,XK,493.0,537.53,34.38,33.9,18,30,12,1,False
2025-12-30 19:00:00,Kosovo,Kosovo,XK,522.01,568.58,30.5,29.85,19,30,12,1,False
2025-12-30 20:00:00,Kosovo,Kosovo,XK,543.22,591.77,27.41,26.53,20,30,12,1,False
2025-12-30 21:00:00,Kosovo,Kosovo,XK,546.86,596.08,26.83,25.51,21,30,12,1,False
2025-12-30 22:00:00,Kosovo,Kosovo,XK,561.14,613.36,23.77,22.38,22,30,12,1,False
2025-12-30 23:00:00,Kosovo,Kosovo,XK,581.52,634.59,21.39,19.72,23,30,12,1,False
2025-12-31 00:00:00,Kosovo,Kosovo,XK,635.36,690.65,15.14,13.21,0,31,12,2,False
2025-12-31 01:00:00,Kosovo,Kosovo,XK,674.92,731.71,10.45,8.9,1,31,12,2,False
2025-12-31 02:00:00,Kosovo,Kosovo,XK,678.81,735.88,9.92,8.43,2,31,12,2,False
2025-12-31 03:00:00,Kosovo,Kosovo,XK,678.23,735.38,9.97,8.39,3,31,12,2,False
2025-12-31 04:00:00,Kosovo,Kosovo,XK,674.13,731.3,10.41,8.6,4,31,12,2,False
2025-12-31 05:00:00,Kosovo,Kosovo,XK,664.78,721.24,11.65,9.93,5,31,12,2,False
2025-12-31 06:00:00,Kosovo,Kosovo,XK,655.77,710.88,13.11,11.89,6,31,12,2,False
2025-12-31 07:00:00,Kosovo,Kosovo,XK,574.13,627.88,21.64,20.15,7,31,12,2,False
2025-12-31 08:00:00,Kosovo,Kosovo,XK,526.05,578.92,27.0,25.31,8,31,12,2,False
2025-12-31 09:00:00,Kosovo,Kosovo,XK,526.04,578.28,27.6,25.7,9,31,12,2,False
2025-12-31 10:00:00,Kosovo,Kosovo,XK,540.3,593.61,25.61,23.84,10,31,12,2,False
2025-12-31 11:00:00,Kosovo,Kosovo,XK,555.26,608.54,24.05,22.78,11,31,12,2,False
2025-12-31 12:00:00,Kosovo,Kosovo,XK,567.77,620.46,23.01,22.14,12,31,12,2,False
2025-12-31 13:00:00,Kosovo,Kosovo,XK,543.82,593.72,26.79,26.35,13,31,12,2,False
2025-12-31 14:00:00,Kosovo,Kosovo,XK,511.45,557.0,32.33,31.67,14,31,12,2,False
2025-12-31 15:00:00,Kosovo,Kosovo,XK,484.55,529.35,35.14,34.71,15,31,12,2,False
2025-12-31 16:00:00,Kosovo,Kosovo,XK,492.08,537.02,34.2,33.72,16,31,12,2,False
2025-12-31 17:00:00,Kosovo,Kosovo,XK,506.92,553.04,32.09,31.46,17,31,12,2,False
2025-12-31 18:00:00,Kosovo,Kosovo,XK,515.45,561.92,31.07,30.36,18,31,12,2,False
2025-12-31 19:00:00,Kosovo,Kosovo,XK,561.09,609.44,25.64,24.71,19,31,12,2,False
2025-12-31 20:00:00,Kosovo,Kosovo,XK,604.28,656.04,19.8,18.43,20,31,12,2,False
2025-12-31 21:00:00,Kosovo,Kosovo,XK,597.68,648.91,20.79,19.65,21,31,12,2,False
2025-12-31 22:00:00,Kosovo,Kosovo,XK,600.28,652.4,20.1,18.69,22,31,12,2,False
2025-12-31 23:00:00,Kosovo,Kosovo,XK,572.29,624.78,22.34,21.39,23,31,12,2,False
